Status;Carta-Consulta;Modalidade;UF;Município;Agente Financeiro;Proponente;Empreendimento;Valor de Contrapartida (R$);Valor de Empréstimo (R$);Valor de Investimento (R$)
Enquadrada pelo Gestor da Aplicação;3924.4.0702/2019;Estudos e Projetos;PR;Cascavel;Caixa Econômica Federal;Prefeitura Municipal de Cascavel;Estudos e Projetos do Prefeitura Municipal de Cascavel;R$ 75.000,00;R$ 1.425.000,00;R$ 1.500.000,00
Enquadrada pelo Gestor da Aplicação;4052.23.1007/2019;Qualificação Viária;SP;Limeira;Caixa Econômica Federal;Prefeitura Municipal de Limeira;Qualificação Viária do Prefeitura Municipal de Limeira;R$ 2.233.325,32;R$ 42.433.181,00;R$ 44.666.506,32
Enquadrada pelo Gestor da Aplicação;3851.4.2111/2018;Estudos e Projetos;SP;Mogi das Cruzes;Caixa Econômica Federal;Prefeitura Municipal de Mogi das Cruzes;Estudos e Projetos do Prefeitura Municipal de Mogi das Cruzes;R$ 25.000,00;R$ 475.000,00;R$ 500.000,00
Selecionada pelo gestor da aplicação;3960.23.0104/2019;Qualificação Viária;PA;Belém;Caixa Econômica Federal;Prefeitura Municipal de Belém;Qualificação Viária do Prefeitura Municipal de Belém;R$ 7.367.519,74;R$ 139.982.875,03;R$ 147.350.394,77
Enquadrada pelo Gestor da Aplicação;4056.3.1007/2019;Transporte Não Motorizado;SP;Limeira;Caixa Econômica Federal;Prefeitura Municipal de Limeira;Transporte Não Motorizado do Prefeitura Municipal de Limeira;R$ 266.405,11;R$ 5.061.696,97;R$ 5.328.102,08
Selecionada pelo gestor da aplicação;1470.5.0201/2018;Plano de Mobilidade Urbana;PE;Jaboatão dos Guararapes;Caixa Econômica Federal;Prefeitura Municipal de Jaboatão dos Guararapes;Plano de Mobilidade Urbana do Prefeitura Municipal de Jaboatão dos Guararapes;R$ 85.127,07;R$ 1.617.414,32;R$ 1.702.541,39
Selecionada pelo gestor da aplicação;3573.2.1802/2019;Qualificação Viária;PR;Curitiba;Caixa Econômica Federal;Prefeitura Municipal de Curitiba;Qualificação Viária do Prefeitura Municipal de Curitiba;R$ 450.000,00;R$ 8.550.000,00;R$ 9.000.000,00
Enquadrada pelo Gestor da Aplicação;4121.2.1812/2019;Qualificação Viária;MG;Belo Horizonte;Caixa Econômica Federal;Prefeitura Municipal de Belo Horizonte;Qualificação Viária do Prefeitura Municipal de Belo Horizonte;R$ 4.211.250,00;R$ 80.013.750,00;R$ 84.225.000,00
Pré-selecionada pelo Gestor da Aplicação;4079.5.0209/2019;Plano de Mobilidade Urbana;BA;Vitória da Conquista;Caixa Econômica Federal;Prefeitura Municipal de Vitória da Conquista;Plano de Mobilidade Urbana do Prefeitura Municipal de Vitória da Conquista;R$ 252.797,45;R$ 4.803.151,38;R$ 5.055.948,83
Selecionada pelo gestor da aplicação;1053.234.1311/2017;Qualificação Viária;MG;Contagem;Caixa Econômica Federal;Prefeitura Municipal de Contagem;Qualificação Viária do Prefeitura Municipal de Contagem;R$ 48.216.316,19;R$ 100.000.000,00;R$ 148.216.316,19
Devolvida ao Proponente;4010.2.1405/2019;Qualificação Viária;RJ;Volta Redonda;Caixa Econômica Federal;Prefeitura Municipal de Volta Redonda;Qualificação Viária do Prefeitura Municipal de Volta Redonda;R$ 2.500.000,00;R$ 47.500.000,00;R$ 50.000.000,00
Enquadrada pelo Gestor da Aplicação;3520.4.1906/2018;Estudos e Projetos;PR;Curitiba;Caixa Econômica Federal;Prefeitura Municipal de Curitiba;Estudos e Projetos do Prefeitura Municipal de Curitiba;R$ 116.250,00;R$ 2.208.750,00;R$ 2.325.000,00
Selecionada pelo gestor da aplicação;1627.2.2702/2018;Qualificação Viária;PE;Petrolina;Caixa Econômica Federal;Prefeitura Municipal de Petrolina;Qualificação Viária do Prefeitura Municipal de Petrolina;R$ 880.821,82;R$ 16.735.614,57;R$ 17.616.436,39
Enquadrada pelo Gestor da Aplicação;3211.245.1004/2018;Qualificação Viária;PR;São José dos Pinhais;Caixa Econômica Federal;Prefeitura Municipal de São José dos Pinhais;Qualificação Viária do Prefeitura Municipal de São José dos Pinhais;R$ 1.735.657,46;R$ 32.977.491,71;R$ 34.713.149,17
Enquadrada pelo Gestor da Aplicação;3319.4.0405/2018;Estudos e Projetos;BA;Salvador;Caixa Econômica Federal;Prefeitura Municipal de Salvador;Estudos e Projetos do Prefeitura Municipal de Salvador;R$ 255.000,00;R$ 4.845.000,00;R$ 5.100.000,00
Enquadrada pelo Gestor da Aplicação;1590.2.2501/2018;Qualificação Viária;PA;Belém;Caixa Econômica Federal;Prefeitura Municipal de Belém;Qualificação Viária do Prefeitura Municipal de Belém;R$ 2.042.219,22;R$ 38.802.165,10;R$ 40.844.384,32
Selecionada pelo gestor da aplicação;4007.2.1405/2019;Qualificação Viária;MS;Campo Grande;Caixa Econômica Federal;Prefeitura Municipal de Campo Grande;Qualificação Viária do Prefeitura Municipal de Campo Grande;R$ 3.925.399,25;R$ 74.582.585,64;R$ 78.507.984,89
Enquadrada pelo Gestor da Aplicação;1533.5.1101/2018;Plano de Mobilidade Urbana;MG;Uberaba;Caixa Econômica Federal;Prefeitura Municipal de Uberaba;Plano de Mobilidade Urbana do Prefeitura Municipal de Uberaba;R$ 148.344,50;R$ 2.818.545,50;R$ 2.966.890,00
Enquadrada pelo Gestor da Aplicação;4110.3.1411/2019;Transporte Não Motorizado;MA;São Luís;Caixa Econômica Federal;Prefeitura Municipal de São Luís;Transporte Não Motorizado do Prefeitura Municipal de São Luís;R$ 750.599,96;R$ 14.261.399,12;R$ 15.011.999,08
Selecionada pelo gestor da aplicação;2992.5.0805/2018;Plano de Mobilidade Urbana;RS;Porto Alegre;Caixa Econômica Federal;Prefeitura Municipal de Porto Alegre;Plano de Mobilidade Urbana do Prefeitura Municipal de Porto Alegre;R$ 200.000,00;R$ 3.800.000,00;R$ 4.000.000,00
Enquadrada pelo Gestor da Aplicação;4108.5.0511/2019;Plano de Mobilidade Urbana;MT;Cuiabá;Caixa Econômica Federal;Prefeitura Municipal de Cuiabá;Plano de Mobilidade Urbana do Prefeitura Municipal de Cuiabá;R$ 154.776,47;R$ 2.940.752,80;R$ 3.095.529,27
Selecionada pelo gestor da aplicação;1611.3.3001/2018;Transporte Não Motorizado;RS;Porto Alegre;Caixa Econômica Federal;Prefeitura Municipal de Porto Alegre;Transporte Não Motorizado do Prefeitura Municipal de Porto Alegre;R$ 297.750,89;R$ 5.657.266,84;R$ 5.955.017,73
Selecionada pelo gestor da aplicação;1464.4.2912/2017;Estudos e Projetos;RS;Santa Maria;Caixa Econômica Federal;Prefeitura Municipal de Santa Maria;Estudos e Projetos do Prefeitura Municipal de Santa Maria;R$ 62.500,00;R$ 1.187.500,00;R$ 1.250.000,00
Enquadrada pelo Gestor da Aplicação;3356.5.2905/2018;Plano de Mobilidade Urbana;RJ;Petrópolis;Caixa Econômica Federal;Prefeitura Municipal de Petrópolis;Plano de Mobilidade Urbana do Prefeitura Municipal de Petrópolis;R$ 54.625,00;R$ 1.037.875,00;R$ 1.092.500,00
Enquadrada pelo Gestor da Aplicação;3312.5.0705/2018;Plano de Mobilidade Urbana;PR;São José dos Pinhais;Caixa Econômica Federal;Prefeitura Municipal de São José dos Pinhais;Plano de Mobilidade Urbana do Prefeitura Municipal de São José dos Pinhais;R$ 150.000,00;R$ 2.850.000,00;R$ 3.000.000,00
Selecionada pelo gestor da aplicação;3182.4.2205/2018;Estudos e Projetos;PR;Curitiba;Caixa Econômica Federal;Prefeitura Municipal de Curitiba;Estudos e Projetos do Prefeitura Municipal de Curitiba;R$ 64.000,00;R$ 1.216.000,00;R$ 1.280.000,00
Enquadrada pelo Gestor da Aplicação;4077.4.0111/2019;Estudos e Projetos;CE;;Caixa Econômica Federal;GOVERNO DO ESTADO DO CEARA;Estudos e Projetos do GOVERNO DO ESTADO DO CEARA;R$ 341.766,75;R$ 6.493.568,22;R$ 6.835.334,97
Selecionada pelo gestor da aplicação;3796.2.1311/2018;Qualificação Viária;SP;São Paulo;Caixa Econômica Federal;Prefeitura Municipal de São Paulo;Qualificação Viária do Prefeitura Municipal de São Paulo;R$ 10.526.000,00;R$ 199.994.000,00;R$ 210.520.000,00
Enquadrada pelo Gestor da Aplicação;3928.4.0702/2019;Estudos e Projetos;PR;São José dos Pinhais;Caixa Econômica Federal;Prefeitura Municipal de São José dos Pinhais;Estudos e Projetos do Prefeitura Municipal de São José dos Pinhais;R$ 42.850,00;R$ 814.150,00;R$ 857.000,00
Enquadrada pelo Gestor da Aplicação;3177.3.1903/2018;Transporte Não Motorizado;PI;Teresina;Caixa Econômica Federal;Prefeitura Municipal de Teresina;Transporte Não Motorizado do Prefeitura Municipal de Teresina;R$ 1.524.243,25;R$ 28.960.621,55;R$ 30.484.864,80
Enquadrada pelo Gestor da Aplicação;4038.4.0107/2019;Estudos e Projetos;PR;São José dos Pinhais;Caixa Econômica Federal;Prefeitura Municipal de São José dos Pinhais;Estudos e Projetos do Prefeitura Municipal de São José dos Pinhais;R$ 48.500,00;R$ 921.500,00;R$ 970.000,00
Enquadrada pelo Gestor da Aplicação;3843.24.2011/2018;Qualificação Viária;SP;Mogi das Cruzes;Caixa Econômica Federal;Prefeitura Municipal de Mogi das Cruzes;Qualificação Viária do Prefeitura Municipal de Mogi das Cruzes;R$ 338.000,00;R$ 6.422.000,00;R$ 6.760.000,00
Enquadrada pelo Gestor da Aplicação;1620.4.3101/2018;Estudos e Projetos;RS;Porto Alegre;Caixa Econômica Federal;Prefeitura Municipal de Porto Alegre;Estudos e Projetos do Prefeitura Municipal de Porto Alegre;R$ 36.000,00;R$ 684.000,00;R$ 720.000,00
Selecionada pelo gestor da aplicação;4138.2.1505/2020;Qualificação Viária;SP;São Bernardo do Campo;Caixa Econômica Federal;Prefeitura Municipal de São Bernardo do Campo;Qualificação Viária do Prefeitura Municipal de São Bernardo do Campo;R$ 12.753.060,94;R$ 100.000.000,00;R$ 112.753.060,94
Enquadrada pelo Gestor da Aplicação;3998.4.0305/2019;Estudos e Projetos;PR;Curitiba;Caixa Econômica Federal;Prefeitura Municipal de Curitiba;Estudos e Projetos do Prefeitura Municipal de Curitiba;R$ 137.500,00;R$ 2.612.500,00;R$ 2.750.000,00
Selecionada pelo gestor da aplicação;1397.2.2212/2017;Qualificação Viária;ES;Serra;Caixa Econômica Federal;Prefeitura Municipal de Serra;Qualificação Viária do Prefeitura Municipal de Serra;R$ 2.445.245,79;R$ 46.459.669,95;R$ 48.904.915,74
Selecionada pelo gestor da aplicação;3484.4.1306/2018;Estudos e Projetos;PR;Curitiba;Caixa Econômica Federal;Prefeitura Municipal de Curitiba;Estudos e Projetos do Prefeitura Municipal de Curitiba;R$ 27.500,00;R$ 522.500,00;R$ 550.000,00
Enquadrada pelo Gestor da Aplicação;4006.5.0705/2019;Plano de Mobilidade Urbana;RJ;São João de Meriti;Caixa Econômica Federal;Prefeitura Municipal de São João de Meriti;Plano de Mobilidade Urbana do Prefeitura Municipal de São João de Meriti;R$ 26.800,00;R$ 509.200,00;R$ 536.000,00
Enquadrada pelo Gestor da Aplicação;1528.5.1101/2018;Plano de Mobilidade Urbana;PI;Teresina;Caixa Econômica Federal;Prefeitura Municipal de Teresina;Plano de Mobilidade Urbana do Prefeitura Municipal de Teresina;R$ 142.161,98;R$ 2.701.077,61;R$ 2.843.239,59
Não enquadrada pelo Gestor da Aplicação;3130.2.1004/2018;Qualificação Viária;PB;Campina Grande;Caixa Econômica Federal;Prefeitura Municipal de Campina Grande;Qualificação Viária do Prefeitura Municipal de Campina Grande;R$ 2.500.000,00;R$ 47.500.000,00;R$ 50.000.000,00
Enquadrada pelo Gestor da Aplicação;4144.2.0909/2020;Qualificação Viária;RS;Porto Alegre;Caixa Econômica Federal;Prefeitura Municipal de Porto Alegre;Qualificação Viária do Prefeitura Municipal de Porto Alegre;R$ 2.041.176,47;R$ 38.782.352,94;R$ 40.823.529,41
Enquadrada pelo Gestor da Aplicação;3176.2.2303/2018;Qualificação Viária;MA;São Luís;Caixa Econômica Federal;Prefeitura Municipal de São Luís;Qualificação Viária do Prefeitura Municipal de São Luís;R$ 9.953.907,40;R$ 189.124.240,47;R$ 199.078.147,87
Enquadrada pelo Gestor da Aplicação;4039.2.2806/2019;Qualificação Viária;CE;Fortaleza;Caixa Econômica Federal;Prefeitura Municipal de Fortaleza;Qualificação Viária do Prefeitura Municipal de Fortaleza;R$ 3.000.000,00;R$ 57.000.000,00;R$ 60.000.000,00
Enquadrada pelo Gestor da Aplicação;3760.2.2109/2018;Qualificação Viária;BA;Salvador;Caixa Econômica Federal;Prefeitura Municipal de Salvador;Qualificação Viária do Prefeitura Municipal de Salvador;R$ 1.711.780,00;R$ 32.523.820,00;R$ 34.235.600,00
Enquadrada pelo Gestor da Aplicação;3739.4.1109/2018;Estudos e Projetos;PR;São José dos Pinhais;Caixa Econômica Federal;Prefeitura Municipal de São José dos Pinhais;Estudos e Projetos do Prefeitura Municipal de São José dos Pinhais;R$ 22.500,00;R$ 427.500,00;R$ 450.000,00
Enquadrada pelo Gestor da Aplicação;3855.4.2111/2018;Estudos e Projetos;SP;Mogi das Cruzes;Caixa Econômica Federal;Prefeitura Municipal de Mogi das Cruzes;Estudos e Projetos do Prefeitura Municipal de Mogi das Cruzes;R$ 78.000,00;R$ 1.482.000,00;R$ 1.560.000,00
Selecionada pelo gestor da aplicação;3495.5.1107/2018;Plano de Mobilidade Urbana;PR;Cascavel;Caixa Econômica Federal;Prefeitura Municipal de Cascavel;Plano de Mobilidade Urbana do Prefeitura Municipal de Cascavel;R$ 110.000,00;R$ 2.090.000,00;R$ 2.200.000,00
Devolvida ao Proponente;1603.2.2601/2018;Qualificação Viária;RS;Porto Alegre;Caixa Econômica Federal;Prefeitura Municipal de Porto Alegre;Qualificação Viária do Prefeitura Municipal de Porto Alegre;;R$ 77.836.816,48;
Devolvida ao Proponente;1389.2.2112/2017;Qualificação Viária;RS;Viamão;Caixa Econômica Federal;Prefeitura Municipal de Viamão;Qualificação Viária do Prefeitura Municipal de Viamão;R$ 1.780.000,00;R$ 33.336.987,63;R$ 35.116.987,63
Enquadrada pelo Gestor da Aplicação;1622.5.0602/2018;Plano de Mobilidade Urbana;RS;Gravataí;Caixa Econômica Federal;Prefeitura Municipal de Gravataí;Plano de Mobilidade Urbana do Prefeitura Municipal de Gravataí;R$ 40.000,00;R$ 760.000,00;R$ 800.000,00
Enquadrada pelo Gestor da Aplicação;1508.24.0901/2018;Qualificação Viária;PB;João Pessoa;Caixa Econômica Federal;Prefeitura Municipal de João Pessoa;Qualificação Viária do Prefeitura Municipal de João Pessoa;R$ 2.752.876,47;R$ 52.304.652,76;R$ 55.057.529,23
Selecionada pelo gestor da aplicação;3257.235.1505/2018;Qualificação Viária;PR;Cascavel;Caixa Econômica Federal;Prefeitura Municipal de Cascavel;Qualificação Viária do Prefeitura Municipal de Cascavel;R$ 1.615.000,00;R$ 30.685.000,00;R$ 32.300.000,00
Selecionada pelo gestor da aplicação;3257.235.1505/2018;Qualificação Viária;PR;Cascavel;Caixa Econômica Federal;Prefeitura Municipal de Cascavel;Qualificação Viária do Prefeitura Municipal de Cascavel;R$ 1.615.000,00;R$ 30.685.000,00;R$ 32.300.000,00
Selecionada pelo gestor da aplicação;3495.5.1107/2018;Plano de Mobilidade Urbana;PR;Cascavel;Caixa Econômica Federal;Prefeitura Municipal de Cascavel;Plano de Mobilidade Urbana do Prefeitura Municipal de Cascavel;R$ 110.000,00;R$ 2.090.000,00;R$ 2.200.000,00
Enquadrada pelo Gestor da Aplicação;3853.2.2111/2018;Qualificação Viária;SP;Mogi das Cruzes;Caixa Econômica Federal;Prefeitura Municipal de Mogi das Cruzes;Qualificação Viária do Prefeitura Municipal de Mogi das Cruzes;R$ 265.000,00;R$ 5.035.000,00;R$ 5.300.000,00
Selecionada pelo gestor da aplicação;3371.5.3005/2018;Plano de Mobilidade Urbana;ES;Serra;Caixa Econômica Federal;Prefeitura Municipal de Serra;Plano de Mobilidade Urbana do Prefeitura Municipal de Serra;R$ 179.754,22;R$ 3.415.330,04;R$ 3.595.084,26
Enquadrada pelo Gestor da Aplicação;4120.3.1812/2019;Transporte Não Motorizado;MG;Belo Horizonte;Caixa Econômica Federal;Prefeitura Municipal de Belo Horizonte;Transporte Não Motorizado do Prefeitura Municipal de Belo Horizonte;R$ 1.037.500,00;R$ 19.712.500,00;R$ 20.750.000,00
Não enquadrada pelo Gestor da Aplicação;4054.23.1007/2019;Qualificação Viária;SP;Limeira;Caixa Econômica Federal;Prefeitura Municipal de Limeira;Qualificação Viária do Prefeitura Municipal de Limeira;R$ 359.078,71;R$ 6.822.495,40;R$ 7.181.574,11
Não enquadrada pelo Gestor da Aplicação;4109.4.0511/2019;Estudos e Projetos;MT;Cuiabá;Caixa Econômica Federal;Prefeitura Municipal de Cuiabá;Estudos e Projetos do Prefeitura Municipal de Cuiabá;R$ 42.469,36;R$ 806.917,64;R$ 849.387,00
Não enquadrada pelo Gestor da Aplicação;4055.23.1007/2019;Qualificação Viária;SP;Limeira;Caixa Econômica Federal;Prefeitura Municipal de Limeira;Qualificação Viária do Prefeitura Municipal de Limeira;R$ 264.373,62;R$ 5.023.098,63;R$ 5.287.472,25
Não enquadrada pelo Gestor da Aplicação;4127.5.3101/2020;Plano de Mobilidade Urbana;SP;Guarujá;Caixa Econômica Federal;Prefeitura Municipal de Guarujá;Plano de Mobilidade Urbana do Prefeitura Municipal de Guarujá;R$ 743.004,89;R$ 14.117.092,79;R$ 14.860.097,68
Não enquadrada pelo Gestor da Aplicação;1486.2.0401/2018;Qualificação Viária;RJ;Belford Roxo;Caixa Econômica Federal;Prefeitura Municipal de Belford Roxo;Qualificação Viária do Prefeitura Municipal de Belford Roxo;R$ 350.000,00;R$ 6.650.000,00;R$ 7.000.000,00
Em análise de enquadramento;1352.2.1912/2017;Qualificação Viária;BA;Maragogipe;Agência de Fomento do Estado da Bahia – Desenbahia;Prefeitura Municipal de Maragogipe;Qualificação Viária do Prefeitura Municipal de Maragogipe;R$ 310.525,07;R$ 5.899.976,23;R$ 6.210.501,30
Pré-selecionada pelo Gestor da Aplicação;1272.2.1112/2017;Qualificação Viária;SC;Apiúna;Caixa Econômica Federal;Prefeitura Municipal de Apiúna;Qualificação Viária do Prefeitura Municipal de Apiúna;R$ 249.999,95;R$ 4.749.998,91;R$ 4.999.998,86
Em análise de enquadramento;3146.24.1303/2018;Qualificação Viária;SP;Vargem Grande Paulista;Caixa Econômica Federal;Prefeitura Municipal de Vargem Grande Paulista;Qualificação Viária do Prefeitura Municipal de Vargem Grande Paulista;R$ 673.200,00;R$ 12.790.800,00;R$ 13.464.000,00
Devolvida ao Proponente;3889.2.2712/2018;Qualificação Viária;RJ;Silva Jardim;Caixa Econômica Federal;Prefeitura Municipal de Silva Jardim;Qualificação Viária do Prefeitura Municipal de Silva Jardim;R$ 581.876,19;R$ 11.055.647,58;R$ 11.637.523,77
Em análise de enquadramento;759.2.0510/2017;Qualificação Viária;RS;Três de Maio;Caixa Econômica Federal;Prefeitura Municipal de Três de Maio;Qualificação Viária do Prefeitura Municipal de Três de Maio;R$ 500.429,00;R$ 9.508.151,00;R$ 10.008.580,00
Pré-selecionada pelo Gestor da Aplicação;1153.2.2411/2017;Qualificação Viária;SC;Laurentino;Caixa Econômica Federal;Prefeitura Municipal de Laurentino;Qualificação Viária do Prefeitura Municipal de Laurentino;R$ 69.646,17;R$ 1.323.277,09;R$ 1.392.923,26
Pré-selecionada pelo Gestor da Aplicação;3325.2.1005/2018;Qualificação Viária;SP;Mongaguá;Agência de Desenvolvimento Paulista – Desenvolve SP;Prefeitura Municipal de Mongaguá;Qualificação Viária do Prefeitura Municipal de Mongaguá;R$ 793.983,11;R$ 15.000.000,00;R$ 15.793.983,11
Em análise de enquadramento;955.2.3110/2017;Qualificação Viária;RS;São Pedro do Butiá;Caixa Econômica Federal;Prefeitura Municipal de São Pedro do Butiá;Qualificação Viária do Prefeitura Municipal de São Pedro do Butiá;R$ 224.313,93;R$ 4.261.964,53;R$ 4.486.278,46
Em análise de enquadramento;1456.2.2912/2017;Qualificação Viária;CE;Aracati;Caixa Econômica Federal;Prefeitura Municipal de Aracati;Qualificação Viária do Prefeitura Municipal de Aracati;R$ 108.904,40;R$ 2.069.183,46;R$ 2.178.087,86
Pré-selecionada pelo Gestor da Aplicação;3431.24.0606/2018;Qualificação Viária;PI;Jacobina do Piauí;Caixa Econômica Federal;Prefeitura Municipal de Jacobina do Piauí;Qualificação Viária do Prefeitura Municipal de Jacobina do Piauí;R$ 227.824,16;R$ 4.328.658,94;R$ 4.556.483,10
Em análise de enquadramento;1524.2.1001/2018;Qualificação Viária;PR;Chopinzinho;Caixa Econômica Federal;Prefeitura Municipal de Chopinzinho;Qualificação Viária do Prefeitura Municipal de Chopinzinho;R$ 126.780,82;R$ 2.408.835,55;R$ 2.535.616,37
Em análise de enquadramento;3290.2.2404/2018;Qualificação Viária;RS;Rio Pardo;Banco do Estado do Rio Grande do Sul – Banrisul;Prefeitura Municipal de Rio Pardo;Qualificação Viária do Prefeitura Municipal de Rio Pardo;R$ 553.370,48;R$ 10.514.039,12;R$ 11.067.409,60
Não enquadrada pelo Agente Financeiro;218.2.2308/2017;Qualificação Viária;SC;São João do Itaperiú;Caixa Econômica Federal;Prefeitura Municipal de São João do Itaperiú;Qualificação Viária do Prefeitura Municipal de São João do Itaperiú;R$ 250.000,00;R$ 4.749.999,99;R$ 4.999.999,99
Não enquadrada pelo Agente Financeiro;28.34.0208/2017;Transporte Não Motorizado;SE;Itaporanga d'Ajuda;Caixa Econômica Federal;Prefeitura Municipal de Itaporanga d'Ajuda;Transporte Não Motorizado do Prefeitura Municipal de Itaporanga d'Ajuda;R$ 258.600,00;R$ 4.913.400,00;R$ 5.172.000,00
Em análise de enquadramento;1293.2.1312/2017;Qualificação Viária;PR;Pranchita;Caixa Econômica Federal;Prefeitura Municipal de Pranchita;Qualificação Viária do Prefeitura Municipal de Pranchita;R$ 55.007,06;R$ 1.045.134,04;R$ 1.100.141,10
Pré-selecionada pelo Gestor da Aplicação;923.2.2610/2017;Qualificação Viária;RS;Liberato Salzano;Caixa Econômica Federal;Prefeitura Municipal de Liberato Salzano;Qualificação Viária do Prefeitura Municipal de Liberato Salzano;R$ 173.800,00;R$ 3.302.200,00;R$ 3.476.000,00
Em análise de enquadramento;1523.24.1001/2018;Qualificação Viária;BA;Mirangaba;Caixa Econômica Federal;Prefeitura Municipal de Mirangaba;Qualificação Viária do Prefeitura Municipal de Mirangaba;R$ 76.500,00;R$ 1.453.500,00;R$ 1.530.000,00
Devolvida ao Proponente;3148.2.0903/2018;Qualificação Viária;BA;Mucuri;Caixa Econômica Federal;Prefeitura Municipal de Mucuri;Qualificação Viária do Prefeitura Municipal de Mucuri;R$ 153.305,70;R$ 2.912.808,19;R$ 3.066.113,89
Pré-selecionada pelo Gestor da Aplicação;1558.2.1701/2018;Qualificação Viária;RS;Vale Real;Caixa Econômica Federal;MUNICÍPIO DE VALE REAL;Qualificação Viária do MUNICÍPIO DE VALE REAL;R$ 94.244,18;R$ 1.790.639,27;R$ 1.884.883,45
Devolvida ao Proponente;3313.2.0105/2018;Qualificação Viária;RS;Pouso Novo;Badesul Desenvolvimento S. A.;Prefeitura Municipal de Pouso Novo;Qualificação Viária do Prefeitura Municipal de Pouso Novo;R$ 75.000,00;R$ 1.425.000,00;R$ 1.500.000,00
Pré-selecionada pelo Gestor da Aplicação;1283.3.1212/2017;Transporte Não Motorizado;SC;Treze Tílias;Caixa Econômica Federal;Prefeitura Municipal de Treze Tílias;Transporte Não Motorizado do Prefeitura Municipal de Treze Tílias;R$ 63.008,42;R$ 1.197.159,91;R$ 1.260.168,33
Em análise de enquadramento;1257.2.0812/2017;Qualificação Viária;PR;Verê;Caixa Econômica Federal;Prefeitura Municipal de Verê;Qualificação Viária do Prefeitura Municipal de Verê;R$ 65.000,00;R$ 1.235.000,00;R$ 1.300.000,00
Em análise de enquadramento;1280.2.1112/2017;Qualificação Viária;CE;Pacatuba;Caixa Econômica Federal;Prefeitura Municipal de Pacatuba;Qualificação Viária do Prefeitura Municipal de Pacatuba;R$ 244.146,61;R$ 4.638.785,45;R$ 4.882.932,06
Não enquadrada pelo Agente Financeiro;1034.3.1011/2017;Transporte Não Motorizado;SC;Canoinhas;Caixa Econômica Federal;Prefeitura Municipal de Canoinhas;Transporte Não Motorizado do Prefeitura Municipal de Canoinhas;R$ 234.244,38;R$ 4.450.643,12;R$ 4.684.887,50
Em análise de enquadramento;174.34.2108/2017;Transporte Não Motorizado;PR;Pato Branco;Caixa Econômica Federal;Prefeitura Municipal de Pato Branco;Transporte Não Motorizado do Prefeitura Municipal de Pato Branco;R$ 275.000,00;R$ 5.225.000,00;R$ 5.500.000,00
Pré-selecionada pelo Gestor da Aplicação;1085.24.1611/2017;Qualificação Viária;MS;Nova Andradina;Caixa Econômica Federal;Prefeitura Municipal de Nova Andradina;Qualificação Viária do Prefeitura Municipal de Nova Andradina;R$ 495.205,50;R$ 9.408.904,50;R$ 9.904.110,00
Não enquadrada pelo Agente Financeiro;221.2.2408/2017;Qualificação Viária;BA;Quijingue;Caixa Econômica Federal;Prefeitura Municipal de Quijingue;Qualificação Viária do Prefeitura Municipal de Quijingue;R$ 60.000,00;R$ 1.140.000,00;R$ 1.200.000,00
Pré-selecionada pelo Gestor da Aplicação;1114.2.2011/2017;Qualificação Viária;RS;Pinhal da Serra;Caixa Econômica Federal;Prefeitura Municipal de Pinhal da Serra;Qualificação Viária do Prefeitura Municipal de Pinhal da Serra;R$ 93.600,00;R$ 1.778.400,00;R$ 1.872.000,00
Não enquadrada pelo Agente Financeiro;1178.2.2811/2017;Qualificação Viária;PR;Nova Aliança do Ivaí;Caixa Econômica Federal;Prefeitura Municipal de Nova Aliança do Ivaí;Qualificação Viária do Prefeitura Municipal de Nova Aliança do Ivaí;R$ 30.000,00;R$ 570.000,00;R$ 600.000,00
Não enquadrada pelo Agente Financeiro;1573.2.1901/2018;Qualificação Viária;SP;São Lourenço da Serra;Caixa Econômica Federal;Prefeitura Municipal de São Lourenço da Serra;Qualificação Viária do Prefeitura Municipal de São Lourenço da Serra;R$ 250.000,00;R$ 4.750.000,00;R$ 5.000.000,00
Em análise de enquadramento;1611.3.1602/2018;Transporte Não Motorizado;PR;Cafelândia;Caixa Econômica Federal;Prefeitura Municipal de Cafelândia;Transporte Não Motorizado do Prefeitura Municipal de Cafelândia;R$ 48.750,00;R$ 926.250,00;R$ 975.000,00
Pré-selecionada pelo Gestor da Aplicação;1126.2.2111/2017;Qualificação Viária;RS;Três de Maio;Caixa Econômica Federal;Prefeitura Municipal de Três de Maio;Qualificação Viária do Prefeitura Municipal de Três de Maio;R$ 500.429,00;R$ 9.508.151,00;R$ 10.008.580,00
Pré-selecionada pelo Gestor da Aplicação;1407.2.2512/2017;Qualificação Viária;RS;Lindolfo Collor;Caixa Econômica Federal;Prefeitura Municipal de Lindolfo Collor;Qualificação Viária do Prefeitura Municipal de Lindolfo Collor;R$ 120.000,00;R$ 2.266.960,09;R$ 2.386.960,09
Em análise de enquadramento;700.2.2909/2017;Qualificação Viária;RS;Trindade do Sul;Caixa Econômica Federal;Prefeitura Municipal de Trindade do Sul;Qualificação Viária do Prefeitura Municipal de Trindade do Sul;R$ 240.332,46;R$ 4.566.316,60;R$ 4.806.649,06
Não enquadrada pelo Agente Financeiro;385.2.2808/2017;Qualificação Viária;RS;Arroio do Meio;Caixa Econômica Federal;Prefeitura Municipal de Arroio do Meio;Qualificação Viária do Prefeitura Municipal de Arroio do Meio;R$ 61.618,74;R$ 1.170.755,86;R$ 1.232.374,60
Em análise de enquadramento;866.2.2010/2017;Qualificação Viária;RJ;Quissamã;Caixa Econômica Federal;Prefeitura Municipal de Quissamã;Qualificação Viária do Prefeitura Municipal de Quissamã;R$ 248.000,00;R$ 4.712.000,00;R$ 4.960.000,00
Não enquadrada pelo Agente Financeiro;967.24.0111/2017;Qualificação Viária;MS;Itaporã;Caixa Econômica Federal;Prefeitura Municipal de Itaporã;Qualificação Viária do Prefeitura Municipal de Itaporã;R$ 167.482,21;R$ 3.182.161,87;R$ 3.349.644,08
Em análise de enquadramento;1269.25.1112/2017;Qualificação Viária;SP;Hortolândia;Caixa Econômica Federal;MUNICIPIO DE HORTOLANDIA;Qualificação Viária do MUNICIPIO DE HORTOLANDIA;R$ 215.000,00;R$ 4.085.000,00;R$ 4.300.000,00
Pré-selecionada pelo Gestor da Aplicação;3292.3.2404/2018;Transporte Não Motorizado;PR;Campina da Lagoa;Banco Regional de Desenvolvimento do Extremo Sul – BRDE;Prefeitura Municipal de Campina da Lagoa;Transporte Não Motorizado do Prefeitura Municipal de Campina da Lagoa;R$ 123.550,00;R$ 2.347.450,00;R$ 2.471.000,00
Em análise de enquadramento;1043.2.1311/2017;Qualificação Viária;PR;Pranchita;Caixa Econômica Federal;Prefeitura Municipal de Pranchita;Qualificação Viária do Prefeitura Municipal de Pranchita;R$ 53.657,06;R$ 1.019.484,04;R$ 1.073.141,10
Selecionada pelo gestor da aplicação;1287.2.1212/2017;Qualificação Viária;RS;Venâncio Aires;Banco Regional de Desenvolvimento do Extremo Sul – BRDE;Prefeitura Municipal de Venâncio Aires;Qualificação Viária do Prefeitura Municipal de Venâncio Aires;R$ 998.081,93;R$ 18.963.556,64;R$ 19.961.638,57
Em análise de enquadramento;1032.2.1011/2017;Qualificação Viária;RS;Nova Hartz;Caixa Econômica Federal;Prefeitura Municipal de Nova Hartz;Qualificação Viária do Prefeitura Municipal de Nova Hartz;R$ 750.000,00;R$ 14.242.565,20;R$ 14.992.565,20
Pré-selecionada pelo Gestor da Aplicação;1055.35.1411/2017;Transporte Não Motorizado;SP;Marília;Caixa Econômica Federal;Prefeitura Municipal de Marília;Transporte Não Motorizado do Prefeitura Municipal de Marília;R$ 150.000,00;R$ 2.840.656,71;R$ 2.990.656,71
Pré-selecionada pelo Gestor da Aplicação;1155.2.2411/2017;Qualificação Viária;RS;Morro Reuter;Caixa Econômica Federal;Prefeitura Municipal de Morro Reuter;Qualificação Viária do Prefeitura Municipal de Morro Reuter;R$ 164.392,27;R$ 3.123.453,08;R$ 3.287.845,35
Pré-selecionada pelo Gestor da Aplicação;3565.2.0407/2018;Qualificação Viária;SC;Treviso;Caixa Econômica Federal;Prefeitura Municipal de Treviso;Qualificação Viária do Prefeitura Municipal de Treviso;R$ 47.970,65;R$ 911.442,29;R$ 959.412,94
Em análise de enquadramento;3996.2.3004/2019;Qualificação Viária;AL;Campestre;Caixa Econômica Federal;PREFEITURA MUNICIPAL DE CAMPESTRE;Qualificação Viária do PREFEITURA MUNICIPAL DE CAMPESTRE;R$ 40.869,75;R$ 776.525,25;R$ 817.395,00
Em análise de enquadramento;1363.2.2012/2017;Qualificação Viária;PA;Ulianópolis;Caixa Econômica Federal;Prefeitura Municipal de Ulianópolis;Qualificação Viária do Prefeitura Municipal de Ulianópolis;R$ 751.000,00;R$ 14.249.000,00;R$ 15.000.000,00
Pré-selecionada pelo Gestor da Aplicação;1062.2.1411/2017;Qualificação Viária;MG;Piedade de Ponte Nova;Caixa Econômica Federal;Prefeitura Municipal de Piedade de Ponte Nova;Qualificação Viária do Prefeitura Municipal de Piedade de Ponte Nova;R$ 75.000,00;R$ 1.425.000,00;R$ 1.500.000,00
Não enquadrada pelo Agente Financeiro;1504.24.0801/2018;Qualificação Viária;MS;Aral Moreira;Caixa Econômica Federal;Prefeitura Municipal de Aral Moreira;Qualificação Viária do Prefeitura Municipal de Aral Moreira;R$ 248.661,33;R$ 4.724.565,13;R$ 4.973.226,46
Não enquadrada pelo Agente Financeiro;114.25.1408/2017;Qualificação Viária;PR;Umuarama;Caixa Econômica Federal;Prefeitura Municipal de Umuarama;Qualificação Viária do Prefeitura Municipal de Umuarama;R$ 209.850,00;R$ 3.987.150,00;R$ 4.197.000,00
Em análise de enquadramento;1270.3.1112/2017;Transporte Não Motorizado;SP;Hortolândia;Caixa Econômica Federal;MUNICIPIO DE HORTOLANDIA;Transporte Não Motorizado do MUNICIPIO DE HORTOLANDIA;R$ 200.000,00;R$ 3.800.000,00;R$ 4.000.000,00
Pré-selecionada pelo Gestor da Aplicação;1210.2.0412/2017;Qualificação Viária;PR;Ângulo;Caixa Econômica Federal;Prefeitura Municipal de Ângulo;Qualificação Viária do Prefeitura Municipal de Ângulo;R$ 30.860,95;R$ 586.356,09;R$ 617.217,04
Não enquadrada pelo Agente Financeiro;225.2.2408/2017;Qualificação Viária;BA;Quijingue;Caixa Econômica Federal;Prefeitura Municipal de Quijingue;Qualificação Viária do Prefeitura Municipal de Quijingue;R$ 66.500,00;R$ 1.263.500,00;R$ 1.330.000,00
Devolvida ao Proponente;1499.24.0601/2018;Qualificação Viária;PA;Uruará;Caixa Econômica Federal;Prefeitura Municipal de Uruará;Qualificação Viária do Prefeitura Municipal de Uruará;R$ 627.750,00;R$ 11.927.250,00;R$ 12.555.000,00
Pré-selecionada pelo Gestor da Aplicação;3380.24.1106/2018;Qualificação Viária;PI;Pau D'Arco do Piauí;Caixa Econômica Federal;Prefeitura Municipal de Pau D'Arco do Piauí;Qualificação Viária do Prefeitura Municipal de Pau D'Arco do Piauí;R$ 126.000,00;R$ 2.374.000,00;R$ 2.500.000,00
Em análise de enquadramento;1044.2.1311/2017;Qualificação Viária;RS;Capela de Santana;Caixa Econômica Federal;Prefeitura Municipal de Capela de Santana;Qualificação Viária do Prefeitura Municipal de Capela de Santana;R$ 232.345,38;R$ 4.414.562,12;R$ 4.646.907,50
Em análise de enquadramento;1101.24.1711/2017;Qualificação Viária;MG;Boa Esperança;Caixa Econômica Federal;Prefeitura Municipal de Boa Esperança;Qualificação Viária do Prefeitura Municipal de Boa Esperança;R$ 637.750,00;R$ 11.867.250,00;R$ 12.505.000,00
Não enquadrada pelo Agente Financeiro;161.2.1808/2017;Qualificação Viária;RN;Lagoa Salgada;Caixa Econômica Federal;Prefeitura Municipal de Lagoa Salgada;Qualificação Viária do Prefeitura Municipal de Lagoa Salgada;R$ 120.000,00;R$ 2.280.000,00;R$ 2.400.000,00
Em análise de enquadramento;1102.2.1711/2017;Qualificação Viária;SP;Santa Bárbara d'Oeste;Caixa Econômica Federal;Prefeitura Municipal de Santa Bárbara d'Oeste;Qualificação Viária do Prefeitura Municipal de Santa Bárbara d'Oeste;R$ 234.500,00;R$ 4.455.500,00;R$ 4.690.000,00
Pré-selecionada pelo Gestor da Aplicação;1146.24.2311/2017;Qualificação Viária;PR;Moreira Sales;Caixa Econômica Federal;Prefeitura Municipal de Moreira Sales;Qualificação Viária do Prefeitura Municipal de Moreira Sales;R$ 52.500,00;R$ 997.500,00;R$ 1.050.000,00
Enquadrada pelo Agente Financeiro;1212.24.0412/2017;Qualificação Viária;PE;Afrânio;Caixa Econômica Federal;Prefeitura Municipal de Afrânio;Qualificação Viária do Prefeitura Municipal de Afrânio;R$ 250.000,00;R$ 4.750.000,00;R$ 5.000.000,00
Pré-selecionada pelo Gestor da Aplicação;540.2.1809/2017;Qualificação Viária;PA;Canaã dos Carajás;Caixa Econômica Federal;Prefeitura Municipal de Canaã dos Carajás;Qualificação Viária do Prefeitura Municipal de Canaã dos Carajás;R$ 750.000,00;R$ 14.250.000,00;R$ 15.000.000,00
Pré-selecionada pelo Gestor da Aplicação;1284.2.1212/2017;Qualificação Viária;PR;Campo Mourão;Banco Regional de Desenvolvimento do Extremo Sul – BRDE;Prefeitura Municipal de Campo Mourão;Qualificação Viária do Prefeitura Municipal de Campo Mourão;R$ 750.000,00;R$ 14.250.000,00;R$ 15.000.000,00
Pré-selecionada pelo Gestor da Aplicação;775.2.0610/2017;Qualificação Viária;RJ;Cambuci;Caixa Econômica Federal;Prefeitura Municipal de Cambuci;Qualificação Viária do Prefeitura Municipal de Cambuci;R$ 263.000,00;R$ 4.997.000,00;R$ 5.260.000,00
Selecionada pelo gestor da aplicação;404.2.3008/2017;Qualificação Viária;SC;Abelardo Luz;Caixa Econômica Federal;Prefeitura Municipal de Abelardo Luz;Qualificação Viária do Prefeitura Municipal de Abelardo Luz;R$ 107.415,47;R$ 2.040.893,84;R$ 2.148.309,31
Não enquadrada pelo Agente Financeiro;938.3.2710/2017;Transporte Não Motorizado;MS;Tacuru;Caixa Econômica Federal;Prefeitura Municipal de Tacuru;Transporte Não Motorizado do Prefeitura Municipal de Tacuru;R$ 35.000,00;R$ 665.000,00;R$ 700.000,00
Pré-selecionada pelo Gestor da Aplicação;1113.3.2011/2017;Transporte Não Motorizado;PR;Ribeirão do Pinhal;Caixa Econômica Federal;Prefeitura Municipal de Ribeirão do Pinhal;Transporte Não Motorizado do Prefeitura Municipal de Ribeirão do Pinhal;R$ 29.645,37;R$ 563.261,99;R$ 592.907,36
Em análise de enquadramento;3432.2.0606/2018;Qualificação Viária;PI;Campo Largo do Piauí;Caixa Econômica Federal;Prefeitura Municipal de Campo Largo do Piauí;Qualificação Viária do Prefeitura Municipal de Campo Largo do Piauí;R$ 53.472,00;R$ 1.015.968,00;R$ 1.069.440,00
Não enquadrada pelo Agente Financeiro;301.2.2508/2017;Qualificação Viária;SC;Maracajá;Caixa Econômica Federal;Prefeitura Municipal de Maracajá;Qualificação Viária do Prefeitura Municipal de Maracajá;R$ 59.027,70;R$ 1.121.526,20;R$ 1.180.553,90
Em análise de enquadramento;1511.24.0901/2018;Qualificação Viária;AM;Autazes;Caixa Econômica Federal;Prefeitura Municipal de Autazes;Qualificação Viária do Prefeitura Municipal de Autazes;R$ 782.160,93;R$ 14.511.102,46;R$ 15.293.263,39
Em análise de validação;1042.2345.1311/2017;Qualificação Viária;SE;Aracaju;Caixa Econômica Federal;Prefeitura Municipal de Aracaju;Qualificação Viária do Prefeitura Municipal de Aracaju;R$ 300.000,00;R$ 5.700.000,00;R$ 6.000.000,00
Pré-selecionada pelo Gestor da Aplicação;1164.2.2711/2017;Qualificação Viária;SP;Rio Claro;Caixa Econômica Federal;Prefeitura Municipal de Rio Claro;Qualificação Viária do Prefeitura Municipal de Rio Claro;R$ 493.730,42;R$ 9.380.877,80;R$ 9.874.608,22
Pré-selecionada pelo Gestor da Aplicação;1496.2.0501/2018;Qualificação Viária;RS;Itaqui;Caixa Econômica Federal;Prefeitura Municipal de Itaqui;Qualificação Viária do Prefeitura Municipal de Itaqui;R$ 267.371,97;R$ 5.080.067,38;R$ 5.347.439,35
Não enquadrada pelo Agente Financeiro;1120.2.2011/2017;Qualificação Viária;PA;Capitão Poço;Caixa Econômica Federal;Prefeitura Municipal de Capitão Poço;Qualificação Viária do Prefeitura Municipal de Capitão Poço;R$ 272.600,62;R$ 5.179.411,62;R$ 5.452.012,24
Em análise de enquadramento;1273.34.1112/2017;Transporte Não Motorizado;SP;Hortolândia;Caixa Econômica Federal;MUNICIPIO DE HORTOLANDIA;Transporte Não Motorizado do MUNICIPIO DE HORTOLANDIA;R$ 216.000,00;R$ 4.104.000,00;R$ 4.320.000,00
Não enquadrada pelo Agente Financeiro;397.2.2908/2017;Qualificação Viária;RS;Igrejinha;Caixa Econômica Federal;Prefeitura Municipal de Igrejinha;Qualificação Viária do Prefeitura Municipal de Igrejinha;R$ 470.730,25;R$ 8.943.874,75;R$ 9.414.605,00
Pré-selecionada pelo Gestor da Aplicação;1112.2.2011/2017;Qualificação Viária;PR;Mauá da Serra;Caixa Econômica Federal;Prefeitura Municipal de Mauá da Serra;Qualificação Viária do Prefeitura Municipal de Mauá da Serra;R$ 75.000,00;R$ 1.425.000,00;R$ 1.500.000,00
Não enquadrada pelo Agente Financeiro;1148.24.2311/2017;Qualificação Viária;PR;Moreira Sales;Caixa Econômica Federal;Prefeitura Municipal de Moreira Sales;Qualificação Viária do Prefeitura Municipal de Moreira Sales;R$ 52.500,00;R$ 997.500,00;R$ 1.050.000,00
Pré-selecionada pelo Gestor da Aplicação;1601.3.2601/2018;Transporte Não Motorizado;SP;Peruíbe;Caixa Econômica Federal;Prefeitura Municipal de Peruíbe;Transporte Não Motorizado do Prefeitura Municipal de Peruíbe;R$ 100.500,00;R$ 1.909.500,00;R$ 2.010.000,00
Pré-selecionada pelo Gestor da Aplicação;1544.25.1501/2018;Qualificação Viária;SP;Paulínia;Caixa Econômica Federal;Prefeitura Municipal de Paulínia;Qualificação Viária do Prefeitura Municipal de Paulínia;R$ 1.500.000,00;R$ 28.500.000,00;R$ 30.000.000,00
Pré-selecionada pelo Gestor da Aplicação;1087.2.1611/2017;Qualificação Viária;MG;Itapeva;Caixa Econômica Federal;Prefeitura Municipal de Itapeva;Qualificação Viária do Prefeitura Municipal de Itapeva;R$ 75.250,00;R$ 1.429.750,00;R$ 1.505.000,00
Em análise de enquadramento;1256.2.0812/2017;Qualificação Viária;PR;Jesuítas;Caixa Econômica Federal;Prefeitura Municipal de Formosa do Oeste;Qualificação Viária do Prefeitura Municipal de Formosa do Oeste;R$ 130.000,00;R$ 2.470.000,00;R$ 2.600.000,00
Em análise de enquadramento;1356.24.2012/2017;Qualificação Viária;RS;Seberi;Banco Regional de Desenvolvimento do Extremo Sul – BRDE;Prefeitura Municipal de Seberi;Qualificação Viária do Prefeitura Municipal de Seberi;R$ 250.250,00;R$ 4.754.750,00;R$ 5.005.000,00
Em análise de enquadramento;785.2.0610/2017;Qualificação Viária;ES;São Mateus;Caixa Econômica Federal;Prefeitura Municipal de São Mateus;Qualificação Viária do Prefeitura Municipal de São Mateus;R$ 265.799,10;R$ 5.050.182,89;R$ 5.315.981,99
Não enquadrada pelo Agente Financeiro;1331.24.1812/2017;Qualificação Viária;PA;São Miguel do Guamá;Caixa Econômica Federal;Prefeitura Municipal de São Miguel do Guamá;Qualificação Viária do Prefeitura Municipal de São Miguel do Guamá;R$ 794.500,00;R$ 11.085.500,00;R$ 11.880.000,00
Pré-selecionada pelo Gestor da Aplicação;1063.24.1411/2017;Qualificação Viária;SP;Marília;Caixa Econômica Federal;Prefeitura Municipal de Marília;Qualificação Viária do Prefeitura Municipal de Marília;R$ 360.706,99;R$ 6.753.432,75;R$ 7.114.139,74
Não enquadrada pelo Agente Financeiro;321.2.2508/2017;Qualificação Viária;RS;Maratá;Caixa Econômica Federal;Prefeitura Municipal de Maratá;Qualificação Viária do Prefeitura Municipal de Maratá;R$ 116.865,00;R$ 2.220.435,00;R$ 2.337.300,00
Não enquadrada pelo Agente Financeiro;433.24.0109/2017;Qualificação Viária;PE;Salgueiro;Caixa Econômica Federal;Prefeitura Municipal de Salgueiro;Qualificação Viária do Prefeitura Municipal de Salgueiro;R$ 750.000,00;R$ 14.250.000,00;R$ 15.000.000,00
Em análise de enquadramento;1469.2.3012/2017;Qualificação Viária;MA;Barão de Grajaú;Caixa Econômica Federal;Prefeitura Municipal de Barão de Grajaú;Qualificação Viária do Prefeitura Municipal de Barão de Grajaú;R$ 150.000,00;R$ 2.850.000,00;R$ 3.000.000,00
Pré-selecionada pelo Gestor da Aplicação;1242.2.0712/2017;Qualificação Viária;PR;Mamborê;Caixa Econômica Federal;Prefeitura Municipal de Mamborê;Qualificação Viária do Prefeitura Municipal de Mamborê;R$ 250.000,00;R$ 4.750.000,00;R$ 5.000.000,00
Pré-selecionada pelo Gestor da Aplicação;1202.2.0112/2017;Qualificação Viária;PR;Coronel Domingos Soares;Caixa Econômica Federal;Prefeitura Municipal de Coronel Domingos Soares;Qualificação Viária do Prefeitura Municipal de Coronel Domingos Soares;R$ 250.000,00;R$ 4.750.000,00;R$ 5.000.000,00
Em análise de enquadramento;1487.2.0401/2018;Qualificação Viária;RS;São Nicolau;Caixa Econômica Federal;Prefeitura Municipal de São Nicolau;Qualificação Viária do Prefeitura Municipal de São Nicolau;R$ 178.000,00;R$ 3.382.000,00;R$ 3.560.000,00
Pré-selecionada pelo Gestor da Aplicação;1295.2.1312/2017;Qualificação Viária;SC;Presidente Nereu;Caixa Econômica Federal;Prefeitura Municipal de Presidente Nereu;Qualificação Viária do Prefeitura Municipal de Presidente Nereu;R$ 122.707,76;R$ 2.331.447,33;R$ 2.454.155,09
Pré-selecionada pelo Gestor da Aplicação;2391.2.2303/2018;Qualificação Viária;MG;Imbé de Minas;Caixa Econômica Federal;Prefeitura Municipal de Imbé de Minas;Qualificação Viária do Prefeitura Municipal de Imbé de Minas;R$ 146.541,85;R$ 2.784.295,15;R$ 2.930.837,00
Em análise de enquadramento;1316.2.1512/2017;Qualificação Viária;RS;Santa Rosa;Caixa Econômica Federal;Prefeitura Municipal de Santa Rosa;Qualificação Viária do Prefeitura Municipal de Santa Rosa;R$ 578.388,21;R$ 10.989.375,79;R$ 11.567.764,00
Selecionada pelo gestor da aplicação;1191.2.3011/2017;Qualificação Viária;SC;Rio do Sul;Banco Regional de Desenvolvimento do Extremo Sul – BRDE;Prefeitura Municipal de Rio do Sul;Qualificação Viária do Prefeitura Municipal de Rio do Sul;R$ 297.358,33;R$ 5.649.808,24;R$ 5.947.166,57
Pré-selecionada pelo Gestor da Aplicação;1610.2.3001/2018;Qualificação Viária;SP;Peruíbe;Caixa Econômica Federal;Prefeitura Municipal de Peruíbe;Qualificação Viária do Prefeitura Municipal de Peruíbe;R$ 226.915,60;R$ 4.311.396,40;R$ 4.538.312,00
Em análise de enquadramento;1131.3.2111/2017;Transporte Não Motorizado;PR;Terra Roxa;Caixa Econômica Federal;Prefeitura Municipal de Terra Roxa;Transporte Não Motorizado do Prefeitura Municipal de Terra Roxa;R$ 231.000,00;R$ 4.389.000,00;R$ 4.620.000,00
Em análise de enquadramento;1204.24.0112/2017;Qualificação Viária;MG;Santo Antônio do Aventureiro;Caixa Econômica Federal;Prefeitura Municipal de Santo Antônio do Aventureiro;Qualificação Viária do Prefeitura Municipal de Santo Antônio do Aventureiro;R$ 75.000,00;R$ 1.425.000,00;R$ 1.500.000,00
Pré-selecionada pelo Gestor da Aplicação;3443.24.0606/2018;Qualificação Viária;PI;São Félix do Piauí;Caixa Econômica Federal;Prefeitura Municipal de São Félix do Piauí;Qualificação Viária do Prefeitura Municipal de São Félix do Piauí;R$ 133.230,64;R$ 2.531.381,99;R$ 2.664.612,63
Em análise de enquadramento;308.3.2508/2017;Transporte Não Motorizado;PR;Sertanópolis;Caixa Econômica Federal;Prefeitura Municipal de Sertanópolis;Transporte Não Motorizado do Prefeitura Municipal de Sertanópolis;R$ 36.000,00;R$ 684.000,00;R$ 720.000,00
Em análise de enquadramento;326.3.2508/2017;Transporte Não Motorizado;PR;Sertanópolis;Caixa Econômica Federal;Prefeitura Municipal de Sertanópolis;Transporte Não Motorizado do Prefeitura Municipal de Sertanópolis;R$ 225.000,00;R$ 4.275.000,00;R$ 4.500.000,00
Em análise de enquadramento;1317.2.1512/2017;Qualificação Viária;PR;Mariópolis;Caixa Econômica Federal;Prefeitura Municipal de Mariópolis;Qualificação Viária do Prefeitura Municipal de Mariópolis;R$ 100.830,00;R$ 1.915.770,00;R$ 2.016.600,00
Pré-selecionada pelo Gestor da Aplicação;616.2.2209/2017;Qualificação Viária;RS;Campo Bom;Caixa Econômica Federal;Prefeitura Municipal de Campo Bom;Qualificação Viária do Prefeitura Municipal de Campo Bom;R$ 1.000.000,00;R$ 18.450.000,00;R$ 19.450.000,00
Selecionada pelo gestor da aplicação;172.2.2108/2017;Qualificação Viária;SC;Rio Fortuna;Banco Regional de Desenvolvimento do Extremo Sul – BRDE;Prefeitura Municipal de Rio Fortuna;Qualificação Viária do Prefeitura Municipal de Rio Fortuna;R$ 127.574,87;R$ 2.423.922,36;R$ 2.551.497,23
Pré-selecionada pelo Gestor da Aplicação;3444.24.1206/2018;Qualificação Viária;PI;São Miguel do Tapuio;Caixa Econômica Federal;Prefeitura Municipal de São Miguel do Tapuio;Qualificação Viária do Prefeitura Municipal de São Miguel do Tapuio;R$ 255.000,00;R$ 4.745.000,00;R$ 5.000.000,00
Em análise de enquadramento;1334.24.1812/2017;Qualificação Viária;PA;São Miguel do Guamá;Banco do Estado do Pará - Banpará;Prefeitura Municipal de São Miguel do Guamá;Qualificação Viária do Prefeitura Municipal de São Miguel do Guamá;R$ 750.000,00;R$ 14.250.000,00;R$ 15.000.000,00
Selecionada pelo gestor da aplicação;1166.2.2711/2017;Qualificação Viária;RS;Pareci Novo;Caixa Econômica Federal;Prefeitura Municipal de Pareci Novo;Qualificação Viária do Prefeitura Municipal de Pareci Novo;R$ 195.600,00;R$ 3.716.400,00;R$ 3.912.000,00
Devolvida ao Proponente;432.24.0109/2017;Qualificação Viária;SE;São Miguel do Aleixo;Caixa Econômica Federal;Prefeitura Municipal de São Miguel do Aleixo;Qualificação Viária do Prefeitura Municipal de São Miguel do Aleixo;R$ 250.000,00;R$ 4.750.000,00;R$ 5.000.000,00
Não enquadrada pelo Agente Financeiro;1205.24.0112/2017;Qualificação Viária;MS;Vicentina;Caixa Econômica Federal;Prefeitura Municipal de Vicentina;Qualificação Viária do Prefeitura Municipal de Vicentina;R$ 226.878,43;R$ 4.310.690,16;R$ 4.537.568,59
Em análise pelo administrador do Agente Financeiro;1179.2.2811/2017;Qualificação Viária;PR;Porto Vitória;Fomento Paraná;Prefeitura Municipal de Porto Vitória;Qualificação Viária do Prefeitura Municipal de Porto Vitória;R$ 82.043,50;R$ 1.558.826,50;R$ 1.640.870,00
Em análise de enquadramento;366.24.2808/2017;Qualificação Viária;BA;Maetinga;Caixa Econômica Federal;Prefeitura Municipal de Maetinga;Qualificação Viária do Prefeitura Municipal de Maetinga;R$ 132.500,00;R$ 2.517.500,00;R$ 2.650.000,00
Em análise de enquadramento;1419.24.2612/2017;Qualificação Viária;PE;Afrânio;Caixa Econômica Federal;Prefeitura Municipal de Afrânio;Qualificação Viária do Prefeitura Municipal de Afrânio;R$ 250.000,00;R$ 4.750.000,00;R$ 5.000.000,00
Em análise de enquadramento;11.2.3107/2017;Qualificação Viária;PR;Honório Serpa;Caixa Econômica Federal;Prefeitura Municipal de Honório Serpa;Qualificação Viária do Prefeitura Municipal de Honório Serpa;R$ 250.000,00;R$ 4.750.000,00;R$ 5.000.000,00
Em análise de enquadramento;1208.2.0412/2017;Qualificação Viária;MG;Eugenópolis;Caixa Econômica Federal;Prefeitura Municipal de Eugenópolis;Qualificação Viária do Prefeitura Municipal de Eugenópolis;R$ 242.500,00;R$ 4.607.500,00;R$ 4.850.000,00
Pré-selecionada pelo Gestor da Aplicação;1105.2.1711/2017;Qualificação Viária;SC;São João Batista;Caixa Econômica Federal;Prefeitura Municipal de São João Batista;Qualificação Viária do Prefeitura Municipal de São João Batista;R$ 769.834,94;R$ 14.626.863,77;R$ 15.396.698,71
Não enquadrada pelo Agente Financeiro;1399.2.2212/2017;Qualificação Viária;RN;Macaíba;Caixa Econômica Federal;Prefeitura Municipal de Macaíba;Qualificação Viária do Prefeitura Municipal de Macaíba;R$ 999.928,22;R$ 18.998.636,07;R$ 19.998.564,29
Pré-selecionada pelo Gestor da Aplicação;1235.2.0612/2017;Qualificação Viária;SE;Itaporanga d'Ajuda;Caixa Econômica Federal;Prefeitura Municipal de Itaporanga d'Ajuda;Qualificação Viária do Prefeitura Municipal de Itaporanga d'Ajuda;R$ 191.000,00;R$ 3.629.000,00;R$ 3.820.000,00
Não enquadrada pelo Agente Financeiro;13.2.0108/2017;Qualificação Viária;SC;Rio Negrinho;Caixa Econômica Federal;Prefeitura Municipal de Rio Negrinho;Qualificação Viária do Prefeitura Municipal de Rio Negrinho;R$ 59.100,45;R$ 1.122.908,50;R$ 1.182.008,95
Em análise de enquadramento;1229.24.0512/2017;Qualificação Viária;RO;Ouro Preto do Oeste;Caixa Econômica Federal;Prefeitura Municipal de Ouro Preto do Oeste;Qualificação Viária do Prefeitura Municipal de Ouro Preto do Oeste;R$ 750.000,00;R$ 14.250.000,00;R$ 15.000.000,00
Não enquadrada pelo Agente Financeiro;244.2.2408/2017;Qualificação Viária;MG;Cássia;Caixa Econômica Federal;Prefeitura Municipal de Cássia;Qualificação Viária do Prefeitura Municipal de Cássia;R$ 36.200,00;R$ 687.800,00;R$ 724.000,00
Não enquadrada pelo Agente Financeiro;202.25.2208/2017;Qualificação Viária;MA;São José de Ribamar;Caixa Econômica Federal;Prefeitura Municipal de São José de Ribamar;Qualificação Viária do Prefeitura Municipal de São José de Ribamar;R$ 1.498.556,60;R$ 28.472.575,33;R$ 29.971.131,93
Não enquadrada pelo Agente Financeiro;1386.2.2112/2017;Qualificação Viária;PR;Santa Isabel do Ivaí;Fomento Paraná;Prefeitura Municipal de Santa Isabel do Ivaí;Qualificação Viária do Prefeitura Municipal de Santa Isabel do Ivaí;R$ 250.000,00;R$ 4.750.000,00;R$ 5.000.000,00
Devolvida ao Proponente;1325.2.1812/2017;Qualificação Viária;RS;Júlio de Castilhos;Caixa Econômica Federal;Prefeitura Municipal de Júlio de Castilhos;Qualificação Viária do Prefeitura Municipal de Júlio de Castilhos;R$ 174.259,12;R$ 3.310.923,16;R$ 3.485.182,28
Não enquadrada pelo Agente Financeiro;1150.24.2311/2017;Qualificação Viária;GO;Trindade;Caixa Econômica Federal;Prefeitura Municipal de Trindade;Qualificação Viária do Prefeitura Municipal de Trindade;R$ 625.000,00;R$ 11.875.000,00;R$ 12.500.000,00
Em análise de enquadramento;84.2.0908/2017;Qualificação Viária;RS;Pinhal da Serra;Caixa Econômica Federal;Prefeitura Municipal de Pinhal da Serra;Qualificação Viária do Prefeitura Municipal de Pinhal da Serra;R$ 110.000,00;R$ 2.090.000,00;R$ 2.200.000,00
Selecionada pelo gestor da aplicação;1065.2.1411/2017;Qualificação Viária;PR;Pérola;Caixa Econômica Federal;Prefeitura Municipal de Pérola;Qualificação Viária do Prefeitura Municipal de Pérola;R$ 123.131,20;R$ 2.339.492,74;R$ 2.462.623,94
Pré-selecionada pelo Gestor da Aplicação;1488.3.0401/2018;Transporte Não Motorizado;SC;Mondaí;Caixa Econômica Federal;Prefeitura Municipal de Mondaí;Transporte Não Motorizado do Prefeitura Municipal de Mondaí;R$ 50.000,00;R$ 950.000,00;R$ 1.000.000,00
Pré-selecionada pelo Gestor da Aplicação;1081.3.1611/2017;Transporte Não Motorizado;SC;Canoinhas;Caixa Econômica Federal;Prefeitura Municipal de Canoinhas;Transporte Não Motorizado do Prefeitura Municipal de Canoinhas;R$ 234.244,38;R$ 4.450.643,12;R$ 4.684.887,50
Pré-selecionada pelo Gestor da Aplicação;1147.2.2311/2017;Qualificação Viária;PR;Curiúva;Caixa Econômica Federal;Prefeitura Municipal de Curiúva;Qualificação Viária do Prefeitura Municipal de Curiúva;R$ 250.000,00;R$ 4.750.000,00;R$ 5.000.000,00
Devolvida ao Proponente;666.2.2709/2017;Qualificação Viária;RJ;Miguel Pereira;Caixa Econômica Federal;Prefeitura Municipal de Miguel Pereira;Qualificação Viária do Prefeitura Municipal de Miguel Pereira;R$ 249.500,00;R$ 4.740.500,00;R$ 4.990.000,00
Em análise de enquadramento;1046.2.1311/2017;Qualificação Viária;RJ;São Sebastião do Alto;Caixa Econômica Federal;MUNICÍPIO DE SÃO SEBASTIÃO DO ALTO;Qualificação Viária do MUNICÍPIO DE SÃO SEBASTIÃO DO ALTO;R$ 250.000,00;R$ 4.750.000,00;R$ 5.000.000,00
Em análise de enquadramento;1236.2.0612/2017;Qualificação Viária;RS;Tio Hugo;Caixa Econômica Federal;MUNICÍPIO DE TIO HUGO;Qualificação Viária do MUNICÍPIO DE TIO HUGO;R$ 69.183,68;R$ 1.314.489,74;R$ 1.383.673,42
Em análise de enquadramento;1230.2.0512/2017;Qualificação Viária;CE;Aquiraz;Caixa Econômica Federal;Prefeitura Municipal de Aquiraz;Qualificação Viária do Prefeitura Municipal de Aquiraz;R$ 252.761,71;R$ 4.802.472,43;R$ 5.055.234,14
Pré-selecionada pelo Gestor da Aplicação;3566.2.0407/2018;Qualificação Viária;SC;Treviso;Banco Regional de Desenvolvimento do Extremo Sul – BRDE;Prefeitura Municipal de Treviso;Qualificação Viária do Prefeitura Municipal de Treviso;R$ 47.970,65;R$ 911.442,29;R$ 959.412,94
Não enquadrada pelo Agente Financeiro;1423.24.2712/2017;Qualificação Viária;MS;Aral Moreira;Caixa Econômica Federal;Prefeitura Municipal de Aral Moreira;Qualificação Viária do Prefeitura Municipal de Aral Moreira;R$ 252.411,36;R$ 4.795.815,68;R$ 5.048.227,04
Pré-selecionada pelo Gestor da Aplicação;1103.2.1711/2017;Qualificação Viária;SP;Santa Bárbara d'Oeste;Caixa Econômica Federal;Prefeitura Municipal de Santa Bárbara d'Oeste;Qualificação Viária do Prefeitura Municipal de Santa Bárbara d'Oeste;R$ 364.000,00;R$ 6.916.000,00;R$ 7.280.000,00
Em análise de enquadramento;568.2.1909/2017;Qualificação Viária;RJ;Miguel Pereira;Caixa Econômica Federal;Prefeitura Municipal de Miguel Pereira;Qualificação Viária do Prefeitura Municipal de Miguel Pereira;R$ 750.000,00;R$ 14.250.000,00;R$ 15.000.000,00
Pré-selecionada pelo Gestor da Aplicação;824.2.1110/2017;Qualificação Viária;SC;Balneário Camboriú;Caixa Econômica Federal;Prefeitura Municipal de Balneário Camboriú;Qualificação Viária do Prefeitura Municipal de Balneário Camboriú;R$ 390.122,58;R$ 7.412.328,96;R$ 7.802.451,54
Não enquadrada pelo Agente Financeiro;1292.2.1312/2017;Qualificação Viária;MS;Itaporã;Caixa Econômica Federal;Prefeitura Municipal de Itaporã;Qualificação Viária do Prefeitura Municipal de Itaporã;R$ 96.342,29;R$ 1.830.503,32;R$ 1.926.845,61
Devolvida ao Proponente;1261.2.0812/2017;Qualificação Viária;SE;Tobias Barreto;Caixa Econômica Federal;Prefeitura Municipal de Tobias Barreto;Qualificação Viária do Prefeitura Municipal de Tobias Barreto;R$ 390.000,00;R$ 7.410.000,00;R$ 7.800.000,00
Pré-selecionada pelo Gestor da Aplicação;523.3.1509/2017;Transporte Não Motorizado;SC;Bela Vista do Toldo;Caixa Econômica Federal;Prefeitura Municipal de Bela Vista do Toldo;Transporte Não Motorizado do Prefeitura Municipal de Bela Vista do Toldo;R$ 131.193,00;R$ 2.492.650,00;R$ 2.623.843,00
Pré-selecionada pelo Gestor da Aplicação;462.2.0509/2017;Qualificação Viária;SP;Araras;Caixa Econômica Federal;Prefeitura Municipal de Araras;Qualificação Viária do Prefeitura Municipal de Araras;R$ 392.250,00;R$ 7.452.750,00;R$ 7.845.000,00
Pré-selecionada pelo Gestor da Aplicação;1169.2.2711/2017;Qualificação Viária;RS;Araricá;Caixa Econômica Federal;Prefeitura Municipal de Araricá;Qualificação Viária do Prefeitura Municipal de Araricá;R$ 827.393,56;R$ 5.000.000,00;R$ 5.827.393,56
Pré-selecionada pelo Gestor da Aplicação;641.2.2609/2017;Qualificação Viária;SC;Barra Velha;Caixa Econômica Federal;Prefeitura Municipal de Barra Velha;Qualificação Viária do Prefeitura Municipal de Barra Velha;R$ 423.393,00;R$ 8.044.467,00;R$ 8.467.860,00
Pré-selecionada pelo Gestor da Aplicação;448.25.0409/2017;Qualificação Viária;SP;Araras;Caixa Econômica Federal;Prefeitura Municipal de Araras;Qualificação Viária do Prefeitura Municipal de Araras;R$ 192.500,00;R$ 3.657.500,00;R$ 3.850.000,00
Não enquadrada pelo Agente Financeiro;1366.245.2012/2017;Qualificação Viária;MG;Passos;Banco de Desenvolvimento de Minas Gerais – BDMG;Prefeitura Municipal de Passos;Qualificação Viária do Prefeitura Municipal de Passos;R$ 1.500.000,00;R$ 28.500.000,00;R$ 30.000.000,00
Pré-selecionada pelo Gestor da Aplicação;575.24.2009/2017;Qualificação Viária;SC;Águas Frias;Caixa Econômica Federal;Prefeitura Municipal de Águas Frias;Qualificação Viária do Prefeitura Municipal de Águas Frias;R$ 97.790,00;R$ 1.858.010,00;R$ 1.955.800,00
Pré-selecionada pelo Gestor da Aplicação;1391.2.2212/2017;Qualificação Viária;MA;Estreito;Caixa Econômica Federal;Prefeitura Municipal de Estreito;Qualificação Viária do Prefeitura Municipal de Estreito;R$ 418.770,54;R$ 7.956.640,15;R$ 8.375.410,69
Em análise de enquadramento;865.2.2010/2017;Qualificação Viária;PR;Cruzeiro do Iguaçu;Caixa Econômica Federal;Prefeitura Municipal de Cruzeiro do Iguaçu;Qualificação Viária do Prefeitura Municipal de Cruzeiro do Iguaçu;R$ 160.000,00;R$ 3.040.000,00;R$ 3.200.000,00
Em análise de enquadramento;95.2.1108/2017;Qualificação Viária;ES;Viana;Caixa Econômica Federal;Prefeitura Municipal de Viana;Qualificação Viária do Prefeitura Municipal de Viana;R$ 804.467,98;R$ 15.284.891,54;R$ 16.089.359,52
Pré-selecionada pelo Gestor da Aplicação;3449.24.1206/2018;Qualificação Viária;PI;Patos do Piauí;Caixa Econômica Federal;Prefeitura Municipal de Patos do Piauí;Qualificação Viária do Prefeitura Municipal de Patos do Piauí;R$ 260.000,00;R$ 4.740.000,00;R$ 5.000.000,00
Pré-selecionada pelo Gestor da Aplicação;83.2.0908/2017;Qualificação Viária;BA;Dias d'Ávila;Caixa Econômica Federal;Prefeitura Municipal de Dias d'Ávila;Qualificação Viária do Prefeitura Municipal de Dias d'Ávila;R$ 750.000,00;R$ 14.250.000,00;R$ 15.000.000,00
Pré-selecionada pelo Gestor da Aplicação;1167.2.2711/2017;Qualificação Viária;SP;Rio Claro;Caixa Econômica Federal;Prefeitura Municipal de Rio Claro;Qualificação Viária do Prefeitura Municipal de Rio Claro;R$ 71.104,84;R$ 1.350.991,87;R$ 1.422.096,71
Pré-selecionada pelo Gestor da Aplicação;1489.34.0401/2018;Transporte Não Motorizado;SC;Mondaí;Caixa Econômica Federal;Prefeitura Municipal de Mondaí;Transporte Não Motorizado do Prefeitura Municipal de Mondaí;R$ 100.000,00;R$ 1.900.000,00;R$ 2.000.000,00
Pré-selecionada pelo Gestor da Aplicação;3434.2.0606/2018;Qualificação Viária;PI;Dom Inocêncio;Caixa Econômica Federal;Prefeitura Municipal de Dom Inocêncio;Qualificação Viária do Prefeitura Municipal de Dom Inocêncio;R$ 75.200,00;R$ 1.427.680,00;R$ 1.502.880,00
Pré-selecionada pelo Gestor da Aplicação;1483.2.0401/2018;Qualificação Viária;RS;Mato Castelhano;Caixa Econômica Federal;Prefeitura Municipal de Mato Castelhano;Qualificação Viária do Prefeitura Municipal de Mato Castelhano;R$ 247.896,83;R$ 4.710.039,72;R$ 4.957.936,55
Validação devolvida ao Agente Financeiro;102.3.1108/2017;Transporte Não Motorizado;BA;Dias d'Ávila;Caixa Econômica Federal;Prefeitura Municipal de Dias d'Ávila;Transporte Não Motorizado do Prefeitura Municipal de Dias d'Ávila;R$ 249.839,91;R$ 4.746.958,14;R$ 4.996.798,05
Selecionada pelo gestor da aplicação;1183.2.2911/2017;Qualificação Viária;RS;Tapejara;Caixa Econômica Federal;Prefeitura Municipal de Tapejara;Qualificação Viária do Prefeitura Municipal de Tapejara;R$ 749.089,36;R$ 14.232.697,72;R$ 14.981.787,08
Em análise de enquadramento;3864.24.2811/2018;Qualificação Viária;RN;Lagoa Nova;Bradesco;Prefeitura Municipal de Lagoa Nova;Qualificação Viária do Prefeitura Municipal de Lagoa Nova;R$ 255.000,00;R$ 4.845.000,00;R$ 5.100.000,00
Em análise de enquadramento;647.2.2609/2017;Qualificação Viária;RJ;Miguel Pereira;Caixa Econômica Federal;Prefeitura Municipal de Miguel Pereira;Qualificação Viária do Prefeitura Municipal de Miguel Pereira;R$ 225.000,00;R$ 4.275.000,00;R$ 4.500.000,00
Em análise de enquadramento;333.2.2508/2017;Qualificação Viária;MG;Francisco Dumont;Caixa Econômica Federal;Prefeitura Municipal de Francisco Dumont;Qualificação Viária do Prefeitura Municipal de Francisco Dumont;R$ 100.000,00;R$ 1.900.000,00;R$ 2.000.000,00
Devolvida ao Proponente;1562.3.1801/2018;Transporte Não Motorizado;RN;Canguaretama;Caixa Econômica Federal;Prefeitura Municipal de Canguaretama;Transporte Não Motorizado do Prefeitura Municipal de Canguaretama;R$ 76.625,00;R$ 1.455.875,00;R$ 1.532.500,00
Pré-selecionada pelo Gestor da Aplicação;417.2.3008/2017;Qualificação Viária;SC;Caçador;Caixa Econômica Federal;Prefeitura Municipal de Caçador;Qualificação Viária do Prefeitura Municipal de Caçador;R$ 997.172,00;R$ 18.946.268,00;R$ 19.943.440,00
Devolvida ao Proponente;305.2.2508/2017;Qualificação Viária;BA;Caturama;Caixa Econômica Federal;Prefeitura Municipal de Caturama;Qualificação Viária do Prefeitura Municipal de Caturama;R$ 72.500,00;R$ 1.377.500,00;R$ 1.450.000,00
Selecionada pelo gestor da aplicação;863.2.2010/2017;Qualificação Viária;PR;Castro;Caixa Econômica Federal;Prefeitura Municipal de Castro;Qualificação Viária do Prefeitura Municipal de Castro;R$ 369.000,00;R$ 7.011.000,00;R$ 7.380.000,00
Não enquadrada pelo Agente Financeiro;374.2.2808/2017;Qualificação Viária;PE;Buíque;Caixa Econômica Federal;Prefeitura Municipal de Buíque;Qualificação Viária do Prefeitura Municipal de Buíque;R$ 450.286,60;R$ 8.555.445,26;R$ 9.005.731,86
Selecionada pelo gestor da aplicação;678.2.2809/2017;Qualificação Viária;SC;Bombinhas;Caixa Econômica Federal;Prefeitura Municipal de Bombinhas;Qualificação Viária do Prefeitura Municipal de Bombinhas;R$ 1.095.018,61;R$ 5.000.000,00;R$ 6.095.018,61
Selecionada pelo gestor da aplicação;453.2.0409/2017;Qualificação Viária;MT;Rondonópolis;Caixa Econômica Federal;Prefeitura Municipal de Rondonópolis;Qualificação Viária do Prefeitura Municipal de Rondonópolis;R$ 1.577.028,66;R$ 29.963.544,53;R$ 31.540.573,19
Pré-selecionada pelo Gestor da Aplicação;373.25.2808/2017;Qualificação Viária;RJ;Queimados;Caixa Econômica Federal;Prefeitura Municipal de Queimados;Qualificação Viária do Prefeitura Municipal de Queimados;R$ 624.000,00;R$ 11.856.000,00;R$ 12.480.000,00
Selecionada pelo gestor da aplicação;744.24.0510/2017;Qualificação Viária;SP;Casa Branca;Caixa Econômica Federal;Prefeitura Municipal de Casa Branca;Qualificação Viária do Prefeitura Municipal de Casa Branca;R$ 100.000,00;R$ 1.900.000,00;R$ 2.000.000,00
Devolvida ao Proponente;1263.2.0812/2017;Qualificação Viária;SE;Tobias Barreto;Caixa Econômica Federal;Prefeitura Municipal de Tobias Barreto;Qualificação Viária do Prefeitura Municipal de Tobias Barreto;R$ 190.000,00;R$ 3.610.000,00;R$ 3.800.000,00
Devolvida ao Proponente;1306.2.1412/2017;Qualificação Viária;RS;Rosário do Sul;Caixa Econômica Federal;Prefeitura Municipal de Rosário do Sul;Qualificação Viária do Prefeitura Municipal de Rosário do Sul;R$ 187.500,00;R$ 3.562.500,00;R$ 3.750.000,00
Não enquadrada pelo Agente Financeiro;1262.2.0812/2017;Qualificação Viária;SE;Tobias Barreto;Caixa Econômica Federal;Prefeitura Municipal de Tobias Barreto;Qualificação Viária do Prefeitura Municipal de Tobias Barreto;R$ 190.000,00;R$ 3.610.000,00;R$ 3.800.000,00
Em análise de enquadramento;1509.2.0901/2018;Qualificação Viária;RS;Benjamin Constant do Sul;Caixa Econômica Federal;Prefeitura Municipal de Benjamin Constant do Sul;Qualificação Viária do Prefeitura Municipal de Benjamin Constant do Sul;R$ 51.120,98;R$ 971.298,51;R$ 1.022.419,49
Pré-selecionada pelo Gestor da Aplicação;1569.24.1901/2018;Qualificação Viária;PI;Colônia do Piauí;Caixa Econômica Federal;Prefeitura Municipal de Colônia do Piauí;Qualificação Viária do Prefeitura Municipal de Colônia do Piauí;R$ 130.354,47;R$ 2.476.734,76;R$ 2.607.089,23
Não enquadrada pelo Agente Financeiro;362.2.2808/2017;Qualificação Viária;BA;Jequié;Caixa Econômica Federal;Prefeitura Municipal de Jequié;Qualificação Viária do Prefeitura Municipal de Jequié;R$ 75.000,00;R$ 1.425.000,00;R$ 1.500.000,00
Pré-selecionada pelo Gestor da Aplicação;472.2.0609/2017;Qualificação Viária;SC;Nova Erechim;Caixa Econômica Federal;Prefeitura Municipal de Nova Erechim;Qualificação Viária do Prefeitura Municipal de Nova Erechim;R$ 37.361,00;R$ 709.859,00;R$ 747.220,00
Não enquadrada pelo Agente Financeiro;409.2.3008/2017;Qualificação Viária;SP;Bastos;Caixa Econômica Federal;Prefeitura Municipal de Bastos;Qualificação Viária do Prefeitura Municipal de Bastos;R$ 64.050,00;R$ 1.216.950,00;R$ 1.281.000,00
Pré-selecionada pelo Gestor da Aplicação;75.3.0808/2017;Transporte Não Motorizado;SC;Itapema;Caixa Econômica Federal;Prefeitura Municipal de Itapema;Transporte Não Motorizado do Prefeitura Municipal de Itapema;R$ 109.643,43;R$ 2.083.225,03;R$ 2.192.868,46
Pré-selecionada pelo Gestor da Aplicação;58.2.0708/2017;Qualificação Viária;SC;Itajaí;Caixa Econômica Federal;Prefeitura Municipal de Itajaí;Qualificação Viária do Prefeitura Municipal de Itajaí;R$ 802.374,15;R$ 15.245.108,79;R$ 16.047.482,94
Pré-selecionada pelo Gestor da Aplicação;61.2.0708/2017;Qualificação Viária;SC;Itajaí;Caixa Econômica Federal;Prefeitura Municipal de Itajaí;Qualificação Viária do Prefeitura Municipal de Itajaí;R$ 248.492,82;R$ 4.721.363,54;R$ 4.969.856,36
Devolvida ao Proponente;569.24.1909/2017;Qualificação Viária;BA;Lagoa Real;Caixa Econômica Federal;Prefeitura Municipal de Lagoa Real;Qualificação Viária do Prefeitura Municipal de Lagoa Real;R$ 137.500,00;R$ 2.612.500,00;R$ 2.750.000,00
Pré-selecionada pelo Gestor da Aplicação;309.2.2508/2017;Qualificação Viária;RJ;Itatiaia;Caixa Econômica Federal;Prefeitura Municipal de Itatiaia;Qualificação Viária do Prefeitura Municipal de Itatiaia;R$ 741.027,90;R$ 14.079.530,00;R$ 14.820.557,90
Em análise de enquadramento;1405.2.2312/2017;Qualificação Viária;MA;Estreito;Caixa Econômica Federal;Prefeitura Municipal de Estreito;Qualificação Viária do Prefeitura Municipal de Estreito;R$ 249.578,17;R$ 4.741.985,13;R$ 4.991.563,30
Em análise de enquadramento;1074.2.1411/2017;Qualificação Viária;SP;Guaratinguetá;Caixa Econômica Federal;Prefeitura Municipal de Guaratinguetá;Qualificação Viária do Prefeitura Municipal de Guaratinguetá;R$ 1.145.976,73;R$ 21.773.557,81;R$ 22.919.534,54
Em análise de enquadramento;1151.2.2311/2017;Qualificação Viária;PE;São José do Belmonte;Caixa Econômica Federal;Prefeitura Municipal de São José do Belmonte;Qualificação Viária do Prefeitura Municipal de São José do Belmonte;R$ 183.809,50;R$ 3.492.380,50;R$ 3.676.190,00
Em análise de enquadramento;3435.24.0806/2018;Qualificação Viária;MA;Vitorino Freire;Caixa Econômica Federal;Prefeitura Municipal de Vitorino Freire;Qualificação Viária do Prefeitura Municipal de Vitorino Freire;R$ 741.404,91;R$ 14.086.693,14;R$ 14.828.098,05
Em análise de enquadramento;1116.2.2011/2017;Qualificação Viária;CE;Pacoti;Caixa Econômica Federal;Prefeitura Municipal de Pacoti;Qualificação Viária do Prefeitura Municipal de Pacoti;R$ 250.000,00;R$ 4.750.000,00;R$ 5.000.000,00
Pré-selecionada pelo Gestor da Aplicação;3335.2.2405/2018;Qualificação Viária;PR;Almirante Tamandaré;Banco Regional de Desenvolvimento do Extremo Sul – BRDE;Prefeitura Municipal de Almirante Tamandaré;Qualificação Viária do Prefeitura Municipal de Almirante Tamandaré;R$ 270.398,98;R$ 5.137.572,72;R$ 5.407.971,70
Pré-selecionada pelo Gestor da Aplicação;721.24.0310/2017;Qualificação Viária;MT;Sinop;Caixa Econômica Federal;Prefeitura Municipal de Sinop;Qualificação Viária do Prefeitura Municipal de Sinop;R$ 1.525.044,88;R$ 28.975.852,59;R$ 30.500.897,47
Pré-selecionada pelo Gestor da Aplicação;1328.2.1812/2017;Qualificação Viária;SC;São Bento do Sul;Caixa Econômica Federal;Prefeitura Municipal de São Bento do Sul;Qualificação Viária do Prefeitura Municipal de São Bento do Sul;R$ 189.196,21;R$ 3.594.727,84;R$ 3.783.924,05
Em análise de enquadramento;1050.2.1311/2017;Qualificação Viária;PR;Saudade do Iguaçu;Caixa Econômica Federal;Prefeitura Municipal de Saudade do Iguaçu;Qualificação Viária do Prefeitura Municipal de Saudade do Iguaçu;R$ 250.000,00;R$ 4.750.000,00;R$ 5.000.000,00
Selecionada pelo gestor da aplicação;734.2.0410/2017;Qualificação Viária;SC;Ermo;Caixa Econômica Federal;Prefeitura Municipal de Ermo;Qualificação Viária do Prefeitura Municipal de Ermo;R$ 235.000,00;R$ 4.465.000,00;R$ 4.700.000,00
Pré-selecionada pelo Gestor da Aplicação;457.2.0509/2017;Qualificação Viária;SP;Araras;Caixa Econômica Federal;Prefeitura Municipal de Araras;Qualificação Viária do Prefeitura Municipal de Araras;R$ 522.000,00;R$ 9.918.000,00;R$ 10.440.000,00
Pré-selecionada pelo Gestor da Aplicação;459.2.0509/2017;Qualificação Viária;SP;Araras;Caixa Econômica Federal;Prefeitura Municipal de Araras;Qualificação Viária do Prefeitura Municipal de Araras;R$ 391.250,00;R$ 7.433.750,00;R$ 7.825.000,00
Devolvida ao Proponente;3722.2.1309/2018;Qualificação Viária;RS;Nova Roma do Sul;Caixa Econômica Federal;Prefeitura Municipal de Nova Roma do Sul;Qualificação Viária do Prefeitura Municipal de Nova Roma do Sul;R$ 117.476,99;R$ 2.232.062,62;R$ 2.349.539,61
Em análise de enquadramento;1337.24.1812/2017;Qualificação Viária;BA;Mirangaba;Caixa Econômica Federal;Prefeitura Municipal de Mirangaba;Qualificação Viária do Prefeitura Municipal de Mirangaba;R$ 77.000,00;R$ 1.463.000,00;R$ 1.540.000,00
Em análise de enquadramento;1069.3.1411/2017;Transporte Não Motorizado;PR;Icaraíma;Caixa Econômica Federal;Prefeitura Municipal de Icaraíma;Transporte Não Motorizado do Prefeitura Municipal de Icaraíma;R$ 27.500,00;R$ 522.500,00;R$ 550.000,00
Em análise pelo administrador do Agente Financeiro;1045.3.1311/2017;Transporte Não Motorizado;SP;Araçatuba;Caixa Econômica Federal;Prefeitura Municipal de Araçatuba;Transporte Não Motorizado do Prefeitura Municipal de Araçatuba;R$ 382.200,00;R$ 7.261.800,00;R$ 7.644.000,00
Não enquadrada pelo Agente Financeiro;291.2.2508/2017;Qualificação Viária;TO;Paranã;Caixa Econômica Federal;Prefeitura Municipal de Paranã;Qualificação Viária do Prefeitura Municipal de Paranã;R$ 250.000,00;R$ 4.750.000,00;R$ 5.000.000,00
Pré-selecionada pelo Gestor da Aplicação;576.3.2009/2017;Transporte Não Motorizado;SC;Águas Frias;Caixa Econômica Federal;Prefeitura Municipal de Águas Frias;Transporte Não Motorizado do Prefeitura Municipal de Águas Frias;R$ 42.000,00;R$ 798.000,00;R$ 840.000,00
Pré-selecionada pelo Gestor da Aplicação;1227.2.0512/2017;Qualificação Viária;RS;Sapiranga;Caixa Econômica Federal;Prefeitura Municipal de Sapiranga;Qualificação Viária do Prefeitura Municipal de Sapiranga;R$ 450.461,86;R$ 8.558.775,14;R$ 9.009.237,00
Devolvida ao Proponente;1264.2.0812/2017;Qualificação Viária;SE;Tobias Barreto;Caixa Econômica Federal;Prefeitura Municipal de Tobias Barreto;Qualificação Viária do Prefeitura Municipal de Tobias Barreto;R$ 209.450,00;R$ 3.979.550,00;R$ 4.189.000,00
Pré-selecionada pelo Gestor da Aplicação;1246.2.0712/2017;Qualificação Viária;SP;Porto Ferreira;Caixa Econômica Federal;Prefeitura Municipal de Porto Ferreira;Qualificação Viária do Prefeitura Municipal de Porto Ferreira;R$ 114.440,94;R$ 2.174.377,71;R$ 2.288.818,65
Em análise de enquadramento;1598.2.2601/2018;Qualificação Viária;RS;Serafina Corrêa;Bradesco;Prefeitura Municipal de Serafina Corrêa;Qualificação Viária do Prefeitura Municipal de Serafina Corrêa;R$ 133.696,90;R$ 2.540.240,91;R$ 2.673.937,81
Não enquadrada pelo Agente Financeiro;489.24.1109/2017;Qualificação Viária;SP;Casa Branca;Caixa Econômica Federal;Prefeitura Municipal de Casa Branca;Qualificação Viária do Prefeitura Municipal de Casa Branca;R$ 100.000,00;R$ 1.900.000,00;R$ 2.000.000,00
Não enquadrada pelo Agente Financeiro;1445.2.2812/2017;Qualificação Viária;PR;Cafezal do Sul;Fomento Paraná;Prefeitura Municipal de Cafezal do Sul;Qualificação Viária do Prefeitura Municipal de Cafezal do Sul;R$ 78.046,77;R$ 1.482.888,58;R$ 1.560.935,35
Pré-selecionada pelo Gestor da Aplicação;1409.2.2612/2017;Qualificação Viária;SC;Braço do Norte;Banco Regional de Desenvolvimento do Extremo Sul – BRDE;Prefeitura Municipal de Braço do Norte;Qualificação Viária do Prefeitura Municipal de Braço do Norte;R$ 265.055,20;R$ 5.036.048,80;R$ 5.301.104,00
Não enquadrada pelo Agente Financeiro;894.2.2410/2017;Qualificação Viária;PR;Araruna;Caixa Econômica Federal;Prefeitura Municipal de Araruna;Qualificação Viária do Prefeitura Municipal de Araruna;R$ 88.800,00;R$ 1.687.200,00;R$ 1.776.000,00
Não enquadrada pelo Agente Financeiro;1348.2.1912/2017;Qualificação Viária;RJ;Resende;Caixa Econômica Federal;Prefeitura Municipal de Resende;Qualificação Viária do Prefeitura Municipal de Resende;R$ 1.162.231,50;R$ 22.082.398,50;R$ 23.244.630,00
Pré-selecionada pelo Gestor da Aplicação;3447.2.1106/2018;Qualificação Viária;PI;Cristalândia do Piauí;Caixa Econômica Federal;Prefeitura Municipal de Cristalândia do Piauí;Qualificação Viária do Prefeitura Municipal de Cristalândia do Piauí;R$ 115.025,00;R$ 2.185.475,00;R$ 2.300.500,00
Pré-selecionada pelo Gestor da Aplicação;3468.24.1206/2018;Qualificação Viária;PI;União;Caixa Econômica Federal;Prefeitura Municipal de União;Qualificação Viária do Prefeitura Municipal de União;R$ 770.000,00;R$ 14.230.000,00;R$ 15.000.000,00
Devolvida ao Proponente;1319.24.1512/2017;Qualificação Viária;MG;Cataguases;Caixa Econômica Federal;Prefeitura Municipal de Cataguases;Qualificação Viária do Prefeitura Municipal de Cataguases;R$ 130.000,00;R$ 2.470.000,00;R$ 2.600.000,00
Pré-selecionada pelo Gestor da Aplicação;1414.2.2612/2017;Qualificação Viária;MS;Ribas do Rio Pardo;Caixa Econômica Federal;Prefeitura Municipal de Ribas do Rio Pardo;Qualificação Viária do Prefeitura Municipal de Ribas do Rio Pardo;R$ 747.527,86;R$ 14.203.029,17;R$ 14.950.557,03
Não enquadrada pelo Agente Financeiro;1291.2.1212/2017;Qualificação Viária;CE;Pacatuba;Caixa Econômica Federal;Prefeitura Municipal de Pacatuba;Qualificação Viária do Prefeitura Municipal de Pacatuba;R$ 447.243,25;R$ 8.497.621,74;R$ 8.944.864,99
Pré-selecionada pelo Gestor da Aplicação;1157.24.2411/2017;Qualificação Viária;MG;Boa Esperança;Caixa Econômica Federal;Prefeitura Municipal de Boa Esperança;Qualificação Viária do Prefeitura Municipal de Boa Esperança;R$ 650.250,00;R$ 12.354.750,00;R$ 13.005.000,00
Em análise de enquadramento;1425.245.2712/2017;Qualificação Viária;PB;Santa Rita;Caixa Econômica Federal;Prefeitura Municipal de Santa Rita;Qualificação Viária do Prefeitura Municipal de Santa Rita;R$ 1.510.000,00;R$ 28.690.000,00;R$ 30.200.000,00
Pré-selecionada pelo Gestor da Aplicação;3186.2.1204/2018;Qualificação Viária;RS;Santa Clara do Sul;Caixa Econômica Federal;Prefeitura Municipal de Santa Clara do Sul;Qualificação Viária do Prefeitura Municipal de Santa Clara do Sul;R$ 171.451,35;R$ 3.257.575,64;R$ 3.429.026,99
Não enquadrada pelo Agente Financeiro;1086.2.1611/2017;Qualificação Viária;PR;Loanda;Caixa Econômica Federal;Prefeitura Municipal de Loanda;Qualificação Viária do Prefeitura Municipal de Loanda;R$ 138.824,21;R$ 2.637.659,79;R$ 2.776.484,00
Em análise de enquadramento;1226.2.0512/2017;Qualificação Viária;RS;Sapiranga;Caixa Econômica Federal;Prefeitura Municipal de Sapiranga;Qualificação Viária do Prefeitura Municipal de Sapiranga;R$ 214.883,00;R$ 4.082.765,05;R$ 4.297.648,05
Em análise de enquadramento;1420.24.2612/2017;Qualificação Viária;BA;Mirangaba;Caixa Econômica Federal;Prefeitura Municipal de Mirangaba;Qualificação Viária do Prefeitura Municipal de Mirangaba;R$ 54.100,00;R$ 1.027.900,00;R$ 1.082.000,00
Em análise de enquadramento;652.2.2709/2017;Qualificação Viária;SP;Santa Bárbara d'Oeste;Caixa Econômica Federal;Prefeitura Municipal de Santa Bárbara d'Oeste;Qualificação Viária do Prefeitura Municipal de Santa Bárbara d'Oeste;R$ 340.500,00;R$ 6.469.500,00;R$ 6.810.000,00
Pré-selecionada pelo Gestor da Aplicação;3522.24.0607/2018;Qualificação Viária;PI;Buriti dos Lopes;Caixa Econômica Federal;Prefeitura Municipal de Buriti dos Lopes;Qualificação Viária do Prefeitura Municipal de Buriti dos Lopes;R$ 248.275,00;R$ 4.717.225,00;R$ 4.965.500,00
Selecionada pelo gestor da aplicação;419.2.3008/2017;Qualificação Viária;SP;Mogi Mirim;Caixa Econômica Federal;Prefeitura Municipal de Moji Mirim;Qualificação Viária do Prefeitura Municipal de Moji Mirim;R$ 1.050.000,00;R$ 19.950.000,00;R$ 21.000.000,00
Não enquadrada pelo Agente Financeiro;1240.2.0712/2017;Qualificação Viária;SC;São Bento do Sul;Caixa Econômica Federal;Prefeitura Municipal de São Bento do Sul;Qualificação Viária do Prefeitura Municipal de São Bento do Sul;R$ 176.201,03;R$ 3.347.819,46;R$ 3.524.020,49
Não enquadrada pelo Agente Financeiro;1534.24.1201/2018;Qualificação Viária;SC;Campo Belo do Sul;Caixa Econômica Federal;Prefeitura Municipal de Campo Belo do Sul;Qualificação Viária do Prefeitura Municipal de Campo Belo do Sul;R$ 250.000,00;R$ 4.750.000,00;R$ 5.000.000,00
Pré-selecionada pelo Gestor da Aplicação;1088.2.1611/2017;Qualificação Viária;PR;Farol;Caixa Econômica Federal;Prefeitura Municipal de Farol;Qualificação Viária do Prefeitura Municipal de Farol;R$ 75.000,00;R$ 1.425.000,00;R$ 1.500.000,00
Enquadrada pelo Agente Financeiro;1250.2.0712/2017;Qualificação Viária;PR;São João do Triunfo;Caixa Econômica Federal;Prefeitura Municipal de São João do Triunfo;Qualificação Viária do Prefeitura Municipal de São João do Triunfo;R$ 28.302,03;R$ 537.738,56;R$ 566.040,59
Devolvida ao Proponente;513.2.1409/2017;Qualificação Viária;RS;Tupanciretã;Caixa Econômica Federal;Prefeitura Municipal de Tupanciretã;Qualificação Viária do Prefeitura Municipal de Tupanciretã;R$ 141.047,32;R$ 2.679.899,01;R$ 2.820.946,33
Em análise de enquadramento;1354.2.2012/2017;Qualificação Viária;SC;Ilhota;Caixa Econômica Federal;Prefeitura Municipal de Ilhota;Qualificação Viária do Prefeitura Municipal de Ilhota;R$ 56.058,18;R$ 1.065.105,33;R$ 1.121.163,51
Pré-selecionada pelo Gestor da Aplicação;1225.2.0512/2017;Qualificação Viária;RS;Sapiranga;Caixa Econômica Federal;Prefeitura Municipal de Sapiranga;Qualificação Viária do Prefeitura Municipal de Sapiranga;R$ 206.085,66;R$ 3.915.627,44;R$ 4.121.713,10
Pré-selecionada pelo Gestor da Aplicação;1490.2.0401/2018;Qualificação Viária;SP;Viradouro;Caixa Econômica Federal;Prefeitura Municipal de Viradouro;Qualificação Viária do Prefeitura Municipal de Viradouro;R$ 97.500,00;R$ 1.852.500,00;R$ 1.950.000,00
Pré-selecionada pelo Gestor da Aplicação;1448.2.2912/2017;Qualificação Viária;RS;Espumoso;Caixa Econômica Federal;Prefeitura Municipal de Espumoso;Qualificação Viária do Prefeitura Municipal de Espumoso;R$ 250.000,00;R$ 4.750.000,00;R$ 5.000.000,00
Pré-selecionada pelo Gestor da Aplicação;1090.2.1611/2017;Qualificação Viária;RS;Vitória das Missões;Caixa Econômica Federal;Prefeitura Municipal de Vitória das Missões;Qualificação Viária do Prefeitura Municipal de Vitória das Missões;R$ 190.250,00;R$ 3.614.750,00;R$ 3.805.000,00
Pré-selecionada pelo Gestor da Aplicação;3726.2.2409/2018;Qualificação Viária;BA;Candeias;Caixa Econômica Federal;Prefeitura Municipal de Candeias;Qualificação Viária do Prefeitura Municipal de Candeias;R$ 970.000,00;R$ 18.430.000,00;R$ 19.400.000,00
Em análise de enquadramento;3437.24.0606/2018;Qualificação Viária;PI;Milton Brandão;Caixa Econômica Federal;Prefeitura Municipal de Milton Brandão;Qualificação Viária do Prefeitura Municipal de Milton Brandão;R$ 132.051,15;R$ 2.508.971,85;R$ 2.641.023,00
Não enquadrada pelo Agente Financeiro;1403.2.2212/2017;Qualificação Viária;RJ;Resende;Caixa Econômica Federal;Prefeitura Municipal de Resende;Qualificação Viária do Prefeitura Municipal de Resende;R$ 349.302,95;R$ 6.636.756,05;R$ 6.986.059,00
Pré-selecionada pelo Gestor da Aplicação;1395.245.2212/2017;Qualificação Viária;SP;Itapevi;Caixa Econômica Federal;Prefeitura Municipal de Itapevi;Qualificação Viária do Prefeitura Municipal de Itapevi;R$ 1.492.600,00;R$ 28.359.400,00;R$ 29.852.000,00
Pré-selecionada pelo Gestor da Aplicação;1379.2.2112/2017;Qualificação Viária;BA;Jitaúna;Caixa Econômica Federal;Prefeitura Municipal de Jitaúna;Qualificação Viária do Prefeitura Municipal de Jitaúna;R$ 249.082,10;R$ 4.732.559,90;R$ 4.981.642,00
Pré-selecionada pelo Gestor da Aplicação;1304.2.1412/2017;Qualificação Viária;PE;Orocó;Caixa Econômica Federal;Prefeitura Municipal de Orocó;Qualificação Viária do Prefeitura Municipal de Orocó;R$ 134.154,96;R$ 2.548.944,05;R$ 2.683.099,01
Em análise de enquadramento;1413.2.2612/2017;Qualificação Viária;MG;Serro;Caixa Econômica Federal;Prefeitura Municipal de Serro;Qualificação Viária do Prefeitura Municipal de Serro;R$ 154.795,58;R$ 2.941.115,92;R$ 3.095.911,50
Pré-selecionada pelo Gestor da Aplicação;1080.2.1611/2017;Qualificação Viária;PR;Primeiro de Maio;Caixa Econômica Federal;Prefeitura Municipal de Primeiro de Maio;Qualificação Viária do Prefeitura Municipal de Primeiro de Maio;R$ 112.605,00;R$ 2.139.495,00;R$ 2.252.100,00
Não enquadrada pelo Agente Financeiro;1241.3.0712/2017;Transporte Não Motorizado;SC;São Bento do Sul;Caixa Econômica Federal;Prefeitura Municipal de São Bento do Sul;Transporte Não Motorizado do Prefeitura Municipal de São Bento do Sul;R$ 53.906,61;R$ 1.024.225,57;R$ 1.078.132,18
Selecionada pelo gestor da aplicação;1375.2.2112/2017;Qualificação Viária;SC;São José do Cedro;Caixa Econômica Federal;Prefeitura Municipal de São José do Cedro;Qualificação Viária do Prefeitura Municipal de São José do Cedro;R$ 159.000,00;R$ 2.884.890,00;R$ 3.043.890,00
Em análise de enquadramento;1432.24.2712/2017;Qualificação Viária;RO;Ouro Preto do Oeste;Caixa Econômica Federal;Prefeitura Municipal de Ouro Preto do Oeste;Qualificação Viária do Prefeitura Municipal de Ouro Preto do Oeste;R$ 760.980,99;R$ 14.458.638,62;R$ 15.219.619,61
Não enquadrada pelo Agente Financeiro;1047.2.1311/2017;Qualificação Viária;PR;Cruz Machado;Caixa Econômica Federal;Prefeitura Municipal de Cruz Machado;Qualificação Viária do Prefeitura Municipal de Cruz Machado;R$ 139.499,10;R$ 2.650.482,73;R$ 2.789.981,83
Em análise de enquadramento;1130.2.2111/2017;Qualificação Viária;RS;Camargo;Banco Regional de Desenvolvimento do Extremo Sul – BRDE;MUNICIPIO DE CAMARGO;Qualificação Viária do MUNICIPIO DE CAMARGO;R$ 61.859,88;R$ 1.175.337,61;R$ 1.237.197,49
Não enquadrada pelo Agente Financeiro;1605.2.2901/2018;Qualificação Viária;PR;Paranavaí;Caixa Econômica Federal;Prefeitura Municipal de Paranavaí;Qualificação Viária do Prefeitura Municipal de Paranavaí;R$ 96.034,02;R$ 1.824.646,32;R$ 1.920.680,34
Não enquadrada pelo Agente Financeiro;539.3.1609/2017;Transporte Não Motorizado;TO;Santa Terezinha do Tocantins;Caixa Econômica Federal;Prefeitura Municipal de Santa Terezinha do Tocantins;Transporte Não Motorizado do Prefeitura Municipal de Santa Terezinha do Tocantins;R$ 258.505,00;R$ 4.911.595,00;R$ 5.170.100,00
Pré-selecionada pelo Gestor da Aplicação;1631.2.0103/2018;Qualificação Viária;PR;Sarandi;Caixa Econômica Federal;Prefeitura Municipal de Sarandi;Qualificação Viária do Prefeitura Municipal de Sarandi;R$ 192.145,94;R$ 3.650.772,80;R$ 3.842.918,74
Devolvida ao Proponente;1373.25.2112/2017;Qualificação Viária;SE;Nossa Senhora do Socorro;Caixa Econômica Federal;Prefeitura Municipal de Nossa Senhora do Socorro;Qualificação Viária do Prefeitura Municipal de Nossa Senhora do Socorro;R$ 246.410,90;R$ 4.681.807,03;R$ 4.928.217,93
Selecionada pelo gestor da aplicação;1224.2.0512/2017;Qualificação Viária;RS;Sapiranga;Caixa Econômica Federal;Prefeitura Municipal de Sapiranga;Qualificação Viária do Prefeitura Municipal de Sapiranga;R$ 118.173,94;R$ 2.245.304,66;R$ 2.363.478,60
Em análise de enquadramento;1377.34.2112/2017;Transporte Não Motorizado;SP;Hortolândia;Caixa Econômica Federal;MUNICIPIO DE HORTOLANDIA;Transporte Não Motorizado do MUNICIPIO DE HORTOLANDIA;R$ 200.000,00;R$ 3.800.000,00;R$ 4.000.000,00
Em análise de enquadramento;3619.2.1707/2018;Qualificação Viária;PI;São Luis do Piauí;Caixa Econômica Federal;Prefeitura Municipal de São Luis do Piauí;Qualificação Viária do Prefeitura Municipal de São Luis do Piauí;R$ 240.397,50;R$ 4.567.552,50;R$ 4.807.950,00
Pré-selecionada pelo Gestor da Aplicação;1421.2.2712/2017;Qualificação Viária;PR;Formosa do Oeste;Caixa Econômica Federal;Prefeitura Municipal de Formosa do Oeste;Qualificação Viária do Prefeitura Municipal de Formosa do Oeste;R$ 130.000,00;R$ 2.470.000,00;R$ 2.600.000,00
Em análise de enquadramento;632.2.2609/2017;Qualificação Viária;SC;Ascurra;Caixa Econômica Federal;Prefeitura Municipal de Ascurra;Qualificação Viária do Prefeitura Municipal de Ascurra;R$ 125.000,00;R$ 2.375.000,00;R$ 2.500.000,00
Não enquadrada pelo Agente Financeiro;92.2.1108/2017;Qualificação Viária;PR;Campina Grande do Sul;Fomento Paraná;Prefeitura Municipal de Campina Grande do Sul;Qualificação Viária do Prefeitura Municipal de Campina Grande do Sul;R$ 114.450,00;R$ 2.174.550,00;R$ 2.289.000,00
Selecionada pelo gestor da aplicação;1374.3.2112/2017;Transporte Não Motorizado;SC;São José do Cedro;Caixa Econômica Federal;Prefeitura Municipal de São José do Cedro;Transporte Não Motorizado do Prefeitura Municipal de São José do Cedro;R$ 120.000,00;R$ 1.995.000,00;R$ 2.115.000,00
Não enquadrada pelo Agente Financeiro;252.24.2408/2017;Qualificação Viária;BA;Castro Alves;Caixa Econômica Federal;Prefeitura Municipal de Castro Alves;Qualificação Viária do Prefeitura Municipal de Castro Alves;R$ 498.815,12;R$ 9.477.487,11;R$ 9.976.302,23
Pré-selecionada pelo Gestor da Aplicação;3439.24.0606/2018;Qualificação Viária;PI;Alvorada do Gurguéia;Caixa Econômica Federal;Prefeitura Municipal de Alvorada do Gurguéia;Qualificação Viária do Prefeitura Municipal de Alvorada do Gurguéia;R$ 249.274,94;R$ 4.736.223,76;R$ 4.985.498,70
Em análise de enquadramento;1410.34.2612/2017;Transporte Não Motorizado;PB;Umbuzeiro;Caixa Econômica Federal;Prefeitura Municipal de Umbuzeiro;Transporte Não Motorizado do Prefeitura Municipal de Umbuzeiro;R$ 27.500,00;R$ 522.500,00;R$ 550.000,00
Devolvida ao Proponente;3942.2.2002/2019;Qualificação Viária;GO;Rubiataba;Caixa Econômica Federal;Prefeitura Municipal de Rubiataba;Qualificação Viária do Prefeitura Municipal de Rubiataba;R$ 123.205,25;R$ 2.340.899,64;R$ 2.464.104,89
Pré-selecionada pelo Gestor da Aplicação;1539.2.1201/2018;Qualificação Viária;MG;Eugenópolis;Caixa Econômica Federal;Prefeitura Municipal de Eugenópolis;Qualificação Viária do Prefeitura Municipal de Eugenópolis;R$ 242.500,00;R$ 4.607.500,00;R$ 4.850.000,00
Em análise de enquadramento;522.2.1509/2017;Qualificação Viária;PR;Nova Santa Rosa;Caixa Econômica Federal;Prefeitura Municipal de Nova Santa Rosa;Qualificação Viária do Prefeitura Municipal de Nova Santa Rosa;R$ 78.661,40;R$ 1.494.566,47;R$ 1.573.227,87
Em análise de enquadramento;618.3.2209/2017;Transporte Não Motorizado;GO;Mineiros;Caixa Econômica Federal;Prefeitura Municipal de Mineiros;Transporte Não Motorizado do Prefeitura Municipal de Mineiros;R$ 346.857,40;R$ 6.590.290,54;R$ 6.937.147,94
Não enquadrada pelo Agente Financeiro;1100.2.1711/2017;Qualificação Viária;PR;Loanda;Fomento Paraná;Prefeitura Municipal de Loanda;Qualificação Viária do Prefeitura Municipal de Loanda;R$ 126.935,71;R$ 2.411.778,32;R$ 2.538.714,03
Pré-selecionada pelo Gestor da Aplicação;1632.2.0103/2018;Qualificação Viária;PR;Sarandi;Caixa Econômica Federal;Prefeitura Municipal de Sarandi;Qualificação Viária do Prefeitura Municipal de Sarandi;R$ 156.203,16;R$ 2.967.860,01;R$ 3.124.063,17
Em análise de enquadramento;1563.24.1801/2018;Qualificação Viária;RS;Sarandi;Caixa Econômica Federal;Prefeitura Municipal de Sarandi;Qualificação Viária do Prefeitura Municipal de Sarandi;R$ 265.891,61;R$ 5.051.940,49;R$ 5.317.832,10
Pré-selecionada pelo Gestor da Aplicação;1286.2.1212/2017;Qualificação Viária;SC;Içara;Caixa Econômica Federal;Prefeitura Municipal de Içara;Qualificação Viária do Prefeitura Municipal de Içara;R$ 749.634,71;R$ 14.243.059,29;R$ 14.992.694,00
Não enquadrada pelo Agente Financeiro;1476.2.0301/2018;Qualificação Viária;SP;Bastos;Caixa Econômica Federal;Prefeitura Municipal de Bastos;Qualificação Viária do Prefeitura Municipal de Bastos;R$ 573.400,00;R$ 10.894.600,00;R$ 11.468.000,00
Pré-selecionada pelo Gestor da Aplicação;1436.24.2812/2017;Qualificação Viária;PR;Ortigueira;Caixa Econômica Federal;Prefeitura Municipal de Ortigueira;Qualificação Viária do Prefeitura Municipal de Ortigueira;R$ 692.000,00;R$ 13.148.000,00;R$ 13.840.000,00
Selecionada pelo gestor da aplicação;1305.2.1412/2017;Qualificação Viária;CE;Horizonte;Caixa Econômica Federal;Prefeitura Municipal de Horizonte;Qualificação Viária do Prefeitura Municipal de Horizonte;R$ 999.917,00;R$ 18.998.423,00;R$ 19.998.340,00
Pré-selecionada pelo Gestor da Aplicação;1606.3.2901/2018;Transporte Não Motorizado;PR;Paranavaí;Caixa Econômica Federal;Prefeitura Municipal de Paranavaí;Transporte Não Motorizado do Prefeitura Municipal de Paranavaí;R$ 202.341,08;R$ 3.844.480,37;R$ 4.046.821,45
Pré-selecionada pelo Gestor da Aplicação;3620.24.1807/2018;Qualificação Viária;PI;Canto do Buriti;Caixa Econômica Federal;Prefeitura Municipal de Canto do Buriti;Qualificação Viária do Prefeitura Municipal de Canto do Buriti;R$ 400.000,00;R$ 7.600.000,00;R$ 8.000.000,00
Pré-selecionada pelo Gestor da Aplicação;3505.2.1806/2018;Qualificação Viária;SC;Planalto Alegre;Caixa Econômica Federal;Prefeitura Municipal de Planalto Alegre;Qualificação Viária do Prefeitura Municipal de Planalto Alegre;R$ 143.000,00;R$ 2.717.000,00;R$ 2.860.000,00
Não enquadrada pelo Agente Financeiro;698.24.2909/2017;Qualificação Viária;RJ;Três Rios;Caixa Econômica Federal;Prefeitura Municipal de Três Rios;Qualificação Viária do Prefeitura Municipal de Três Rios;R$ 270.500,00;R$ 5.108.960,00;R$ 5.379.460,00
Pré-selecionada pelo Gestor da Aplicação;3567.24.0307/2018;Qualificação Viária;PI;Miguel Leão;Caixa Econômica Federal;Prefeitura Municipal de Miguel Leão;Qualificação Viária do Prefeitura Municipal de Miguel Leão;R$ 184.246,04;R$ 3.500.674,75;R$ 3.684.920,79
Em análise de enquadramento;1329.2.1812/2017;Qualificação Viária;RS;Gramado;Caixa Econômica Federal;Prefeitura Municipal de Gramado;Qualificação Viária do Prefeitura Municipal de Gramado;R$ 744.251,95;R$ 14.140.787,02;R$ 14.885.038,97
Pré-selecionada pelo Gestor da Aplicação;1314.2.1512/2017;Qualificação Viária;MG;Catuti;Caixa Econômica Federal;Prefeitura Municipal de Catuti;Qualificação Viária do Prefeitura Municipal de Catuti;R$ 26.500,00;R$ 503.500,00;R$ 530.000,00
Devolvida ao Proponente;499.34.1209/2017;Transporte Não Motorizado;SE;Santa Rosa de Lima;Caixa Econômica Federal;Prefeitura Municipal de Santa Rosa de Lima;Transporte Não Motorizado do Prefeitura Municipal de Santa Rosa de Lima;R$ 42.566,33;R$ 808.760,20;R$ 851.326,53
Pré-selecionada pelo Gestor da Aplicação;1282.24.1212/2017;Qualificação Viária;SP;Presidente Venceslau;Caixa Econômica Federal;Prefeitura Municipal de Presidente Venceslau;Qualificação Viária do Prefeitura Municipal de Presidente Venceslau;R$ 248.020,00;R$ 4.712.380,00;R$ 4.960.400,00
Pré-selecionada pelo Gestor da Aplicação;396.2.2908/2017;Qualificação Viária;SC;São Francisco do Sul;Caixa Econômica Federal;Prefeitura Municipal de São Francisco do Sul;Qualificação Viária do Prefeitura Municipal de São Francisco do Sul;R$ 789.258,14;R$ 14.995.904,54;R$ 15.785.162,68
Em análise de enquadramento;654.2.2709/2017;Qualificação Viária;SP;Santa Bárbara d'Oeste;Caixa Econômica Federal;Prefeitura Municipal de Santa Bárbara d'Oeste;Qualificação Viária do Prefeitura Municipal de Santa Bárbara d'Oeste;R$ 222.500,00;R$ 4.227.500,00;R$ 4.450.000,00
Pré-selecionada pelo Gestor da Aplicação;177.2.2108/2017;Qualificação Viária;RJ;Casimiro de Abreu;Caixa Econômica Federal;Prefeitura Municipal de Casimiro de Abreu;Qualificação Viária do Prefeitura Municipal de Casimiro de Abreu;R$ 790.067,87;R$ 15.000.000,00;R$ 15.790.067,87
Em análise de enquadramento;1376.25.2112/2017;Qualificação Viária;SP;Hortolândia;Caixa Econômica Federal;MUNICIPIO DE HORTOLANDIA;Qualificação Viária do MUNICIPIO DE HORTOLANDIA;R$ 200.000,00;R$ 3.800.000,00;R$ 4.000.000,00
Pré-selecionada pelo Gestor da Aplicação;2967.24.1206/2018;Qualificação Viária;PI;Simplício Mendes;Caixa Econômica Federal;Prefeitura Municipal de Simplício Mendes;Qualificação Viária do Prefeitura Municipal de Simplício Mendes;R$ 251.000,00;R$ 4.749.000,00;R$ 5.000.000,00
Em análise de enquadramento;1307.2.1412/2017;Qualificação Viária;RS;Gramado;Caixa Econômica Federal;Prefeitura Municipal de Gramado;Qualificação Viária do Prefeitura Municipal de Gramado;R$ 747.814,21;R$ 14.208.469,92;R$ 14.956.284,13
Pré-selecionada pelo Gestor da Aplicação;1482.3.0401/2018;Transporte Não Motorizado;RS;Passo Fundo;Caixa Econômica Federal;Prefeitura Municipal de Passo Fundo;Transporte Não Motorizado do Prefeitura Municipal de Passo Fundo;R$ 134.329,48;R$ 2.552.259,98;R$ 2.686.589,46
Em análise de enquadramento;644.2.2609/2017;Qualificação Viária;PR;Tuneiras do Oeste;Caixa Econômica Federal;Prefeitura Municipal de Tuneiras do Oeste;Qualificação Viária do Prefeitura Municipal de Tuneiras do Oeste;R$ 140.946,40;R$ 2.677.981,60;R$ 2.818.928,00
Selecionada pelo gestor da aplicação;1493.2.0501/2018;Qualificação Viária;RS;Passo Fundo;Caixa Econômica Federal;Prefeitura Municipal de Passo Fundo;Qualificação Viária do Prefeitura Municipal de Passo Fundo;R$ 80.000,00;R$ 1.520.000,00;R$ 1.600.000,00
Não enquadrada pelo Agente Financeiro;1022.24.0911/2017;Qualificação Viária;SP;Serra Negra;Caixa Econômica Federal;Prefeitura Municipal de Serra Negra;Qualificação Viária do Prefeitura Municipal de Serra Negra;R$ 249.709,00;R$ 4.744.471,00;R$ 4.994.180,00
Em análise de enquadramento;1416.2.2612/2017;Qualificação Viária;CE;Tianguá;Caixa Econômica Federal;Prefeitura Municipal de Tianguá;Qualificação Viária do Prefeitura Municipal de Tianguá;R$ 383.461,05;R$ 7.285.759,78;R$ 7.669.220,83
Pré-selecionada pelo Gestor da Aplicação;1537.2.1201/2018;Qualificação Viária;RS;General Câmara;Caixa Econômica Federal;Prefeitura Municipal de General Câmara;Qualificação Viária do Prefeitura Municipal de General Câmara;R$ 300.000,00;R$ 5.000.000,00;R$ 5.300.000,00
Em análise de enquadramento;1252.24.0812/2017;Qualificação Viária;RS;Triunfo;Caixa Econômica Federal;Prefeitura Municipal de Triunfo;Qualificação Viária do Prefeitura Municipal de Triunfo;R$ 750.000,00;R$ 14.240.173,45;R$ 14.990.173,45
Devolvida ao Proponente;1309.2.1512/2017;Qualificação Viária;RS;Ilópolis;Caixa Econômica Federal;Prefeitura Municipal de Ilópolis;Qualificação Viária do Prefeitura Municipal de Ilópolis;R$ 90.130,10;R$ 1.712.471,89;R$ 1.802.601,99
Em análise de enquadramento;1345.24.1912/2017;Qualificação Viária;BA;Mirangaba;Caixa Econômica Federal;Prefeitura Municipal de Mirangaba;Qualificação Viária do Prefeitura Municipal de Mirangaba;R$ 51.000,00;R$ 969.000,00;R$ 1.020.000,00
Pré-selecionada pelo Gestor da Aplicação;1484.2.0401/2018;Qualificação Viária;RS;Gentil;Caixa Econômica Federal;Prefeitura Municipal de Gentil;Qualificação Viária do Prefeitura Municipal de Gentil;R$ 237.742,91;R$ 4.517.115,09;R$ 4.754.858,00
Em análise de enquadramento;1048.2.1311/2017;Qualificação Viária;PR;São Jorge d'Oeste;Caixa Econômica Federal;Prefeitura Municipal de São Jorge d'Oeste;Qualificação Viária do Prefeitura Municipal de São Jorge d'Oeste;R$ 242.742,14;R$ 4.612.100,62;R$ 4.854.842,76
Pré-selecionada pelo Gestor da Aplicação;2416.24.1311/2018;Qualificação Viária;SP;Cássia dos Coqueiros;Caixa Econômica Federal;Prefeitura Municipal de Cássia dos Coqueiros;Qualificação Viária do Prefeitura Municipal de Cássia dos Coqueiros;R$ 205.238,85;R$ 3.899.538,15;R$ 4.104.777,00
Pré-selecionada pelo Gestor da Aplicação;3438.2.0606/2018;Qualificação Viária;PI;Betânia do Piauí;Caixa Econômica Federal;Prefeitura Municipal de Betânia do Piauí;Qualificação Viária do Prefeitura Municipal de Betânia do Piauí;R$ 50.000,00;R$ 950.000,00;R$ 1.000.000,00
Pré-selecionada pelo Gestor da Aplicação;888.2.2410/2017;Qualificação Viária;RS;Tapera;Caixa Econômica Federal;Prefeitura Municipal de Tapera;Qualificação Viária do Prefeitura Municipal de Tapera;R$ 216.000,00;R$ 4.104.000,00;R$ 4.320.000,00
Pré-selecionada pelo Gestor da Aplicação;3440.24.0606/2018;Qualificação Viária;PI;Santa Cruz dos Milagres;Caixa Econômica Federal;Prefeitura Municipal de Santa Cruz dos Milagres;Qualificação Viária do Prefeitura Municipal de Santa Cruz dos Milagres;R$ 122.138,64;R$ 2.320.634,06;R$ 2.442.772,70
Pré-selecionada pelo Gestor da Aplicação;690.2.2809/2017;Qualificação Viária;SC;São João do Itaperiú;Caixa Econômica Federal;Prefeitura Municipal de São João do Itaperiú;Qualificação Viária do Prefeitura Municipal de São João do Itaperiú;R$ 250.000,00;R$ 4.749.999,99;R$ 4.999.999,99
Pré-selecionada pelo Gestor da Aplicação;687.2.2809/2017;Qualificação Viária;SC;Balneário Piçarras;Caixa Econômica Federal;Prefeitura Municipal de Balneário Piçarras;Qualificação Viária do Prefeitura Municipal de Balneário Piçarras;R$ 248.078,29;R$ 4.713.487,41;R$ 4.961.565,70
Em análise de enquadramento;2749.2.2505/2018;Qualificação Viária;PR;Guairaçá;Fomento Paraná;Prefeitura Municipal de Guairaçá;Qualificação Viária do Prefeitura Municipal de Guairaçá;R$ 75.000,00;R$ 1.425.000,00;R$ 1.500.000,00
Não enquadrada pelo Agente Financeiro;856.2.1810/2017;Qualificação Viária;SC;São Joaquim;Caixa Econômica Federal;Prefeitura Municipal de São Joaquim;Qualificação Viária do Prefeitura Municipal de São Joaquim;R$ 718.500,00;R$ 13.651.500,00;R$ 14.370.000,00
Pré-selecionada pelo Gestor da Aplicação;497.2.1806/2018;Qualificação Viária;MT;Nova Monte Verde;Caixa Econômica Federal;Prefeitura Municipal de Nova Monte Verde;Qualificação Viária do Prefeitura Municipal de Nova Monte Verde;R$ 250.000,00;R$ 4.750.000,00;R$ 5.000.000,00
Pré-selecionada pelo Gestor da Aplicação;1412.3.2612/2017;Transporte Não Motorizado;RS;Vila Lângaro;Caixa Econômica Federal;Prefeitura Municipal de Vila Lângaro;Transporte Não Motorizado do Prefeitura Municipal de Vila Lângaro;R$ 53.214,28;R$ 1.011.071,22;R$ 1.064.285,50
Pré-selecionada pelo Gestor da Aplicação;1553.2.1601/2018;Qualificação Viária;SC;Laguna;Caixa Econômica Federal;Prefeitura Municipal de Laguna;Qualificação Viária do Prefeitura Municipal de Laguna;R$ 430.000,00;R$ 8.083.345,80;R$ 8.513.345,80
Não enquadrada pelo Agente Financeiro;162.34.1808/2017;Transporte Não Motorizado;SP;Presidente Epitácio;Caixa Econômica Federal;Prefeitura Municipal de Presidente Epitácio;Transporte Não Motorizado do Prefeitura Municipal de Presidente Epitácio;R$ 120.000,00;R$ 2.280.000,00;R$ 2.400.000,00
Selecionada pelo gestor da aplicação;1505.2.0801/2018;Qualificação Viária;RS;Vale Verde;Banco Regional de Desenvolvimento do Extremo Sul – BRDE;Prefeitura Municipal de Vale Verde;Qualificação Viária do Prefeitura Municipal de Vale Verde;R$ 208.840,73;R$ 3.967.973,81;R$ 4.176.814,54
Não enquadrada pelo Agente Financeiro;1512.2.0901/2018;Qualificação Viária;CE;Pacatuba;Caixa Econômica Federal;Prefeitura Municipal de Pacatuba;Qualificação Viária do Prefeitura Municipal de Pacatuba;R$ 365.075,85;R$ 6.936.441,10;R$ 7.301.516,95
Em análise de enquadramento;434.2.0109/2017;Qualificação Viária;RS;Agudo;Caixa Econômica Federal;Prefeitura Municipal de Agudo;Qualificação Viária do Prefeitura Municipal de Agudo;R$ 209.570,00;R$ 3.981.830,00;R$ 4.191.400,00
Em análise de enquadramento;741.2.0410/2017;Qualificação Viária;SC;Gaspar;Caixa Econômica Federal;Prefeitura Municipal de Gaspar;Qualificação Viária do Prefeitura Municipal de Gaspar;R$ 1.059.557,07;R$ 20.000.000,00;R$ 21.059.557,07
Pré-selecionada pelo Gestor da Aplicação;793.2.0910/2017;Qualificação Viária;MS;Maracaju;Caixa Econômica Federal;Prefeitura Municipal de Maracaju;Qualificação Viária do Prefeitura Municipal de Maracaju;R$ 75.000,00;R$ 1.425.000,00;R$ 1.500.000,00
Em análise de enquadramento;1616.2.1913/2018;Qualificação Viária;BA;Morro do Chapéu;Caixa Econômica Federal;Prefeitura Municipal de Morro do Chapéu;Qualificação Viária do Prefeitura Municipal de Morro do Chapéu;R$ 370.000,00;R$ 7.030.000,00;R$ 7.400.000,00
Não enquadrada pelo Agente Financeiro;3441.24.0606/2018;Qualificação Viária;PI;Monsenhor Hipólito;Caixa Econômica Federal;Prefeitura Municipal de Monsenhor Hipólito;Qualificação Viária do Prefeitura Municipal de Monsenhor Hipólito;R$ 80.350,69;R$ 1.526.662,91;R$ 1.607.013,60
Pré-selecionada pelo Gestor da Aplicação;3188.24.0904/2018;Qualificação Viária;SP;Presidente Prudente;Caixa Econômica Federal;Município de Presidente Prudente;Qualificação Viária do Município de Presidente Prudente;R$ 670.000,00;R$ 12.641.000,00;R$ 13.311.000,00
Não enquadrada pelo Agente Financeiro;1600.3.2601/2018;Transporte Não Motorizado;PR;Campina da Lagoa;Banco Regional de Desenvolvimento do Extremo Sul – BRDE;Prefeitura Municipal de Campina da Lagoa;Transporte Não Motorizado do Prefeitura Municipal de Campina da Lagoa;R$ 123.550,00;R$ 2.347.450,00;R$ 2.471.000,00
Pré-selecionada pelo Gestor da Aplicação;1441.24.2812/2017;Qualificação Viária;SP;Taquaritinga;Caixa Econômica Federal;Prefeitura Municipal de Taquaritinga;Qualificação Viária do Prefeitura Municipal de Taquaritinga;R$ 615.932,81;R$ 11.702.723,31;R$ 12.318.656,12
Selecionada pelo gestor da aplicação;753.2.0510/2017;Qualificação Viária;RS;Teutônia;Caixa Econômica Federal;Prefeitura Municipal de Teutônia;Qualificação Viária do Prefeitura Municipal de Teutônia;R$ 748.197,31;R$ 14.215.748,73;R$ 14.963.946,04
Em análise de enquadramento;3511.2.1806/2018;Qualificação Viária;PR;Cambará;Fomento Paraná;Prefeitura Municipal de Cambará;Qualificação Viária do Prefeitura Municipal de Cambará;R$ 57.500,00;R$ 1.092.500,00;R$ 1.150.000,00
Pré-selecionada pelo Gestor da Aplicação;3377.2.2905/2018;Qualificação Viária;RS;Dom Pedrito;Badesul Desenvolvimento S. A.;Prefeitura Municipal de Dom Pedrito;Qualificação Viária do Prefeitura Municipal de Dom Pedrito;R$ 499.999,57;R$ 9.499.991,65;R$ 9.999.991,22
Em análise de enquadramento;1618.2.2002/2018;Qualificação Viária;CE;Pedra Branca;Caixa Econômica Federal;Prefeitura Municipal de Pedra Branca;Qualificação Viária do Prefeitura Municipal de Pedra Branca;R$ 119.697,80;R$ 2.274.258,20;R$ 2.393.956,00
Selecionada pelo gestor da aplicação;24.4.0108/2017;Estudos e Projetos;SC;Concórdia;Banco Regional de Desenvolvimento do Extremo Sul – BRDE;Prefeitura Municipal de Concórdia;Estudos e Projetos do Prefeitura Municipal de Concórdia;R$ 79.100,00;R$ 1.502.900,00;R$ 1.582.000,00
Selecionada pelo gestor da aplicação;812.2.1110/2017;Qualificação Viária;RS;Vale Real;Caixa Econômica Federal;MUNICÍPIO DE VALE REAL;Qualificação Viária do MUNICÍPIO DE VALE REAL;R$ 115.149,88;R$ 2.187.847,69;R$ 2.302.997,57
Devolvida ao Proponente;1626.2.2602/2018;Qualificação Viária;RS;Tucunduva;Caixa Econômica Federal;Prefeitura Municipal de Tucunduva;Qualificação Viária do Prefeitura Municipal de Tucunduva;R$ 87.500,00;R$ 1.563.356,05;R$ 1.650.856,05
Não enquadrada pelo Agente Financeiro;450.25.0409/2017;Qualificação Viária;SP;Araras;Caixa Econômica Federal;Prefeitura Municipal de Araras;Qualificação Viária do Prefeitura Municipal de Araras;R$ 534.500,00;R$ 10.155.500,00;R$ 10.690.000,00
Não enquadrada pelo Agente Financeiro;3142.24.1104/2018;Qualificação Viária;MG;Barão de Cocais;Banco de Desenvolvimento de Minas Gerais – BDMG;Prefeitura Municipal de Barão de Cocais;Qualificação Viária do Prefeitura Municipal de Barão de Cocais;R$ 749.402,71;R$ 14.131.478,73;R$ 14.880.881,44
Pré-selecionada pelo Gestor da Aplicação;833.2.1610/2017;Qualificação Viária;SC;Itá;Caixa Econômica Federal;Prefeitura Municipal de Itá;Qualificação Viária do Prefeitura Municipal de Itá;R$ 28.970,86;R$ 550.446,16;R$ 579.417,02
Em análise de enquadramento;1341.24.1912/2017;Qualificação Viária;BA;Mirangaba;Caixa Econômica Federal;Prefeitura Municipal de Mirangaba;Qualificação Viária do Prefeitura Municipal de Mirangaba;R$ 29.000,00;R$ 551.000,00;R$ 580.000,00
Não enquadrada pelo Agente Financeiro;163.24.1808/2017;Qualificação Viária;SP;Presidente Epitácio;Caixa Econômica Federal;Prefeitura Municipal de Presidente Epitácio;Qualificação Viária do Prefeitura Municipal de Presidente Epitácio;R$ 156.250,00;R$ 2.968.750,00;R$ 3.125.000,00
Não enquadrada pelo Agente Financeiro;1312.34.1512/2017;Transporte Não Motorizado;SC;Mondaí;Caixa Econômica Federal;Prefeitura Municipal de Mondaí;Transporte Não Motorizado do Prefeitura Municipal de Mondaí;R$ 100.000,00;R$ 1.900.000,00;R$ 2.000.000,00
Em análise de enquadramento;1378.3.2112/2017;Transporte Não Motorizado;SP;Hortolândia;Caixa Econômica Federal;MUNICIPIO DE HORTOLANDIA;Transporte Não Motorizado do MUNICIPIO DE HORTOLANDIA;R$ 200.000,00;R$ 3.800.000,00;R$ 4.000.000,00
Pré-selecionada pelo Gestor da Aplicação;1127.2.2111/2017;Qualificação Viária;RS;Colorado;Caixa Econômica Federal;Prefeitura Municipal de Colorado;Qualificação Viária do Prefeitura Municipal de Colorado;R$ 250.000,00;R$ 4.750.000,00;R$ 5.000.000,00
Enquadrada pelo Agente Financeiro;1335.2.1812/2017;Qualificação Viária;BA;Jitaúna;Caixa Econômica Federal;Prefeitura Municipal de Jitaúna;Qualificação Viária do Prefeitura Municipal de Jitaúna;R$ 249.082,10;R$ 4.732.559,90;R$ 4.981.642,00
Não enquadrada pelo Agente Financeiro;560.2.1909/2017;Qualificação Viária;RS;Erval Grande;Caixa Econômica Federal;Prefeitura Municipal de Erval Grande;Qualificação Viária do Prefeitura Municipal de Erval Grande;R$ 64.823,48;R$ 1.231.646,07;R$ 1.296.469,55
Em análise de enquadramento;711.2.0210/2017;Qualificação Viária;SP;Itajobi;Caixa Econômica Federal;Prefeitura Municipal de Itajobi;Qualificação Viária do Prefeitura Municipal de Itajobi;R$ 250.000,00;R$ 4.750.000,00;R$ 5.000.000,00
Devolvida ao Proponente;1542.2.1201/2018;Qualificação Viária;GO;Itaberaí;Caixa Econômica Federal;Prefeitura Municipal de Itaberaí;Qualificação Viária do Prefeitura Municipal de Itaberaí;R$ 656.389,50;R$ 12.471.400,40;R$ 13.127.789,90
Enquadrada pelo Agente Financeiro;1216.2.0412/2017;Qualificação Viária;PE;São José do Belmonte;Caixa Econômica Federal;Prefeitura Municipal de São José do Belmonte;Qualificação Viária do Prefeitura Municipal de São José do Belmonte;R$ 182.170,00;R$ 3.461.230,00;R$ 3.643.400,00
Pré-selecionada pelo Gestor da Aplicação;3442.24.0606/2018;Qualificação Viária;PI;Pio IX;Caixa Econômica Federal;Prefeitura Municipal de Pio IX;Qualificação Viária do Prefeitura Municipal de Pio IX;R$ 243.189,18;R$ 4.620.594,42;R$ 4.863.783,60
Em análise de enquadramento;3378.24.1404/2019;Qualificação Viária;RN;Macau;Caixa Econômica Federal;Prefeitura Municipal de Macau;Qualificação Viária do Prefeitura Municipal de Macau;R$ 760.000,00;R$ 14.440.000,00;R$ 15.200.000,00
Devolvida ao Proponente;1435.2.2812/2017;Qualificação Viária;BA;Jussari;Caixa Econômica Federal;Prefeitura Municipal de Jussari;Qualificação Viária do Prefeitura Municipal de Jussari;R$ 250.000,00;R$ 4.748.800,00;R$ 4.998.800,00
Pré-selecionada pelo Gestor da Aplicação;1358.2.2012/2017;Qualificação Viária;MT;Nova Santa Helena;Caixa Econômica Federal;Prefeitura Municipal de Nova Santa Helena;Qualificação Viária do Prefeitura Municipal de Nova Santa Helena;R$ 241.585,29;R$ 4.590.120,49;R$ 4.831.705,78
Não enquadrada pelo Agente Financeiro;91.24.1108/2017;Qualificação Viária;SP;Presidente Venceslau;Caixa Econômica Federal;Prefeitura Municipal de Presidente Venceslau;Qualificação Viária do Prefeitura Municipal de Presidente Venceslau;R$ 160.250,00;R$ 3.044.750,00;R$ 3.205.000,00
Em análise de enquadramento;890.2.2410/2017;Qualificação Viária;MG;Andradas;Caixa Econômica Federal;Prefeitura Municipal de Andradas;Qualificação Viária do Prefeitura Municipal de Andradas;R$ 120.364,28;R$ 2.286.921,23;R$ 2.407.285,51
Não enquadrada pelo Agente Financeiro;660.2.2709/2017;Qualificação Viária;PR;Lapa;Caixa Econômica Federal;Prefeitura Municipal de Lapa;Qualificação Viária do Prefeitura Municipal de Lapa;R$ 464.730,61;R$ 8.545.568,03;R$ 9.010.298,64
Em análise de enquadramento;897.24.2410/2017;Qualificação Viária;MG;Andradas;Caixa Econômica Federal;Prefeitura Municipal de Andradas;Qualificação Viária do Prefeitura Municipal de Andradas;R$ 634.414,00;R$ 12.053.866,00;R$ 12.688.280,00
Pré-selecionada pelo Gestor da Aplicação;927.24.2710/2017;Qualificação Viária;PR;Palmeira;Caixa Econômica Federal;Prefeitura Municipal de Palmeira;Qualificação Viária do Prefeitura Municipal de Palmeira;R$ 499.541,35;R$ 9.491.285,52;R$ 9.990.826,87
Em análise de enquadramento;905.2.2510/2017;Qualificação Viária;RS;São José do Sul;Banco Regional de Desenvolvimento do Extremo Sul – BRDE;Prefeitura Municipal de São José do Sul;Qualificação Viária do Prefeitura Municipal de São José do Sul;R$ 126.970,00;R$ 2.412.430,00;R$ 2.539.400,00
Em análise de enquadramento;918.2.2610/2017;Qualificação Viária;CE;Meruoca;Caixa Econômica Federal;Prefeitura Municipal de Meruoca;Qualificação Viária do Prefeitura Municipal de Meruoca;R$ 249.906,43;R$ 4.650.219,57;R$ 4.900.126,00
Pré-selecionada pelo Gestor da Aplicação;903.2.2510/2017;Qualificação Viária;RS;São Pedro da Serra;Caixa Econômica Federal;Prefeitura Municipal de São Pedro da Serra;Qualificação Viária do Prefeitura Municipal de São Pedro da Serra;R$ 87.843,58;R$ 1.669.027,86;R$ 1.756.871,44
Em análise de enquadramento;1308.2.1412/2017;Qualificação Viária;SC;Araranguá;Banco Regional de Desenvolvimento do Extremo Sul – BRDE;Prefeitura Municipal de Araranguá;Qualificação Viária do Prefeitura Municipal de Araranguá;R$ 437.345,63;R$ 8.309.566,82;R$ 8.746.912,45
Em análise de enquadramento;925.2.2610/2017;Qualificação Viária;CE;Pacatuba;Caixa Econômica Federal;Prefeitura Municipal de Pacatuba;Qualificação Viária do Prefeitura Municipal de Pacatuba;R$ 447.243,25;R$ 8.497.621,74;R$ 8.944.864,99
Pré-selecionada pelo Gestor da Aplicação;1330.2.1812/2017;Qualificação Viária;RS;Gramado;Caixa Econômica Federal;Prefeitura Municipal de Gramado;Qualificação Viária do Prefeitura Municipal de Gramado;R$ 744.251,95;R$ 14.140.787,02;R$ 14.885.038,97
Não enquadrada pelo Agente Financeiro;1054.24.1411/2017;Qualificação Viária;SP;Gastão Vidigal;Caixa Econômica Federal;Prefeitura Municipal de Gastão Vidigal;Qualificação Viária do Prefeitura Municipal de Gastão Vidigal;R$ 26.500,00;R$ 503.500,00;R$ 530.000,00
Pré-selecionada pelo Gestor da Aplicação;1538.25.1201/2018;Qualificação Viária;RS;Alvorada;Caixa Econômica Federal;Prefeitura Municipal de Alvorada;Qualificação Viária do Prefeitura Municipal de Alvorada;R$ 1.443.299,67;R$ 27.422.693,55;R$ 28.865.993,22
Não enquadrada pelo Agente Financeiro;1342.24.1912/2017;Qualificação Viária;PR;Paranavaí;Caixa Econômica Federal;Prefeitura Municipal de Paranavaí;Qualificação Viária do Prefeitura Municipal de Paranavaí;R$ 400.000,00;R$ 7.600.000,00;R$ 8.000.000,00
Não enquadrada pelo Agente Financeiro;9.2.3107/2017;Qualificação Viária;RS;Boa Vista do Buricá;Caixa Econômica Federal;Prefeitura Municipal de Boa Vista do Buricá;Qualificação Viária do Prefeitura Municipal de Boa Vista do Buricá;R$ 250.000,00;R$ 4.750.000,00;R$ 5.000.000,00
Não enquadrada pelo Agente Financeiro;906.2.2610/2017;Qualificação Viária;RS;Itatiba do Sul;Caixa Econômica Federal;Prefeitura Municipal de Itatiba do Sul;Qualificação Viária do Prefeitura Municipal de Itatiba do Sul;R$ 92.423,00;R$ 1.756.036,92;R$ 1.848.459,92
Em análise de enquadramento;989.2.0711/2017;Qualificação Viária;PR;Guairaçá;Caixa Econômica Federal;Prefeitura Municipal de Guairaçá;Qualificação Viária do Prefeitura Municipal de Guairaçá;R$ 75.000,00;R$ 1.425.000,00;R$ 1.500.000,00
Não enquadrada pelo Agente Financeiro;537.24.1509/2017;Qualificação Viária;MS;Nova Andradina;Caixa Econômica Federal;Prefeitura Municipal de Nova Andradina;Qualificação Viária do Prefeitura Municipal de Nova Andradina;R$ 480.695,90;R$ 9.133.222,10;R$ 9.613.918,00
Não enquadrada pelo Agente Financeiro;912.24.2610/2017;Qualificação Viária;MS;Nova Andradina;Caixa Econômica Federal;Prefeitura Municipal de Nova Andradina;Qualificação Viária do Prefeitura Municipal de Nova Andradina;R$ 491.810,00;R$ 9.344.390,00;R$ 9.836.200,00
Selecionada pelo gestor da aplicação;907.2.2610/2017;Qualificação Viária;SC;Entre Rios;Caixa Econômica Federal;Prefeitura Municipal de Entre Rios;Qualificação Viária do Prefeitura Municipal de Entre Rios;R$ 55.218,00;R$ 1.049.142,00;R$ 1.104.360,00
Em análise de enquadramento;1049.2.1311/2017;Qualificação Viária;MG;Rio Casca;Caixa Econômica Federal;Prefeitura Municipal de Rio Casca;Qualificação Viária do Prefeitura Municipal de Rio Casca;R$ 185.967,86;R$ 3.533.389,21;R$ 3.719.357,07
Não enquadrada pelo Agente Financeiro;926.24.2610/2017;Qualificação Viária;MS;Antônio João;Caixa Econômica Federal;Prefeitura Municipal de Antônio João;Qualificação Viária do Prefeitura Municipal de Antônio João;R$ 229.820,27;R$ 4.366.585,09;R$ 4.596.405,36
Pré-selecionada pelo Gestor da Aplicação;1444.245.2812/2017;Qualificação Viária;PI;Parnaíba;Caixa Econômica Federal;Prefeitura Municipal de Parnaíba;Qualificação Viária do Prefeitura Municipal de Parnaíba;R$ 1.510.000,00;R$ 28.490.000,00;R$ 30.000.000,00
Pré-selecionada pelo Gestor da Aplicação;892.2.2410/2017;Qualificação Viária;SC;Witmarsum;Caixa Econômica Federal;Prefeitura Municipal de Witmarsum;Qualificação Viária do Prefeitura Municipal de Witmarsum;R$ 239.124,08;R$ 4.543.357,36;R$ 4.782.481,44
Em análise de enquadramento;1571.24.1901/2018;Qualificação Viária;MG;Itabirito;Caixa Econômica Federal;Prefeitura Municipal de Itabirito;Qualificação Viária do Prefeitura Municipal de Itabirito;R$ 750.000,00;R$ 14.250.000,00;R$ 15.000.000,00
Devolvida ao Proponente;1310.2.1512/2017;Qualificação Viária;RS;Itaqui;Caixa Econômica Federal;Prefeitura Municipal de Itaqui;Qualificação Viária do Prefeitura Municipal de Itaqui;R$ 289.572,44;R$ 5.501.876,17;R$ 5.791.448,61
Selecionada pelo gestor da aplicação;909.2.2610/2017;Qualificação Viária;SC;Entre Rios;Caixa Econômica Federal;Prefeitura Municipal de Entre Rios;Qualificação Viária do Prefeitura Municipal de Entre Rios;R$ 50.940,00;R$ 967.860,00;R$ 1.018.800,00
Devolvida ao Proponente;1568.24.1901/2018;Qualificação Viária;MG;Carneirinho;Caixa Econômica Federal;Prefeitura Municipal de Carneirinho;Qualificação Viária do Prefeitura Municipal de Carneirinho;R$ 41.297,64;R$ 784.655,04;R$ 825.952,68
Pré-selecionada pelo Gestor da Aplicação;2726.24.1106/2018;Qualificação Viária;PI;Regeneração;Caixa Econômica Federal;Prefeitura Municipal de Regeneração;Qualificação Viária do Prefeitura Municipal de Regeneração;R$ 251.000,00;R$ 4.749.000,00;R$ 5.000.000,00
Pré-selecionada pelo Gestor da Aplicação;1156.3.2411/2017;Transporte Não Motorizado;SP;Marília;Caixa Econômica Federal;Prefeitura Municipal de Marília;Transporte Não Motorizado do Prefeitura Municipal de Marília;R$ 296.983,73;R$ 5.642.690,74;R$ 5.939.674,47
Pré-selecionada pelo Gestor da Aplicação;1333.2.1812/2017;Qualificação Viária;PR;Verê;Caixa Econômica Federal;Prefeitura Municipal de Verê;Qualificação Viária do Prefeitura Municipal de Verê;R$ 65.000,00;R$ 1.235.000,00;R$ 1.300.000,00
Selecionada pelo gestor da aplicação;1281.2.1212/2017;Qualificação Viária;SC;Capinzal;Caixa Econômica Federal;Prefeitura Municipal de Capinzal;Qualificação Viária do Prefeitura Municipal de Capinzal;R$ 556.468,87;R$ 10.572.908,43;R$ 11.129.377,30
Pré-selecionada pelo Gestor da Aplicação;1368.2.2012/2017;Qualificação Viária;MG;Pirapora;Caixa Econômica Federal;Prefeitura Municipal de Pirapora;Qualificação Viária do Prefeitura Municipal de Pirapora;R$ 426.313,25;R$ 8.099.951,68;R$ 8.526.264,93
Não enquadrada pelo Agente Financeiro;932.24.2710/2017;Qualificação Viária;PR;Moreira Sales;Caixa Econômica Federal;Prefeitura Municipal de Moreira Sales;Qualificação Viária do Prefeitura Municipal de Moreira Sales;R$ 52.500,00;R$ 997.500,00;R$ 1.050.000,00
Em análise de enquadramento;933.24.2710/2017;Qualificação Viária;PR;Moreira Sales;Caixa Econômica Federal;Prefeitura Municipal de Moreira Sales;Qualificação Viária do Prefeitura Municipal de Moreira Sales;R$ 52.500,00;R$ 997.500,00;R$ 1.050.000,00
Pré-selecionada pelo Gestor da Aplicação;922.2.2610/2017;Qualificação Viária;SC;Anita Garibaldi;Caixa Econômica Federal;Prefeitura Municipal de Anita Garibaldi;Qualificação Viária do Prefeitura Municipal de Anita Garibaldi;R$ 249.291,60;R$ 4.736.540,40;R$ 4.985.832,00
Não enquadrada pelo Agente Financeiro;1217.2.0412/2017;Qualificação Viária;SP;São Sebastião;Caixa Econômica Federal;Prefeitura Municipal de São Sebastião;Qualificação Viária do Prefeitura Municipal de São Sebastião;R$ 999.561,09;R$ 18.991.660,70;R$ 19.991.221,79
Em análise de enquadramento;1115.2.2011/2017;Qualificação Viária;BA;Candeias;Agência de Fomento do Estado da Bahia – Desenbahia;Prefeitura Municipal de Candeias;Qualificação Viária do Prefeitura Municipal de Candeias;R$ 1.001.998,03;R$ 19.037.962,53;R$ 20.039.960,56
Em análise de enquadramento;934.24.2710/2017;Qualificação Viária;PR;Moreira Sales;Caixa Econômica Federal;Prefeitura Municipal de Moreira Sales;Qualificação Viária do Prefeitura Municipal de Moreira Sales;R$ 52.500,00;R$ 997.500,00;R$ 1.050.000,00
Não enquadrada pelo Agente Financeiro;1251.2.0812/2017;Qualificação Viária;CE;Horizonte;Caixa Econômica Federal;Prefeitura Municipal de Horizonte;Qualificação Viária do Prefeitura Municipal de Horizonte;R$ 999.917,00;R$ 18.998.423,00;R$ 19.998.340,00
Não enquadrada pelo Agente Financeiro;930.24.2710/2017;Qualificação Viária;MA;Balsas;Caixa Econômica Federal;Prefeitura Municipal de Balsas;Qualificação Viária do Prefeitura Municipal de Balsas;R$ 998.807,70;R$ 18.977.346,20;R$ 19.976.153,90
Selecionada pelo gestor da aplicação;929.35.2710/2017;Transporte Não Motorizado;PR;Pinhais;Caixa Econômica Federal;Prefeitura Municipal de Pinhais;Transporte Não Motorizado do Prefeitura Municipal de Pinhais;R$ 252.500,00;R$ 4.797.500,00;R$ 5.050.000,00
Não enquadrada pelo Agente Financeiro;1079.2.1611/2017;Qualificação Viária;SC;Modelo;Caixa Econômica Federal;RICARDO LUIS MALDANER;Qualificação Viária do RICARDO LUIS MALDANER;R$ 100.000,00;R$ 1.900.000,00;R$ 2.000.000,00
Selecionada pelo gestor da aplicação;1109.45.2011/2017;Estudos e Projetos;PR;Campo Largo;Caixa Econômica Federal;Prefeitura Municipal de Campo Largo;Estudos e Projetos do Prefeitura Municipal de Campo Largo;R$ 80.027,72;R$ 1.520.526,66;R$ 1.600.554,38
Pré-selecionada pelo Gestor da Aplicação;1234.3.0612/2017;Transporte Não Motorizado;SE;Itaporanga d'Ajuda;Caixa Econômica Federal;Prefeitura Municipal de Itaporanga d'Ajuda;Transporte Não Motorizado do Prefeitura Municipal de Itaporanga d'Ajuda;R$ 325.000,00;R$ 6.175.000,00;R$ 6.500.000,00
Em análise de enquadramento;1206.2.0212/2017;Qualificação Viária;SC;Apiúna;Caixa Econômica Federal;Prefeitura Municipal de Apiúna;Qualificação Viária do Prefeitura Municipal de Apiúna;R$ 37.450,86;R$ 711.566,26;R$ 749.017,12
Em análise de enquadramento;1418.2.2612/2017;Qualificação Viária;RS;Frederico Westphalen;Caixa Econômica Federal;Prefeitura Municipal de Frederico Westphalen;Qualificação Viária do Prefeitura Municipal de Frederico Westphalen;R$ 292.500,00;R$ 5.557.500,00;R$ 5.850.000,00
Pré-selecionada pelo Gestor da Aplicação;1220.2.0512/2017;Qualificação Viária;PR;Paranaguá;Caixa Econômica Federal;Prefeitura Municipal de Paranaguá;Qualificação Viária do Prefeitura Municipal de Paranaguá;R$ 950.000,00;R$ 18.050.000,00;R$ 19.000.000,00
Em análise de enquadramento;1099.2.1711/2017;Qualificação Viária;SP;Santa Bárbara d'Oeste;Caixa Econômica Federal;Prefeitura Municipal de Santa Bárbara d'Oeste;Qualificação Viária do Prefeitura Municipal de Santa Bárbara d'Oeste;R$ 329.000,00;R$ 6.251.000,00;R$ 6.580.000,00
Pré-selecionada pelo Gestor da Aplicação;931.2.2710/2017;Qualificação Viária;RS;São Sepé;Caixa Econômica Federal;Prefeitura Municipal de São Sepé;Qualificação Viária do Prefeitura Municipal de São Sepé;R$ 410.251,03;R$ 7.794.769,41;R$ 8.205.020,44
Selecionada pelo gestor da aplicação;2438.2.1403/2018;Qualificação Viária;SC;Imbituba;Caixa Econômica Federal;Prefeitura Municipal de Imbituba;Qualificação Viária do Prefeitura Municipal de Imbituba;R$ 250.000,00;R$ 4.750.000,00;R$ 5.000.000,00
Em análise de enquadramento;1200.2.0112/2017;Qualificação Viária;SP;Araçariguama;Caixa Econômica Federal;Prefeitura Municipal de Araçariguama;Qualificação Viária do Prefeitura Municipal de Araçariguama;R$ 526.500,00;R$ 10.003.500,00;R$ 10.530.000,00
Em análise de enquadramento;1254.24.0812/2017;Qualificação Viária;PR;Cambé;Caixa Econômica Federal;Prefeitura Municipal de Cambé;Qualificação Viária do Prefeitura Municipal de Cambé;R$ 145.000,00;R$ 2.755.000,00;R$ 2.900.000,00
Pré-selecionada pelo Gestor da Aplicação;1171.24.2711/2017;Qualificação Viária;PR;Moreira Sales;Caixa Econômica Federal;Prefeitura Municipal de Moreira Sales;Qualificação Viária do Prefeitura Municipal de Moreira Sales;R$ 52.500,00;R$ 997.500,00;R$ 1.050.000,00
Em análise de enquadramento;935.24.2710/2017;Qualificação Viária;PR;Moreira Sales;Caixa Econômica Federal;Prefeitura Municipal de Moreira Sales;Qualificação Viária do Prefeitura Municipal de Moreira Sales;R$ 52.500,00;R$ 997.500,00;R$ 1.050.000,00
Em análise de enquadramento;936.24.2710/2017;Qualificação Viária;PR;Moreira Sales;Caixa Econômica Federal;Prefeitura Municipal de Moreira Sales;Qualificação Viária do Prefeitura Municipal de Moreira Sales;R$ 52.500,00;R$ 997.500,00;R$ 1.050.000,00
Selecionada pelo gestor da aplicação;1181.2.2811/2017;Qualificação Viária;MS;Ivinhema;Caixa Econômica Federal;Prefeitura Municipal de Ivinhema;Qualificação Viária do Prefeitura Municipal de Ivinhema;R$ 247.650,00;R$ 4.705.350,00;R$ 4.953.000,00
Não enquadrada pelo Agente Financeiro;1214.2.0412/2017;Qualificação Viária;CE;Irauçuba;Caixa Econômica Federal;Prefeitura Municipal de Irauçuba;Qualificação Viária do Prefeitura Municipal de Irauçuba;R$ 119.183,44;R$ 2.264.485,21;R$ 2.383.668,65
Pré-selecionada pelo Gestor da Aplicação;1372.2.2112/2017;Qualificação Viária;RS;Arroio do Sal;Badesul Desenvolvimento S. A.;Prefeitura Municipal de Arroio do Sal;Qualificação Viária do Prefeitura Municipal de Arroio do Sal;R$ 145.000,00;R$ 2.740.195,35;R$ 2.885.195,35
Não enquadrada pelo Agente Financeiro;1160.24.2411/2017;Qualificação Viária;MG;Arcos;Caixa Econômica Federal;Prefeitura Municipal de Arcos;Qualificação Viária do Prefeitura Municipal de Arcos;R$ 333.527,34;R$ 6.337.019,38;R$ 6.670.546,72
Pré-selecionada pelo Gestor da Aplicação;1381.2.2112/2017;Qualificação Viária;PR;Icaraíma;Caixa Econômica Federal;Prefeitura Municipal de Icaraíma;Qualificação Viária do Prefeitura Municipal de Icaraíma;R$ 50.000,00;R$ 950.000,00;R$ 1.000.000,00
Em análise de enquadramento;952.2.3110/2017;Qualificação Viária;PR;Araucária;Caixa Econômica Federal;Prefeitura Municipal de Araucária;Qualificação Viária do Prefeitura Municipal de Araucária;R$ 462.531,14;R$ 8.788.091,47;R$ 9.250.622,61
Não enquadrada pelo Agente Financeiro;1428.2.2712/2017;Qualificação Viária;SP;Santa Isabel;Caixa Econômica Federal;Prefeitura Municipal de Santa Isabel;Qualificação Viária do Prefeitura Municipal de Santa Isabel;R$ 349.129,66;R$ 6.633.463,37;R$ 6.982.593,03
Pré-selecionada pelo Gestor da Aplicação;1518.2.1001/2018;Qualificação Viária;RS;Benjamin Constant do Sul;Caixa Econômica Federal;Prefeitura Municipal de Benjamin Constant do Sul;Qualificação Viária do Prefeitura Municipal de Benjamin Constant do Sul;R$ 51.120,98;R$ 971.298,51;R$ 1.022.419,49
Selecionada pelo gestor da aplicação;1082.24.1611/2017;Qualificação Viária;RS;Ronda Alta;Banco Regional de Desenvolvimento do Extremo Sul – BRDE;Prefeitura Municipal de Ronda Alta;Qualificação Viária do Prefeitura Municipal de Ronda Alta;R$ 142.353,20;R$ 2.704.710,68;R$ 2.847.063,88
Em análise de enquadramento;1438.2.2812/2017;Qualificação Viária;SC;Araranguá;Banco Regional de Desenvolvimento do Extremo Sul – BRDE;Prefeitura Municipal de Araranguá;Qualificação Viária do Prefeitura Municipal de Araranguá;R$ 261.224,87;R$ 4.963.272,33;R$ 5.224.497,20
Selecionada pelo gestor da aplicação;970.2.0111/2017;Qualificação Viária;PR;São Mateus do Sul;Caixa Econômica Federal;Prefeitura Municipal de São Mateus do Sul;Qualificação Viária do Prefeitura Municipal de São Mateus do Sul;R$ 745.476,37;R$ 14.164.050,85;R$ 14.909.527,22
Não enquadrada pelo Agente Financeiro;96.2.1108/2017;Qualificação Viária;PR;Figueira;Caixa Econômica Federal;Prefeitura Municipal de Figueira;Qualificação Viária do Prefeitura Municipal de Figueira;R$ 250.000,00;R$ 4.750.000,00;R$ 5.000.000,00
Não enquadrada pelo Agente Financeiro;394.2.2908/2017;Qualificação Viária;PR;Rebouças;Caixa Econômica Federal;Prefeitura Municipal de Rebouças;Qualificação Viária do Prefeitura Municipal de Rebouças;R$ 120.000,00;R$ 2.280.000,00;R$ 2.400.000,00
Pré-selecionada pelo Gestor da Aplicação;945.2.3010/2017;Qualificação Viária;SC;Tijucas;Caixa Econômica Federal;Prefeitura Municipal de Tijucas;Qualificação Viária do Prefeitura Municipal de Tijucas;R$ 761.451,53;R$ 14.467.578,93;R$ 15.229.030,46
Pré-selecionada pelo Gestor da Aplicação;1184.2.2911/2017;Qualificação Viária;SC;Timbé do Sul;Caixa Econômica Federal;Prefeitura Municipal de Timbé do Sul;Qualificação Viária do Prefeitura Municipal de Timbé do Sul;R$ 238.060,96;R$ 4.523.158,08;R$ 4.761.219,04
Devolvida ao Proponente;3478.2.1206/2018;Qualificação Viária;SP;Itapeva;Caixa Econômica Federal;Prefeitura Municipal de Itapeva;Qualificação Viária do Prefeitura Municipal de Itapeva;R$ 261.507,41;R$ 4.968.640,66;R$ 5.230.148,07
Pré-selecionada pelo Gestor da Aplicação;1267.2.1112/2017;Qualificação Viária;PR;Campina Grande do Sul;Fomento Paraná;Prefeitura Municipal de Campina Grande do Sul;Qualificação Viária do Prefeitura Municipal de Campina Grande do Sul;R$ 147.000,00;R$ 2.793.000,00;R$ 2.940.000,00
Em análise de enquadramento;1628.2.2713/2018;Qualificação Viária;PR;Ibaiti;Caixa Econômica Federal;Prefeitura Municipal de Ibaiti;Qualificação Viária do Prefeitura Municipal de Ibaiti;R$ 163.464,57;R$ 3.105.826,82;R$ 3.269.291,39
Não enquadrada pelo Agente Financeiro;1173.24.2811/2017;Qualificação Viária;GO;Trindade;Caixa Econômica Federal;Prefeitura Municipal de Trindade;Qualificação Viária do Prefeitura Municipal de Trindade;R$ 700.000,00;R$ 13.300.000,00;R$ 14.000.000,00
Selecionada pelo gestor da aplicação;1015.2.0911/2017;Qualificação Viária;RS;Tupanci do Sul;Caixa Econômica Federal;Prefeitura Municipal de Tupanci do Sul;Qualificação Viária do Prefeitura Municipal de Tupanci do Sul;R$ 80.787,50;R$ 1.534.962,50;R$ 1.615.750,00
Não enquadrada pelo Agente Financeiro;951.3.3110/2017;Transporte Não Motorizado;SP;Araçatuba;Caixa Econômica Federal;Prefeitura Municipal de Araçatuba;Transporte Não Motorizado do Prefeitura Municipal de Araçatuba;R$ 421.000,00;R$ 7.999.000,00;R$ 8.420.000,00
Em análise de enquadramento;1209.2.0412/2017;Qualificação Viária;SC;Apiúna;Caixa Econômica Federal;Prefeitura Municipal de Apiúna;Qualificação Viária do Prefeitura Municipal de Apiúna;R$ 249.999,81;R$ 4.749.996,22;R$ 4.999.996,03
Pré-selecionada pelo Gestor da Aplicação;968.2.0111/2017;Qualificação Viária;SC;Biguaçu;Caixa Econômica Federal;Prefeitura Municipal de Biguaçu;Qualificação Viária do Prefeitura Municipal de Biguaçu;R$ 345.942,05;R$ 6.572.898,75;R$ 6.918.840,80
Não enquadrada pelo Agente Financeiro;304.2.2508/2017;Qualificação Viária;MG;Ouro Preto;Caixa Econômica Federal;Prefeitura Municipal de Ouro Preto;Qualificação Viária do Prefeitura Municipal de Ouro Preto;R$ 848.820,00;R$ 16.047.571,70;R$ 16.896.391,70
Não enquadrada pelo Agente Financeiro;1037.2.1311/2017;Qualificação Viária;PR;Ângulo;Caixa Econômica Federal;Prefeitura Municipal de Ângulo;Qualificação Viária do Prefeitura Municipal de Ângulo;R$ 27.200,00;R$ 516.800,00;R$ 544.000,00
Não enquadrada pelo Agente Financeiro;778.2.0610/2017;Qualificação Viária;RS;Tupanci do Sul;Caixa Econômica Federal;Prefeitura Municipal de Tupanci do Sul;Qualificação Viária do Prefeitura Municipal de Tupanci do Sul;R$ 51.050,00;R$ 969.950,00;R$ 1.021.000,00
Pré-selecionada pelo Gestor da Aplicação;1177.2.2811/2017;Qualificação Viária;SP;Santa Bárbara d'Oeste;Caixa Econômica Federal;Prefeitura Municipal de Santa Bárbara d'Oeste;Qualificação Viária do Prefeitura Municipal de Santa Bárbara d'Oeste;R$ 234.500,00;R$ 4.455.500,00;R$ 4.690.000,00
Pré-selecionada pelo Gestor da Aplicação;1059.2.1411/2017;Qualificação Viária;SC;Iomerê;Agência de Fomento de Santa Catarina - Badesc;Prefeitura Municipal de Iomerê;Qualificação Viária do Prefeitura Municipal de Iomerê;R$ 77.500,00;R$ 1.472.500,00;R$ 1.550.000,00
Em análise de enquadramento;1031.2.1011/2017;Qualificação Viária;PR;Toledo;Caixa Econômica Federal;Prefeitura Municipal de Toledo;Qualificação Viária do Prefeitura Municipal de Toledo;R$ 325.000,00;R$ 6.175.000,00;R$ 6.500.000,00
Não enquadrada pelo Agente Financeiro;1039.2.1311/2017;Qualificação Viária;SP;Santa Bárbara d'Oeste;Caixa Econômica Federal;Prefeitura Municipal de Santa Bárbara d'Oeste;Qualificação Viária do Prefeitura Municipal de Santa Bárbara d'Oeste;R$ 143.000,00;R$ 2.717.000,00;R$ 2.860.000,00
Não enquadrada pelo Agente Financeiro;1124.2.2111/2017;Qualificação Viária;PA;Capitão Poço;Caixa Econômica Federal;Prefeitura Municipal de Capitão Poço;Qualificação Viária do Prefeitura Municipal de Capitão Poço;R$ 132.398,65;R$ 2.515.574,21;R$ 2.647.972,86
Em análise pelo administrador do Agente Financeiro;1265.24.0812/2017;Qualificação Viária;PA;Oriximiná;Caixa Econômica Federal;Prefeitura Municipal de Oriximiná;Qualificação Viária do Prefeitura Municipal de Oriximiná;R$ 1.002.500,00;R$ 18.997.500,00;R$ 20.000.000,00
Devolvida ao Proponente;1142.2.2311/2017;Qualificação Viária;MG;João Pinheiro;Caixa Econômica Federal;Prefeitura Municipal de João Pinheiro;Qualificação Viária do Prefeitura Municipal de João Pinheiro;R$ 526.315,81;R$ 10.000.000,19;R$ 10.526.316,00
Em análise de enquadramento;1188.2.2911/2017;Qualificação Viária;PA;Barcarena;Caixa Econômica Federal;Prefeitura Municipal de Barcarena;Qualificação Viária do Prefeitura Municipal de Barcarena;R$ 1.496.786,12;R$ 28.438.936,15;R$ 29.935.722,27
Não enquadrada pelo Agente Financeiro;947.2.3010/2017;Qualificação Viária;MT;Juara;Caixa Econômica Federal;Prefeitura Municipal de Juara;Qualificação Viária do Prefeitura Municipal de Juara;R$ 518.767,99;R$ 9.856.591,68;R$ 10.375.359,67
Selecionada pelo gestor da aplicação;1213.24.0412/2017;Qualificação Viária;BA;Castro Alves;Caixa Econômica Federal;Prefeitura Municipal de Castro Alves;Qualificação Viária do Prefeitura Municipal de Castro Alves;R$ 774.613,63;R$ 14.717.658,87;R$ 15.492.272,50
Pré-selecionada pelo Gestor da Aplicação;1110.2.2011/2017;Qualificação Viária;PR;Campo Largo;Caixa Econômica Federal;Prefeitura Municipal de Campo Largo;Qualificação Viária do Prefeitura Municipal de Campo Largo;R$ 997.742,50;R$ 18.957.107,50;R$ 19.954.850,00
Pré-selecionada pelo Gestor da Aplicação;3689.3.2108/2018;Transporte Não Motorizado;ES;Linhares;Caixa Econômica Federal;Prefeitura Municipal de Linhares;Transporte Não Motorizado do Prefeitura Municipal de Linhares;R$ 1.500.000,00;R$ 28.500.000,00;R$ 30.000.000,00
Selecionada pelo gestor da aplicação;1278.2.1112/2017;Qualificação Viária;RS;Piratini;Banco Regional de Desenvolvimento do Extremo Sul – BRDE;Prefeitura Municipal de Piratini;Qualificação Viária do Prefeitura Municipal de Piratini;R$ 153.500,00;R$ 2.916.500,00;R$ 3.070.000,00
Selecionada pelo gestor da aplicação;1021.2.0911/2017;Qualificação Viária;RS;São Vendelino;Caixa Econômica Federal;Prefeitura Municipal de São Vendelino;Qualificação Viária do Prefeitura Municipal de São Vendelino;R$ 243.810,85;R$ 4.632.406,07;R$ 4.876.216,92
Selecionada pelo gestor da aplicação;957.3.3110/2017;Transporte Não Motorizado;MG;Vespasiano;Caixa Econômica Federal;Prefeitura Municipal de Vespasiano;Transporte Não Motorizado do Prefeitura Municipal de Vespasiano;R$ 82.825,59;R$ 1.573.686,12;R$ 1.656.511,71
Devolvida ao Proponente;141.2.1708/2017;Qualificação Viária;PE;Dormentes;Caixa Econômica Federal;Prefeitura Municipal de Dormentes;Qualificação Viária do Prefeitura Municipal de Dormentes;R$ 250.000,78;R$ 4.749.999,22;R$ 5.000.000,00
Em análise pelo administrador do Agente Financeiro;1140.2.2311/2017;Qualificação Viária;SP;Araçatuba;Caixa Econômica Federal;Prefeitura Municipal de Araçatuba;Qualificação Viária do Prefeitura Municipal de Araçatuba;R$ 382.700,00;R$ 7.271.300,00;R$ 7.654.000,00
Pré-selecionada pelo Gestor da Aplicação;1221.2.0512/2017;Qualificação Viária;RJ;Saquarema;Caixa Econômica Federal;Prefeitura Municipal de Saquarema;Qualificação Viária do Prefeitura Municipal de Saquarema;R$ 1.000.000,00;R$ 19.000.000,00;R$ 20.000.000,00
Pré-selecionada pelo Gestor da Aplicação;1141.2.2311/2017;Qualificação Viária;SP;Santa Bárbara d'Oeste;Caixa Econômica Federal;Prefeitura Municipal de Santa Bárbara d'Oeste;Qualificação Viária do Prefeitura Municipal de Santa Bárbara d'Oeste;R$ 281.500,00;R$ 5.348.500,00;R$ 5.630.000,00
Não enquadrada pelo Agente Financeiro;1268.2.1112/2017;Qualificação Viária;SC;Itapiranga;Caixa Econômica Federal;Prefeitura Municipal de Itapiranga;Qualificação Viária do Prefeitura Municipal de Itapiranga;R$ 250.000,00;R$ 4.750.000,00;R$ 5.000.000,00
Em análise de enquadramento;1066.2.1411/2017;Qualificação Viária;SP;Santa Bárbara d'Oeste;Caixa Econômica Federal;Prefeitura Municipal de Santa Bárbara d'Oeste;Qualificação Viária do Prefeitura Municipal de Santa Bárbara d'Oeste;R$ 216.500,00;R$ 4.113.500,00;R$ 4.330.000,00
Selecionada pelo gestor da aplicação;1433.2.2812/2017;Qualificação Viária;RS;Soledade;Caixa Econômica Federal;Prefeitura Municipal de Soledade;Qualificação Viária do Prefeitura Municipal de Soledade;R$ 394.543,55;R$ 7.496.327,44;R$ 7.890.870,99
Em análise de enquadramento;1346.3.1912/2017;Transporte Não Motorizado;RS;Vila Lângaro;Caixa Econômica Federal;Prefeitura Municipal de Vila Lângaro;Transporte Não Motorizado do Prefeitura Municipal de Vila Lângaro;R$ 53.214,28;R$ 1.011.071,22;R$ 1.064.285,50
Em análise de enquadramento;1076.24.1411/2017;Qualificação Viária;RS;Itatiba do Sul;Caixa Econômica Federal;Prefeitura Municipal de Itatiba do Sul;Qualificação Viária do Prefeitura Municipal de Itatiba do Sul;R$ 95.123,00;R$ 1.807.336,92;R$ 1.902.459,92
Não enquadrada pelo Agente Financeiro;963.24.0111/2017;Qualificação Viária;PR;Paranavaí;Caixa Econômica Federal;Prefeitura Municipal de Paranavaí;Qualificação Viária do Prefeitura Municipal de Paranavaí;R$ 336.359,23;R$ 6.390.825,29;R$ 6.727.184,52
Em análise de enquadramento;570.2.1909/2017;Qualificação Viária;PE;Orocó;Caixa Econômica Federal;Prefeitura Municipal de Orocó;Qualificação Viária do Prefeitura Municipal de Orocó;R$ 105.000,00;R$ 1.995.000,00;R$ 2.100.000,00
Em análise de enquadramento;960.24.0111/2017;Qualificação Viária;PR;Campo do Tenente;Banco do Estado do Rio Grande do Sul – Banrisul;Prefeitura Municipal de Campo do Tenente;Qualificação Viária do Prefeitura Municipal de Campo do Tenente;R$ 128.700,00;R$ 2.445.300,00;R$ 2.574.000,00
Pré-selecionada pelo Gestor da Aplicação;1232.2.0612/2017;Qualificação Viária;PR;Toledo;Caixa Econômica Federal;Prefeitura Municipal de Toledo;Qualificação Viária do Prefeitura Municipal de Toledo;R$ 925.000,00;R$ 17.575.000,00;R$ 18.500.000,00
Pré-selecionada pelo Gestor da Aplicação;1196.2.3011/2017;Qualificação Viária;PR;Pitanga;Caixa Econômica Federal;Prefeitura Municipal de Pitanga;Qualificação Viária do Prefeitura Municipal de Pitanga;R$ 56.121,01;R$ 1.066.299,14;R$ 1.122.420,15
Pré-selecionada pelo Gestor da Aplicação;950.2.3110/2017;Qualificação Viária;SC;Orleans;Caixa Econômica Federal;Prefeitura Municipal de Orleans;Qualificação Viária do Prefeitura Municipal de Orleans;R$ 670.662,16;R$ 12.742.580,98;R$ 13.413.243,14
Não enquadrada pelo Agente Financeiro;996.24.0711/2017;Qualificação Viária;TO;Santa Fé do Araguaia;Banco do Brasil;Prefeitura Municipal de Santa Fé do Araguaia;Qualificação Viária do Prefeitura Municipal de Santa Fé do Araguaia;R$ 240.000,00;R$ 4.560.000,00;R$ 4.800.000,00
Pré-selecionada pelo Gestor da Aplicação;1243.2.0712/2017;Qualificação Viária;SP;Porto Ferreira;Caixa Econômica Federal;Prefeitura Municipal de Porto Ferreira;Qualificação Viária do Prefeitura Municipal de Porto Ferreira;R$ 635.559,07;R$ 12.075.622,28;R$ 12.711.181,35
Pré-selecionada pelo Gestor da Aplicação;1199.2.0112/2017;Qualificação Viária;RS;Guaíba;Caixa Econômica Federal;Prefeitura Municipal de Guaíba;Qualificação Viária do Prefeitura Municipal de Guaíba;R$ 999.916,64;R$ 18.998.416,15;R$ 19.998.332,79
Devolvida ao Proponente;1621.2.0602/2018;Qualificação Viária;RS;Aratiba;Caixa Econômica Federal;Prefeitura Municipal de Aratiba;Qualificação Viária do Prefeitura Municipal de Aratiba;R$ 250.000,00;R$ 4.750.000,00;R$ 5.000.000,00
Pré-selecionada pelo Gestor da Aplicação;3629.2.1807/2018;Qualificação Viária;PI;São João da Canabrava;Caixa Econômica Federal;Prefeitura Municipal de São João da Canabrava;Qualificação Viária do Prefeitura Municipal de São João da Canabrava;R$ 240.131,88;R$ 4.562.505,62;R$ 4.802.637,50
Em análise de enquadramento;1619.24.2102/2018;Qualificação Viária;MG;Guaxupé;Caixa Econômica Federal;Prefeitura Municipal de Guaxupé;Qualificação Viária do Prefeitura Municipal de Guaxupé;R$ 761.084,61;R$ 14.460.607,39;R$ 15.221.692,00
Em análise de enquadramento;1134.2.2211/2017;Qualificação Viária;PR;Coronel Domingos Soares;Caixa Econômica Federal;Prefeitura Municipal de Coronel Domingos Soares;Qualificação Viária do Prefeitura Municipal de Coronel Domingos Soares;R$ 250.000,00;R$ 4.750.000,00;R$ 5.000.000,00
Em análise de enquadramento;969.2.0111/2017;Qualificação Viária;MG;Itapeva;Caixa Econômica Federal;Prefeitura Municipal de Itapeva;Qualificação Viária do Prefeitura Municipal de Itapeva;R$ 135.690,00;R$ 1.369.310,00;R$ 1.505.000,00
Pré-selecionada pelo Gestor da Aplicação;1028.2.1011/2017;Qualificação Viária;SC;Agronômica;Caixa Econômica Federal;Prefeitura Municipal de Agronômica;Qualificação Viária do Prefeitura Municipal de Agronômica;R$ 76.887,17;R$ 1.460.856,05;R$ 1.537.743,22
Pré-selecionada pelo Gestor da Aplicação;975.2.0311/2017;Qualificação Viária;PR;Nova Santa Rosa;Banco Regional de Desenvolvimento do Extremo Sul – BRDE;Prefeitura Municipal de Nova Santa Rosa;Qualificação Viária do Prefeitura Municipal de Nova Santa Rosa;R$ 78.661,40;R$ 1.494.566,47;R$ 1.573.227,87
Em análise de enquadramento;1125.2.2111/2017;Qualificação Viária;PR;Mallet;Caixa Econômica Federal;Prefeitura Municipal de Mallet;Qualificação Viária do Prefeitura Municipal de Mallet;R$ 250.000,00;R$ 4.750.000,00;R$ 5.000.000,00
Pré-selecionada pelo Gestor da Aplicação;1180.2.2811/2017;Qualificação Viária;SP;Santa Bárbara d'Oeste;Caixa Econômica Federal;Prefeitura Municipal de Santa Bárbara d'Oeste;Qualificação Viária do Prefeitura Municipal de Santa Bárbara d'Oeste;R$ 329.000,00;R$ 6.251.000,00;R$ 6.580.000,00
Selecionada pelo gestor da aplicação;976.2.0411/2017;Qualificação Viária;RS;Mato Leitão;Caixa Econômica Federal;Prefeitura Municipal de Mato Leitão;Qualificação Viária do Prefeitura Municipal de Mato Leitão;R$ 64.999,55;R$ 1.234.991,41;R$ 1.299.990,96
Não enquadrada pelo Agente Financeiro;1203.24.0112/2017;Qualificação Viária;MT;Canarana;Caixa Econômica Federal;Prefeitura Municipal de Canarana - MT;Qualificação Viária do Prefeitura Municipal de Canarana - MT;R$ 750.000,00;R$ 14.250.000,00;R$ 15.000.000,00
Não enquadrada pelo Agente Financeiro;377.2.2808/2017;Qualificação Viária;RS;Bom Retiro do Sul;Banco Regional de Desenvolvimento do Extremo Sul – BRDE;Prefeitura Municipal de Bom Retiro do Sul;Qualificação Viária do Prefeitura Municipal de Bom Retiro do Sul;R$ 215.569,08;R$ 4.095.812,34;R$ 4.311.381,42
Não enquadrada pelo Agente Financeiro;1029.2.1011/2017;Qualificação Viária;PR;Mamborê;Caixa Econômica Federal;Prefeitura Municipal de Mamborê;Qualificação Viária do Prefeitura Municipal de Mamborê;R$ 250.000,00;R$ 4.750.000,00;R$ 5.000.000,00
Em análise de enquadramento;1023.24.0911/2017;Qualificação Viária;MS;Nova Andradina;Caixa Econômica Federal;Prefeitura Municipal de Nova Andradina;Qualificação Viária do Prefeitura Municipal de Nova Andradina;R$ 492.705,50;R$ 9.361.404,50;R$ 9.854.110,00
Selecionada pelo gestor da aplicação;1249.24.0712/2017;Qualificação Viária;PI;Oeiras;Caixa Econômica Federal;Prefeitura Municipal de Oeiras;Qualificação Viária do Prefeitura Municipal de Oeiras;R$ 350.000,00;R$ 6.545.479,27;R$ 6.895.479,27
Não enquadrada pelo Agente Financeiro;1300.25.1312/2017;Qualificação Viária;SC;São José;Caixa Econômica Federal;Prefeitura Municipal de São José;Qualificação Viária do Prefeitura Municipal de São José;R$ 80.242,69;R$ 1.524.611,01;R$ 1.604.853,70
Pré-selecionada pelo Gestor da Aplicação;1163.2.2711/2017;Qualificação Viária;SP;Rio Claro;Caixa Econômica Federal;Prefeitura Municipal de Rio Claro;Qualificação Viária do Prefeitura Municipal de Rio Claro;R$ 102.750,73;R$ 1.952.263,85;R$ 2.055.014,58
Pré-selecionada pelo Gestor da Aplicação;966.2.0111/2017;Qualificação Viária;RS;Novo Hamburgo;Caixa Econômica Federal;Prefeitura Municipal de Novo Hamburgo;Qualificação Viária do Prefeitura Municipal de Novo Hamburgo;R$ 1.036.720,00;R$ 19.697.680,00;R$ 20.734.400,00
Enquadrada pelo Agente Financeiro;973.2.0311/2017;Qualificação Viária;SC;Major Vieira;Banco Regional de Desenvolvimento do Extremo Sul – BRDE;Prefeitura Municipal de Major Vieira;Qualificação Viária do Prefeitura Municipal de Major Vieira;R$ 236.917,54;R$ 4.501.433,09;R$ 4.738.350,63
Não enquadrada pelo Agente Financeiro;860.24.1810/2017;Qualificação Viária;SP;Taquaritinga;Caixa Econômica Federal;Prefeitura Municipal de Taquaritinga;Qualificação Viária do Prefeitura Municipal de Taquaritinga;R$ 616.000,00;R$ 11.702.656,12;R$ 12.318.656,12
Não enquadrada pelo Agente Financeiro;1289.2.1212/2017;Qualificação Viária;RS;Montenegro;Caixa Econômica Federal;Prefeitura Municipal de Montenegro;Qualificação Viária do Prefeitura Municipal de Montenegro;R$ 66.474,76;R$ 1.263.020,37;R$ 1.329.495,13
Não enquadrada pelo Agente Financeiro;954.2.3110/2017;Qualificação Viária;MS;Coxim;Caixa Econômica Federal;Prefeitura Municipal de Coxim;Qualificação Viária do Prefeitura Municipal de Coxim;R$ 741.121,12;R$ 14.081.301,13;R$ 14.822.422,25
Pré-selecionada pelo Gestor da Aplicação;1233.2.0612/2017;Qualificação Viária;SC;Xanxerê;Banco Regional de Desenvolvimento do Extremo Sul – BRDE;Prefeitura Municipal de Xanxerê;Qualificação Viária do Prefeitura Municipal de Xanxerê;R$ 313.300,00;R$ 5.952.700,00;R$ 6.266.000,00
Pré-selecionada pelo Gestor da Aplicação;1201.2.0112/2017;Qualificação Viária;RS;São Pedro do Butiá;Caixa Econômica Federal;Prefeitura Municipal de São Pedro do Butiá;Qualificação Viária do Prefeitura Municipal de São Pedro do Butiá;R$ 224.313,93;R$ 4.261.964,53;R$ 4.486.278,46
Pré-selecionada pelo Gestor da Aplicação;1185.245.2911/2017;Qualificação Viária;SC;Criciúma;Caixa Econômica Federal;Prefeitura Municipal de Criciúma;Qualificação Viária do Prefeitura Municipal de Criciúma;R$ 1.479.992,35;R$ 28.119.854,65;R$ 29.599.847,00
Enquadrada pelo Agente Financeiro;1207.3.0212/2017;Transporte Não Motorizado;PR;Icaraíma;Caixa Econômica Federal;Prefeitura Municipal de Icaraíma;Transporte Não Motorizado do Prefeitura Municipal de Icaraíma;R$ 27.500,00;R$ 522.500,00;R$ 550.000,00
Pré-selecionada pelo Gestor da Aplicação;1149.24.2311/2017;Qualificação Viária;PR;Moreira Sales;Caixa Econômica Federal;Prefeitura Municipal de Moreira Sales;Qualificação Viária do Prefeitura Municipal de Moreira Sales;R$ 52.500,00;R$ 997.500,00;R$ 1.050.000,00
Selecionada pelo gestor da aplicação;1161.2.2511/2017;Qualificação Viária;MS;Caarapó;Caixa Econômica Federal;Prefeitura Municipal de Caarapó;Qualificação Viária do Prefeitura Municipal de Caarapó;R$ 349.233,62;R$ 6.635.438,59;R$ 6.984.672,21
Selecionada pelo gestor da aplicação;1067.2.1411/2017;Qualificação Viária;RS;Canela;Caixa Econômica Federal;Prefeitura Municipal de Canela;Qualificação Viária do Prefeitura Municipal de Canela;R$ 741.024,23;R$ 14.079.460,17;R$ 14.820.484,40
Em análise pelo administrador do Agente Financeiro;1628.2.2702/2018;Qualificação Viária;SP;Chavantes;Caixa Econômica Federal;Prefeitura Municipal de Chavantes;Qualificação Viária do Prefeitura Municipal de Chavantes;R$ 155.500,00;R$ 2.954.500,00;R$ 3.110.000,00
Pré-selecionada pelo Gestor da Aplicação;972.2.0311/2017;Qualificação Viária;PR;Araucária;Caixa Econômica Federal;Prefeitura Municipal de Araucária;Qualificação Viária do Prefeitura Municipal de Araucária;R$ 462.531,14;R$ 8.788.091,47;R$ 9.250.622,61
Pré-selecionada pelo Gestor da Aplicação;874.2.2310/2017;Qualificação Viária;RS;Boa Vista do Incra;Caixa Econômica Federal;Prefeitura Municipal de Boa Vista do Incra;Qualificação Viária do Prefeitura Municipal de Boa Vista do Incra;R$ 118.274,36;R$ 2.247.212,77;R$ 2.365.487,13
Em análise de enquadramento;1259.2.0812/2017;Qualificação Viária;PR;Mariópolis;Caixa Econômica Federal;Prefeitura Municipal de Mariópolis;Qualificação Viária do Prefeitura Municipal de Mariópolis;R$ 100.830,00;R$ 1.915.770,00;R$ 2.016.600,00
Não enquadrada pelo Agente Financeiro;2838.2.2009/2018;Qualificação Viária;CE;Coreaú;Caixa Econômica Federal;Prefeitura Municipal de Coreaú;Qualificação Viária do Prefeitura Municipal de Coreaú;R$ 303.271,34;R$ 5.757.971,54;R$ 6.061.242,88
Não enquadrada pelo Agente Financeiro;1343.25.1912/2017;Qualificação Viária;SE;Nossa Senhora do Socorro;Caixa Econômica Federal;Prefeitura Municipal de Nossa Senhora do Socorro;Qualificação Viária do Prefeitura Municipal de Nossa Senhora do Socorro;R$ 237.265,03;R$ 4.508.035,55;R$ 4.745.300,58
Em análise de enquadramento;1429.3.2712/2017;Transporte Não Motorizado;MG;Brasópolis;Caixa Econômica Federal;Prefeitura Municipal de Brasópolis;Transporte Não Motorizado do Prefeitura Municipal de Brasópolis;R$ 66.000,00;R$ 1.237.588,35;R$ 1.303.588,35
Não enquadrada pelo Agente Financeiro;1288.24.1212/2017;Qualificação Viária;MS;Douradina;Caixa Econômica Federal;Prefeitura Municipal de Douradina;Qualificação Viária do Prefeitura Municipal de Douradina;R$ 100.432,49;R$ 1.855.706,74;R$ 1.956.139,23
Em análise de enquadramento;1027.2.1011/2017;Qualificação Viária;PR;Mamborê;Fomento Paraná;Prefeitura Municipal de Mamborê;Qualificação Viária do Prefeitura Municipal de Mamborê;R$ 250.000,00;R$ 4.750.000,00;R$ 5.000.000,00
Pré-selecionada pelo Gestor da Aplicação;990.2.0711/2017;Qualificação Viária;PR;Jesuítas;Caixa Econômica Federal;Prefeitura Municipal de Jesuítas;Qualificação Viária do Prefeitura Municipal de Jesuítas;R$ 245.450,00;R$ 4.663.550,00;R$ 4.909.000,00
Não enquadrada pelo Agente Financeiro;1064.24.1411/2017;Qualificação Viária;PE;Ouricuri;Caixa Econômica Federal;Prefeitura Municipal de Ouricuri;Qualificação Viária do Prefeitura Municipal de Ouricuri;R$ 154.500,00;R$ 2.935.500,00;R$ 3.090.000,00
Selecionada pelo gestor da aplicação;1532.2.1101/2018;Qualificação Viária;RS;Tenente Portela;Caixa Econômica Federal;Prefeitura Municipal de Tenente Portela;Qualificação Viária do Prefeitura Municipal de Tenente Portela;R$ 127.272,33;R$ 2.418.174,22;R$ 2.545.446,55
Não enquadrada pelo Agente Financeiro;971.2.0111/2017;Qualificação Viária;SC;São João Batista;Caixa Econômica Federal;Prefeitura Municipal de São João Batista;Qualificação Viária do Prefeitura Municipal de São João Batista;R$ 769.834,94;R$ 14.626.863,77;R$ 15.396.698,71
Pré-selecionada pelo Gestor da Aplicação;1165.2.2711/2017;Qualificação Viária;SP;Rio Claro;Caixa Econômica Federal;Prefeitura Municipal de Rio Claro;Qualificação Viária do Prefeitura Municipal de Rio Claro;R$ 126.613,72;R$ 2.405.660,51;R$ 2.532.274,23
Em análise de enquadramento;1285.2.1212/2017;Qualificação Viária;PE;Orocó;Caixa Econômica Federal;Prefeitura Municipal de Orocó;Qualificação Viária do Prefeitura Municipal de Orocó;R$ 134.154,96;R$ 2.548.944,05;R$ 2.683.099,01
Em análise de enquadramento;1253.2.0812/2017;Qualificação Viária;PR;Cambé;Caixa Econômica Federal;Prefeitura Municipal de Cambé;Qualificação Viária do Prefeitura Municipal de Cambé;R$ 233.570,00;R$ 4.437.830,00;R$ 4.671.400,00
Em análise de enquadramento;1371.2.2012/2017;Qualificação Viária;RS;Trindade do Sul;Banco Regional de Desenvolvimento do Extremo Sul – BRDE;Prefeitura Municipal de Trindade do Sul;Qualificação Viária do Prefeitura Municipal de Trindade do Sul;R$ 157.658,49;R$ 2.995.511,31;R$ 3.153.169,80
Não enquadrada pelo Agente Financeiro;1197.2.0112/2017;Qualificação Viária;MS;Coxim;Caixa Econômica Federal;Prefeitura Municipal de Coxim;Qualificação Viária do Prefeitura Municipal de Coxim;R$ 741.121,12;R$ 14.081.301,13;R$ 14.822.422,25
Não enquadrada pelo Agente Financeiro;1017.2.0911/2017;Qualificação Viária;SP;Mongaguá;Banco do Brasil;Prefeitura Municipal de Mongaguá;Qualificação Viária do Prefeitura Municipal de Mongaguá;R$ 750.000,00;R$ 14.250.000,00;R$ 15.000.000,00
Em análise de enquadramento;1061.2.1411/2017;Qualificação Viária;RS;Vitória das Missões;Caixa Econômica Federal;Prefeitura Municipal de Vitória das Missões;Qualificação Viária do Prefeitura Municipal de Vitória das Missões;R$ 178.250,00;R$ 3.256.750,00;R$ 3.435.000,00
Não enquadrada pelo Agente Financeiro;212.2.2308/2017;Qualificação Viária;PE;Araripina;Caixa Econômica Federal;Prefeitura Municipal de Araripina;Qualificação Viária do Prefeitura Municipal de Araripina;R$ 226.750,00;R$ 4.308.250,00;R$ 4.535.000,00
Não enquadrada pelo Agente Financeiro;977.24.0611/2017;Qualificação Viária;PR;Tuneiras do Oeste;Caixa Econômica Federal;Prefeitura Municipal de Tuneiras do Oeste;Qualificação Viária do Prefeitura Municipal de Tuneiras do Oeste;R$ 162.712,00;R$ 3.091.528,00;R$ 3.254.240,00
Em análise de enquadramento;1132.2.2111/2017;Qualificação Viária;RO;Vilhena;Itaú Unibanco;Prefeitura Municipal de Vilhena;Qualificação Viária do Prefeitura Municipal de Vilhena;R$ 1.000.000,00;R$ 19.000.000,00;R$ 20.000.000,00
Devolvida ao Proponente;1136.2.2211/2017;Qualificação Viária;SP;Pedreira;Caixa Econômica Federal;Prefeitura Municipal de Pedreira;Qualificação Viária do Prefeitura Municipal de Pedreira;R$ 606.706,85;R$ 11.527.430,15;R$ 12.134.137,00
Pré-selecionada pelo Gestor da Aplicação;1276.2.1112/2017;Qualificação Viária;SC;Luzerna;Caixa Econômica Federal;Prefeitura Municipal de Luzerna;Qualificação Viária do Prefeitura Municipal de Luzerna;R$ 249.996,00;R$ 4.749.924,00;R$ 4.999.920,00
Pré-selecionada pelo Gestor da Aplicação;1007.2.0811/2017;Qualificação Viária;PR;Mercedes;Caixa Econômica Federal;Prefeitura Municipal de Mercedes;Qualificação Viária do Prefeitura Municipal de Mercedes;R$ 26.725,00;R$ 507.775,00;R$ 534.500,00
Selecionada pelo gestor da aplicação;1033.2.1011/2017;Qualificação Viária;SC;Canoinhas;Caixa Econômica Federal;Prefeitura Municipal de Canoinhas;Qualificação Viária do Prefeitura Municipal de Canoinhas;R$ 555.229,31;R$ 10.549.356,87;R$ 11.104.586,18
Não enquadrada pelo Agente Financeiro;1311.3.1512/2017;Transporte Não Motorizado;SC;Mondaí;Caixa Econômica Federal;Prefeitura Municipal de Mondaí;Transporte Não Motorizado do Prefeitura Municipal de Mondaí;R$ 50.000,00;R$ 950.000,00;R$ 1.000.000,00
Não enquadrada pelo Agente Financeiro;1189.2.2911/2017;Qualificação Viária;ES;Cachoeiro de Itapemirim;Caixa Econômica Federal;Prefeitura Municipal de Cachoeiro de Itapemirim;Qualificação Viária do Prefeitura Municipal de Cachoeiro de Itapemirim;R$ 1.500.000,00;R$ 28.500.000,00;R$ 30.000.000,00
Pré-selecionada pelo Gestor da Aplicação;1008.3.0811/2017;Transporte Não Motorizado;PR;Mercedes;Caixa Econômica Federal;Prefeitura Municipal de Mercedes;Transporte Não Motorizado do Prefeitura Municipal de Mercedes;R$ 33.185,00;R$ 630.515,00;R$ 663.700,00
Em análise de enquadramento;1338.2.1812/2017;Qualificação Viária;RO;Ouro Preto do Oeste;Caixa Econômica Federal;Prefeitura Municipal de Ouro Preto do Oeste;Qualificação Viária do Prefeitura Municipal de Ouro Preto do Oeste;R$ 787.500,00;R$ 14.962.500,00;R$ 15.750.000,00
Em análise de enquadramento;1017.2.0913/2017;Qualificação Viária;MG;Piedade de Ponte Nova;Caixa Econômica Federal;Prefeitura Municipal de Piedade de Ponte Nova;Qualificação Viária do Prefeitura Municipal de Piedade de Ponte Nova;R$ 75.000,00;R$ 1.425.000,00;R$ 1.500.000,00
Pré-selecionada pelo Gestor da Aplicação;3251.2.0205/2018;Qualificação Viária;PR;Araruna;Banco Regional de Desenvolvimento do Extremo Sul – BRDE;Prefeitura Municipal de Araruna;Qualificação Viária do Prefeitura Municipal de Araruna;R$ 88.800,00;R$ 1.687.200,00;R$ 1.776.000,00
Em análise de enquadramento;987.2.0611/2017;Qualificação Viária;PR;Sarandi;Caixa Econômica Federal;Prefeitura Municipal de Sarandi;Qualificação Viária do Prefeitura Municipal de Sarandi;R$ 192.145,94;R$ 3.650.772,80;R$ 3.842.918,74
Pré-selecionada pelo Gestor da Aplicação;1327.24.1812/2017;Qualificação Viária;MS;Douradina;Caixa Econômica Federal;Prefeitura Municipal de Douradina;Qualificação Viária do Prefeitura Municipal de Douradina;R$ 97.806,97;R$ 1.858.332,26;R$ 1.956.139,23
Pré-selecionada pelo Gestor da Aplicação;1004.2.0711/2017;Qualificação Viária;PR;Peabiru;Fomento Paraná;Prefeitura Municipal de Peabiru;Qualificação Viária do Prefeitura Municipal de Peabiru;R$ 82.500,00;R$ 1.567.500,00;R$ 1.650.000,00
Não enquadrada pelo Agente Financeiro;1084.24.1611/2017;Qualificação Viária;MG;São José da Lapa;Banco de Desenvolvimento de Minas Gerais – BDMG;Prefeitura Municipal de São José da Lapa;Qualificação Viária do Prefeitura Municipal de São José da Lapa;R$ 750.000,00;R$ 14.250.000,00;R$ 15.000.000,00
Em análise de enquadramento;1138.2.2211/2017;Qualificação Viária;MG;Belo Oriente;Caixa Econômica Federal;Prefeitura Municipal de Belo Oriente;Qualificação Viária do Prefeitura Municipal de Belo Oriente;R$ 308.750,00;R$ 5.866.250,00;R$ 6.175.000,00
Devolvida ao Proponente;1104.2.1711/2017;Qualificação Viária;SP;Araçatuba;Agência de Desenvolvimento Paulista – Desenvolve SP;Prefeitura Municipal de Araçatuba;Qualificação Viária do Prefeitura Municipal de Araçatuba;R$ 659.039,73;R$ 12.521.754,68;R$ 13.180.794,41
Em análise de enquadramento;1578.2.2201/2018;Qualificação Viária;PR;Anahy;Caixa Econômica Federal;Prefeitura Municipal de Anahy;Qualificação Viária do Prefeitura Municipal de Anahy;R$ 28.000,00;R$ 532.000,00;R$ 560.000,00
Pré-selecionada pelo Gestor da Aplicação;1051.2.1311/2017;Qualificação Viária;MG;Rio Casca;Caixa Econômica Federal;Prefeitura Municipal de Rio Casca;Qualificação Viária do Prefeitura Municipal de Rio Casca;R$ 185.967,86;R$ 3.533.389,21;R$ 3.719.357,07
Pré-selecionada pelo Gestor da Aplicação;1133.24.2211/2017;Qualificação Viária;MT;Jauru;Caixa Econômica Federal;Prefeitura Municipal de Jauru;Qualificação Viária do Prefeitura Municipal de Jauru;R$ 263.151,32;R$ 4.999.874,92;R$ 5.263.026,24
Selecionada pelo gestor da aplicação;39.2.0308/2017;Qualificação Viária;SC;Sangão;Banco Regional de Desenvolvimento do Extremo Sul – BRDE;Prefeitura Municipal de Sangão;Qualificação Viária do Prefeitura Municipal de Sangão;R$ 219.359,72;R$ 4.167.834,64;R$ 4.387.194,36
Não enquadrada pelo Agente Financeiro;1025.2.1011/2017;Qualificação Viária;MG;Ubaí;Banco do Brasil;Prefeitura Municipal de Ubaí;Qualificação Viária do Prefeitura Municipal de Ubaí;R$ 48.817,94;R$ 927.540,67;R$ 976.358,61
Devolvida ao Proponente;1594.24.2501/2018;Qualificação Viária;GO;Cristalina;Caixa Econômica Federal;Prefeitura Municipal de Cristalina;Qualificação Viária do Prefeitura Municipal de Cristalina;R$ 755.500,00;R$ 14.354.500,00;R$ 15.110.000,00
Devolvida ao Proponente;1581.2.2301/2018;Qualificação Viária;RS;Rosário do Sul;Caixa Econômica Federal;Prefeitura Municipal de Rosário do Sul;Qualificação Viária do Prefeitura Municipal de Rosário do Sul;R$ 265.000,00;R$ 5.035.000,00;R$ 5.300.000,00
Em análise de enquadramento;1000.2.0711/2017;Qualificação Viária;RS;Colorado;Caixa Econômica Federal;Prefeitura Municipal de Colorado;Qualificação Viária do Prefeitura Municipal de Colorado;R$ 250.000,00;R$ 4.750.000,00;R$ 5.000.000,00
Não enquadrada pelo Agente Financeiro;1020.24.0911/2017;Qualificação Viária;PI;Padre Marcos;Caixa Econômica Federal;Prefeitura Municipal de Padre Marcos;Qualificação Viária do Prefeitura Municipal de Padre Marcos;R$ 39.375,00;R$ 748.125,00;R$ 787.500,00
Em análise de enquadramento;1522.245.1001/2018;Qualificação Viária;MA;São José de Ribamar;Caixa Econômica Federal;Prefeitura Municipal de São José de Ribamar;Qualificação Viária do Prefeitura Municipal de São José de Ribamar;R$ 1.791.938,06;R$ 28.073.696,31;R$ 29.865.634,37
Não enquadrada pelo Agente Financeiro;1301.24.1312/2017;Qualificação Viária;RJ;Cachoeiras de Macacu;Caixa Econômica Federal;Prefeitura Municipal de Cachoeiras de Macacu;Qualificação Viária do Prefeitura Municipal de Cachoeiras de Macacu;R$ 785.000,00;R$ 14.915.000,00;R$ 15.700.000,00
Em análise de enquadramento;1158.2.2411/2017;Qualificação Viária;MG;Belo Oriente;Caixa Econômica Federal;Prefeitura Municipal de Belo Oriente;Qualificação Viária do Prefeitura Municipal de Belo Oriente;R$ 117.000,00;R$ 2.223.000,00;R$ 2.340.000,00
Em análise de enquadramento;981.2.0611/2017;Qualificação Viária;ES;São Mateus;Caixa Econômica Federal;Prefeitura Municipal de São Mateus;Qualificação Viária do Prefeitura Municipal de São Mateus;R$ 191.450,00;R$ 3.637.550,00;R$ 3.829.000,00
Pré-selecionada pelo Gestor da Aplicação;1355.2.2012/2017;Qualificação Viária;RS;Arroio Grande;Caixa Econômica Federal;Prefeitura Municipal de Arroio Grande;Qualificação Viária do Prefeitura Municipal de Arroio Grande;R$ 250.000,01;R$ 4.749.999,94;R$ 4.999.999,95
Em análise de enquadramento;53.3.0708/2017;Transporte Não Motorizado;PR;Ribeirão do Pinhal;Caixa Econômica Federal;Prefeitura Municipal de Ribeirão do Pinhal;Transporte Não Motorizado do Prefeitura Municipal de Ribeirão do Pinhal;R$ 29.645,37;R$ 563.261,99;R$ 592.907,36
Não enquadrada pelo Agente Financeiro;1060.2.1411/2017;Qualificação Viária;PR;Pérola;Caixa Econômica Federal;Prefeitura Municipal de Pérola;Qualificação Viária do Prefeitura Municipal de Pérola;R$ 123.131,20;R$ 2.339.492,74;R$ 2.462.623,94
Em análise de enquadramento;1010.2.0811/2017;Qualificação Viária;SC;Agronômica;Caixa Econômica Federal;Prefeitura Municipal de Agronômica;Qualificação Viária do Prefeitura Municipal de Agronômica;R$ 76.887,17;R$ 1.460.856,05;R$ 1.537.743,22
Selecionada pelo gestor da aplicação;885.2.2410/2017;Qualificação Viária;SC;São Ludgero;Banco Regional de Desenvolvimento do Extremo Sul – BRDE;Prefeitura Municipal de São Ludgero;Qualificação Viária do Prefeitura Municipal de São Ludgero;R$ 123.127,77;R$ 2.339.427,59;R$ 2.462.555,36
Em análise de enquadramento;1052.3.1311/2017;Transporte Não Motorizado;SP;Araçatuba;Caixa Econômica Federal;Prefeitura Municipal de Araçatuba;Transporte Não Motorizado do Prefeitura Municipal de Araçatuba;R$ 382.200,00;R$ 7.261.800,00;R$ 7.644.000,00
Em análise pelo administrador do Agente Financeiro;316.2.2508/2017;Qualificação Viária;RS;Barão do Triunfo;Caixa Econômica Federal;Prefeitura Municipal de Barão do Triunfo;Qualificação Viária do Prefeitura Municipal de Barão do Triunfo;R$ 250.000,00;R$ 4.750.000,00;R$ 5.000.000,00
Em análise pelo administrador do Agente Financeiro;392.2.2908/2017;Qualificação Viária;RS;Cerro Grande do Sul;Caixa Econômica Federal;Prefeitura Municipal de Cerro Grande do Sul;Qualificação Viária do Prefeitura Municipal de Cerro Grande do Sul;R$ 249.240,04;R$ 4.735.560,74;R$ 4.984.800,78
Não enquadrada pelo Agente Financeiro;481.2.1109/2017;Qualificação Viária;RS;Barra do Rio Azul;Caixa Econômica Federal;Prefeitura Municipal de Barra do Rio Azul;Qualificação Viária do Prefeitura Municipal de Barra do Rio Azul;R$ 250.000,00;R$ 4.750.000,00;R$ 5.000.000,00
Não enquadrada pelo Agente Financeiro;461.24.0509/2017;Qualificação Viária;RS;Ronda Alta;Caixa Econômica Federal;Prefeitura Municipal de Ronda Alta;Qualificação Viária do Prefeitura Municipal de Ronda Alta;R$ 137.127,41;R$ 2.605.420,60;R$ 2.742.548,01
Não enquadrada pelo Agente Financeiro;464.2.0609/2017;Qualificação Viária;RS;Erebango;Caixa Econômica Federal;Prefeitura Municipal de Erebango;Qualificação Viária do Prefeitura Municipal de Erebango;R$ 119.000,00;R$ 2.261.000,00;R$ 2.380.000,00
Não enquadrada pelo Agente Financeiro;1302.24.1312/2017;Qualificação Viária;CE;Varjota;Caixa Econômica Federal;Prefeitura Municipal de Varjota;Qualificação Viária do Prefeitura Municipal de Varjota;R$ 257.000,00;R$ 4.883.000,00;R$ 5.140.000,00
Selecionada pelo gestor da aplicação;1408.2.2612/2017;Qualificação Viária;RS;São José do Sul;Banco Regional de Desenvolvimento do Extremo Sul – BRDE;Prefeitura Municipal de São José do Sul;Qualificação Viária do Prefeitura Municipal de São José do Sul;R$ 126.970,00;R$ 2.412.430,00;R$ 2.539.400,00
Pré-selecionada pelo Gestor da Aplicação;1579.2.2201/2018;Qualificação Viária;SC;Corupá;Caixa Econômica Federal;Prefeitura Municipal de Corupá;Qualificação Viária do Prefeitura Municipal de Corupá;R$ 258.694,67;R$ 4.915.198,71;R$ 5.173.893,38
Pré-selecionada pelo Gestor da Aplicação;1546.2.1601/2018;Qualificação Viária;RS;Ciríaco;Caixa Econômica Federal;Município de Ciríaco;Qualificação Viária do Município de Ciríaco;R$ 38.597,01;R$ 733.343,11;R$ 771.940,12
Pré-selecionada pelo Gestor da Aplicação;1083.34.1611/2017;Transporte Não Motorizado;SP;Marília;Caixa Econômica Federal;Prefeitura Municipal de Marília;Transporte Não Motorizado do Prefeitura Municipal de Marília;R$ 205.948,43;R$ 3.913.020,15;R$ 4.118.968,58
Pré-selecionada pelo Gestor da Aplicação;1588.25.2401/2018;Qualificação Viária;BA;Simões Filho;Caixa Econômica Federal;Prefeitura Municipal de Simões Filho;Qualificação Viária do Prefeitura Municipal de Simões Filho;R$ 1.500.000,00;R$ 28.500.000,00;R$ 30.000.000,00
Não enquadrada pelo Agente Financeiro;1559.2.1701/2018;Qualificação Viária;MT;Diamantino;Caixa Econômica Federal;Prefeitura Municipal de Diamantino;Qualificação Viária do Prefeitura Municipal de Diamantino;R$ 74.373,16;R$ 1.413.090,03;R$ 1.487.463,19
Pré-selecionada pelo Gestor da Aplicação;1586.2.2401/2018;Qualificação Viária;SC;Araranguá;Caixa Econômica Federal;Prefeitura Municipal de Araranguá;Qualificação Viária do Prefeitura Municipal de Araranguá;R$ 245.779,38;R$ 4.669.808,12;R$ 4.915.587,50
Selecionada pelo gestor da aplicação;1564.3.1801/2018;Transporte Não Motorizado;RS;Sobradinho;Caixa Econômica Federal;Prefeitura Municipal de Sobradinho;Transporte Não Motorizado do Prefeitura Municipal de Sobradinho;R$ 61.984,99;R$ 1.177.714,61;R$ 1.239.699,60
Em análise de enquadramento;1547.2.1601/2018;Qualificação Viária;RS;Ciríaco;Banco do Estado do Rio Grande do Sul – Banrisul;Município de Ciríaco;Qualificação Viária do Município de Ciríaco;R$ 38.597,01;R$ 733.343,11;R$ 771.940,12
Em análise de enquadramento;1510.2.0901/2018;Qualificação Viária;RS;Nonoai;Caixa Econômica Federal;Prefeitura Municipal de Nonoai;Qualificação Viária do Prefeitura Municipal de Nonoai;R$ 223.750,00;R$ 4.251.250,00;R$ 4.475.000,00
Em análise pelo administrador do Agente Financeiro;1465.2.2912/2017;Qualificação Viária;SP;Presidente Epitácio;Caixa Econômica Federal;Prefeitura Municipal de Presidente Epitácio;Qualificação Viária do Prefeitura Municipal de Presidente Epitácio;R$ 191.954,39;R$ 3.647.133,29;R$ 3.839.087,68
Em análise pelo administrador do Agente Financeiro;1466.2.2912/2017;Qualificação Viária;SP;Presidente Epitácio;Caixa Econômica Federal;Prefeitura Municipal de Presidente Epitácio;Qualificação Viária do Prefeitura Municipal de Presidente Epitácio;R$ 142.191,70;R$ 2.701.642,22;R$ 2.843.833,92
Selecionada pelo gestor da aplicação;1019.2.0911/2017;Qualificação Viária;MG;Vespasiano;Caixa Econômica Federal;Prefeitura Municipal de Vespasiano;Qualificação Viária do Prefeitura Municipal de Vespasiano;R$ 498.648,83;R$ 9.474.327,57;R$ 9.972.976,40
Não enquadrada pelo Agente Financeiro;1574.245.1901/2018;Qualificação Viária;RJ;Itaguaí;Caixa Econômica Federal;Prefeitura Municipal de Itaguaí;Qualificação Viária do Prefeitura Municipal de Itaguaí;R$ 1.460.250,00;R$ 27.744.750,00;R$ 29.205.000,00
Não enquadrada pelo Agente Financeiro;1453.245.2912/2017;Qualificação Viária;MA;São José de Ribamar;Caixa Econômica Federal;Prefeitura Municipal de São José de Ribamar;Qualificação Viária do Prefeitura Municipal de São José de Ribamar;R$ 1.498.556,60;R$ 28.472.575,33;R$ 29.971.131,93
Em análise de enquadramento;1228.2.0512/2017;Qualificação Viária;MG;Divino;Caixa Econômica Federal;Prefeitura Municipal de Divino;Qualificação Viária do Prefeitura Municipal de Divino;R$ 53.000,00;R$ 1.007.000,00;R$ 1.060.000,00
Em análise de enquadramento;1501.2.0801/2018;Qualificação Viária;CE;Trairi;Caixa Econômica Federal;Prefeitura Municipal de Trairi;Qualificação Viária do Prefeitura Municipal de Trairi;R$ 1.133.096,25;R$ 17.813.498,23;R$ 18.946.594,48
Não enquadrada pelo Agente Financeiro;1321.24.1612/2017;Qualificação Viária;MS;Nioaque;Caixa Econômica Federal;Prefeitura Municipal de Nioaque;Qualificação Viária do Prefeitura Municipal de Nioaque;R$ 242.695,42;R$ 4.611.212,92;R$ 4.853.908,34
Devolvida ao Proponente;1360.25.2012/2017;Qualificação Viária;SP;Ourinhos;Caixa Econômica Federal;Prefeitura Municipal de Ourinhos;Qualificação Viária do Prefeitura Municipal de Ourinhos;R$ 250.000,00;R$ 4.750.000,00;R$ 5.000.000,00
Pré-selecionada pelo Gestor da Aplicação;3152.3.1203/2018;Transporte Não Motorizado;PA;Parauapebas;Caixa Econômica Federal;Prefeitura Municipal de Parauapebas;Transporte Não Motorizado do Prefeitura Municipal de Parauapebas;R$ 429.914,80;R$ 8.168.381,15;R$ 8.598.295,95
Em análise pelo administrador do Agente Financeiro;1467.3.2912/2017;Transporte Não Motorizado;SP;Presidente Epitácio;Caixa Econômica Federal;Prefeitura Municipal de Presidente Epitácio;Transporte Não Motorizado do Prefeitura Municipal de Presidente Epitácio;R$ 159.279,71;R$ 3.026.314,45;R$ 3.185.594,16
Pré-selecionada pelo Gestor da Aplicação;1561.24.1701/2018;Qualificação Viária;PI;Beneditinos;Caixa Econômica Federal;Prefeitura Municipal de Beneditinos;Qualificação Viária do Prefeitura Municipal de Beneditinos;R$ 250.000,00;R$ 4.745.263,80;R$ 4.995.263,80
Pré-selecionada pelo Gestor da Aplicação;1557.2.1701/2018;Qualificação Viária;PR;Mandirituba;Caixa Econômica Federal;Prefeitura Municipal de Mandirituba;Qualificação Viária do Prefeitura Municipal de Mandirituba;R$ 488.297,10;R$ 9.277.644,70;R$ 9.765.941,80
Pré-selecionada pelo Gestor da Aplicação;1576.24.1901/2018;Qualificação Viária;PI;Santo Inácio do Piauí;Caixa Econômica Federal;Prefeitura Municipal de Santo Inácio do Piauí;Qualificação Viária do Prefeitura Municipal de Santo Inácio do Piauí;R$ 75.500,00;R$ 1.424.500,00;R$ 1.500.000,00
Selecionada pelo gestor da aplicação;1584.24.2301/2018;Qualificação Viária;SP;Hortolândia;Caixa Econômica Federal;MUNICIPIO DE HORTOLANDIA;Qualificação Viária do MUNICIPIO DE HORTOLANDIA;R$ 200.000,00;R$ 3.800.000,00;R$ 4.000.000,00
Em análise de enquadramento;1535.2.1201/2018;Qualificação Viária;RS;Alegrete;Caixa Econômica Federal;Prefeitura Municipal de Alegrete;Qualificação Viária do Prefeitura Municipal de Alegrete;R$ 102.027,80;R$ 1.938.528,15;R$ 2.040.555,95
Pré-selecionada pelo Gestor da Aplicação;3153.2.2903/2018;Qualificação Viária;RS;Lagoa Bonita do Sul;Banco Regional de Desenvolvimento do Extremo Sul – BRDE;Prefeitura Municipal de Lagoa Bonita do Sul;Qualificação Viária do Prefeitura Municipal de Lagoa Bonita do Sul;R$ 79.516,50;R$ 1.510.813,50;R$ 1.590.330,00
Pré-selecionada pelo Gestor da Aplicação;1609.24.3001/2018;Qualificação Viária;SP;Casa Branca;Caixa Econômica Federal;Prefeitura Municipal de Casa Branca;Qualificação Viária do Prefeitura Municipal de Casa Branca;R$ 112.500,00;R$ 2.137.500,00;R$ 2.250.000,00
Não enquadrada pelo Agente Financeiro;1554.345.1701/2018;Transporte Não Motorizado;SP;Hortolândia;Caixa Econômica Federal;MUNICIPIO DE HORTOLANDIA;Transporte Não Motorizado do MUNICIPIO DE HORTOLANDIA;R$ 200.000,00;R$ 3.800.000,00;R$ 4.000.000,00
Pré-selecionada pelo Gestor da Aplicação;1266.2.1112/2017;Qualificação Viária;PR;Campina Grande do Sul;Fomento Paraná;Prefeitura Municipal de Campina Grande do Sul;Qualificação Viária do Prefeitura Municipal de Campina Grande do Sul;R$ 133.906,50;R$ 2.544.223,50;R$ 2.678.130,00
Pré-selecionada pelo Gestor da Aplicação;1475.2.0301/2018;Qualificação Viária;SC;Rancho Queimado;Caixa Econômica Federal;Prefeitura Municipal de Rancho Queimado;Qualificação Viária do Prefeitura Municipal de Rancho Queimado;R$ 110.280,00;R$ 2.095.320,00;R$ 2.205.600,00
Devolvida ao Proponente;380.24.2808/2017;Qualificação Viária;SE;Lagarto;Caixa Econômica Federal;Prefeitura Municipal de Lagarto;Qualificação Viária do Prefeitura Municipal de Lagarto;R$ 1.476.715,99;R$ 28.057.603,69;R$ 29.534.319,68
Pré-selecionada pelo Gestor da Aplicação;1608.24.0902/2018;Qualificação Viária;RS;Canguçu;Caixa Econômica Federal;Prefeitura Municipal de Canguçu;Qualificação Viária do Prefeitura Municipal de Canguçu;R$ 492.998,42;R$ 9.366.969,86;R$ 9.859.968,28
Pré-selecionada pelo Gestor da Aplicação;1452.24.2912/2017;Qualificação Viária;MS;Itaporã;Caixa Econômica Federal;Prefeitura Municipal de Itaporã;Qualificação Viária do Prefeitura Municipal de Itaporã;R$ 96.342,29;R$ 1.830.503,32;R$ 1.926.845,61
Selecionada pelo gestor da aplicação;27.2.0208/2017;Qualificação Viária;SC;Mafra;Banco Regional de Desenvolvimento do Extremo Sul – BRDE;Prefeitura Municipal de Mafra;Qualificação Viária do Prefeitura Municipal de Mafra;R$ 336.748,89;R$ 6.398.228,86;R$ 6.734.977,75
Em análise de enquadramento;1477.2.0301/2018;Qualificação Viária;RS;Nonoai;Caixa Econômica Federal;Prefeitura Municipal de Nonoai;Qualificação Viária do Prefeitura Municipal de Nonoai;R$ 451.600,00;R$ 8.580.400,00;R$ 9.032.000,00
Pré-selecionada pelo Gestor da Aplicação;1382.24.2112/2017;Qualificação Viária;PR;Paranavaí;Caixa Econômica Federal;Prefeitura Municipal de Paranavaí;Qualificação Viária do Prefeitura Municipal de Paranavaí;R$ 400.000,00;R$ 7.600.000,00;R$ 8.000.000,00
Pré-selecionada pelo Gestor da Aplicação;1507.2.0801/2018;Qualificação Viária;RS;Trindade do Sul;Banco Regional de Desenvolvimento do Extremo Sul – BRDE;Prefeitura Municipal de Trindade do Sul;Qualificação Viária do Prefeitura Municipal de Trindade do Sul;R$ 157.658,49;R$ 2.995.511,31;R$ 3.153.169,80
Pré-selecionada pelo Gestor da Aplicação;1551.2.1601/2018;Qualificação Viária;SP;Santa Isabel;Caixa Econômica Federal;Prefeitura Municipal de Santa Isabel;Qualificação Viária do Prefeitura Municipal de Santa Isabel;R$ 349.147,66;R$ 6.633.805,37;R$ 6.982.953,03
Em análise de enquadramento;1552.24.1601/2018;Qualificação Viária;MA;Alto Alegre do Pindaré;Caixa Econômica Federal;Prefeitura Municipal de Alto Alegre do Pindaré;Qualificação Viária do Prefeitura Municipal de Alto Alegre do Pindaré;R$ 244.378,17;R$ 4.643.185,03;R$ 4.887.563,20
Pré-selecionada pelo Gestor da Aplicação;1531.2.1101/2018;Qualificação Viária;SC;Porto União;Caixa Econômica Federal;Prefeitura Municipal de Porto União;Qualificação Viária do Prefeitura Municipal de Porto União;R$ 395.000,00;R$ 7.349.226,40;R$ 7.744.226,40
Devolvida ao Proponente;1494.2.0501/2018;Qualificação Viária;CE;Tauá;Caixa Econômica Federal;Prefeitura Municipal de Tauá;Qualificação Viária do Prefeitura Municipal de Tauá;R$ 278.366,92;R$ 5.288.971,39;R$ 5.567.338,31
Em análise de enquadramento;1473.2.0301/2018;Qualificação Viária;BA;Pindaí;Caixa Econômica Federal;Prefeitura Municipal de Pindaí;Qualificação Viária do Prefeitura Municipal de Pindaí;R$ 114.678,21;R$ 2.178.885,93;R$ 2.293.564,14
Em análise de enquadramento;1380.2.2112/2017;Qualificação Viária;RS;Feliz;Caixa Econômica Federal;Prefeitura Municipal de Feliz;Qualificação Viária do Prefeitura Municipal de Feliz;R$ 93.163,87;R$ 1.770.113,51;R$ 1.863.277,38
Não enquadrada pelo Agente Financeiro;1608.24.2901/2018;Qualificação Viária;MA;Alto Alegre do Pindaré;Caixa Econômica Federal;Prefeitura Municipal de Alto Alegre do Pindaré;Qualificação Viária do Prefeitura Municipal de Alto Alegre do Pindaré;R$ 204.457,48;R$ 3.884.692,08;R$ 4.089.149,56
Em análise de enquadramento;1474.2.0301/2018;Qualificação Viária;BA;Pindaí;Caixa Econômica Federal;Prefeitura Municipal de Pindaí;Qualificação Viária do Prefeitura Municipal de Pindaí;R$ 114.081,45;R$ 2.167.547,41;R$ 2.281.628,86
Pré-selecionada pelo Gestor da Aplicação;1617.2.3101/2018;Qualificação Viária;MS;Coxim;Caixa Econômica Federal;Prefeitura Municipal de Coxim;Qualificação Viária do Prefeitura Municipal de Coxim;R$ 741.121,07;R$ 14.081.300,18;R$ 14.822.421,25
Devolvida ao Proponente;2933.2.1303/2018;Qualificação Viária;RS;Sant'Ana do Livramento;Caixa Econômica Federal;Prefeitura Municipal de Sant'Ana do Livramento;Qualificação Viária do Prefeitura Municipal de Sant'Ana do Livramento;R$ 1.017.343,40;R$ 19.329.524,60;R$ 20.346.868,00
Em análise de enquadramento;2932.2.2504/2019;Qualificação Viária;SP;Mongaguá;Caixa Econômica Federal;Prefeitura Municipal de Mongaguá;Qualificação Viária do Prefeitura Municipal de Mongaguá;R$ 750.000,00;R$ 14.250.000,00;R$ 15.000.000,00
Em análise de enquadramento;1463.2.2912/2017;Qualificação Viária;AM;Tabatinga;Caixa Econômica Federal;Prefeitura Municipal de Tabatinga;Qualificação Viária do Prefeitura Municipal de Tabatinga;R$ 245.000,00;R$ 4.655.000,00;R$ 4.900.000,00
Pré-selecionada pelo Gestor da Aplicação;1144.2.2311/2017;Qualificação Viária;SP;Araçatuba;Caixa Econômica Federal;Prefeitura Municipal de Araçatuba;Qualificação Viária do Prefeitura Municipal de Araçatuba;R$ 382.700,00;R$ 7.271.300,00;R$ 7.654.000,00
Pré-selecionada pelo Gestor da Aplicação;1457.2.2912/2017;Qualificação Viária;RS;Tavares;Caixa Econômica Federal;Prefeitura Municipal de Tavares;Qualificação Viária do Prefeitura Municipal de Tavares;R$ 89.550,00;R$ 1.701.450,00;R$ 1.791.000,00
Não enquadrada pelo Agente Financeiro;1616.2.3101/2018;Qualificação Viária;SC;Palmeira;Caixa Econômica Federal;Prefeitura Municipal de Palmeira;Qualificação Viária do Prefeitura Municipal de Palmeira;R$ 249.970,95;R$ 4.749.447,88;R$ 4.999.418,83
Devolvida ao Proponente;3171.2.1503/2018;Qualificação Viária;SC;Araquari;Banco Regional de Desenvolvimento do Extremo Sul – BRDE;Prefeitura Municipal de Araquari;Qualificação Viária do Prefeitura Municipal de Araquari;R$ 735.001,52;R$ 13.965.028,86;R$ 14.700.030,38
Em análise de enquadramento;872.2.2210/2017;Qualificação Viária;PR;Florestópolis;Caixa Econômica Federal;Prefeitura Municipal de Florestópolis;Qualificação Viária do Prefeitura Municipal de Florestópolis;R$ 46.250,00;R$ 878.750,00;R$ 925.000,00
Selecionada pelo gestor da aplicação;1555.345.1701/2018;Transporte Não Motorizado;SP;Hortolândia;Caixa Econômica Federal;MUNICIPIO DE HORTOLANDIA;Transporte Não Motorizado do MUNICIPIO DE HORTOLANDIA;R$ 200.000,00;R$ 3.800.000,00;R$ 4.000.000,00
Devolvida ao Proponente;1406.24.2412/2017;Qualificação Viária;PE;Petrolina;Caixa Econômica Federal;Prefeitura Municipal de Petrolina;Qualificação Viária do Prefeitura Municipal de Petrolina;R$ 2.500.000,00;R$ 47.500.000,00;R$ 50.000.000,00
Em análise de enquadramento;1024.2.0911/2017;Qualificação Viária;BA;Jussari;Caixa Econômica Federal;Prefeitura Municipal de Jussari;Qualificação Viária do Prefeitura Municipal de Jussari;R$ 249.500,00;R$ 4.740.500,00;R$ 4.990.000,00
Pré-selecionada pelo Gestor da Aplicação;1497.2.0501/2018;Qualificação Viária;RJ;Resende;Caixa Econômica Federal;Prefeitura Municipal de Resende;Qualificação Viária do Prefeitura Municipal de Resende;R$ 2.324.463,00;R$ 20.920.167,00;R$ 23.244.630,00
Pré-selecionada pelo Gestor da Aplicação;2952.2.0503/2018;Qualificação Viária;MG;Chapada Gaúcha;Caixa Econômica Federal;Prefeitura Municipal de Chapada Gaúcha;Qualificação Viária do Prefeitura Municipal de Chapada Gaúcha;R$ 125.000,00;R$ 2.375.000,00;R$ 2.500.000,00
Devolvida ao Proponente;596.24.2109/2017;Qualificação Viária;SE;Santa Rosa de Lima;Caixa Econômica Federal;Prefeitura Municipal de Santa Rosa de Lima;Qualificação Viária do Prefeitura Municipal de Santa Rosa de Lima;R$ 107.742,86;R$ 2.047.114,28;R$ 2.154.857,14
Não enquadrada pelo Agente Financeiro;1587.2.2401/2018;Qualificação Viária;MA;Apicum-Açu;Caixa Econômica Federal;Prefeitura Municipal de Apicum-Açu;Qualificação Viária do Prefeitura Municipal de Apicum-Açu;R$ 228.732,54;R$ 4.345.918,13;R$ 4.574.650,67
Pré-selecionada pelo Gestor da Aplicação;3155.5.1203/2018;Plano de Mobilidade Urbana;PA;Parauapebas;Caixa Econômica Federal;Prefeitura Municipal de Parauapebas;Plano de Mobilidade Urbana do Prefeitura Municipal de Parauapebas;R$ 60.000,00;R$ 1.140.000,00;R$ 1.200.000,00
Em análise de enquadramento;1387.2.2112/2017;Qualificação Viária;PR;Formosa do Oeste;Caixa Econômica Federal;Prefeitura Municipal de Formosa do Oeste;Qualificação Viária do Prefeitura Municipal de Formosa do Oeste;R$ 130.000,00;R$ 2.470.000,00;R$ 2.600.000,00
Devolvida ao Proponente;1503.3.0801/2018;Transporte Não Motorizado;SP;Sorocaba;Caixa Econômica Federal;Prefeitura Municipal de Sorocaba;Transporte Não Motorizado do Prefeitura Municipal de Sorocaba;R$ 476.450,00;R$ 9.052.550,00;R$ 9.529.000,00
Devolvida ao Proponente;3240.2.0604/2018;Qualificação Viária;PE;Jaboatão dos Guararapes;Caixa Econômica Federal;Prefeitura Municipal de Jaboatão dos Guararapes;Qualificação Viária do Prefeitura Municipal de Jaboatão dos Guararapes;R$ 1.152.451,65;R$ 21.896.581,22;R$ 23.049.032,87
Pré-selecionada pelo Gestor da Aplicação;2988.2.0606/2018;Qualificação Viária;PI;São João do Piauí;Caixa Econômica Federal;Prefeitura Municipal de São João do Piauí;Qualificação Viária do Prefeitura Municipal de São João do Piauí;R$ 318.568,73;R$ 6.052.805,77;R$ 6.371.374,50
Pré-selecionada pelo Gestor da Aplicação;1388.25.2112/2017;Qualificação Viária;SC;São José;Caixa Econômica Federal;Prefeitura Municipal de São José;Qualificação Viária do Prefeitura Municipal de São José;R$ 80.242,69;R$ 1.524.611,01;R$ 1.604.853,70
Pré-selecionada pelo Gestor da Aplicação;2996.2.2003/2018;Qualificação Viária;SP;Rio Claro;Caixa Econômica Federal;Prefeitura Municipal de Rio Claro;Qualificação Viária do Prefeitura Municipal de Rio Claro;R$ 56.385,17;R$ 1.071.318,21;R$ 1.127.703,38
Não enquadrada pelo Agente Financeiro;389.2.2808/2017;Qualificação Viária;MT;Juara;Caixa Econômica Federal;Prefeitura Municipal de Juara;Qualificação Viária do Prefeitura Municipal de Juara;R$ 518.767,99;R$ 9.856.591,68;R$ 10.375.359,67
Não enquadrada pelo Agente Financeiro;1461.2.2912/2017;Qualificação Viária;MT;Juara;Caixa Econômica Federal;Prefeitura Municipal de Juara;Qualificação Viária do Prefeitura Municipal de Juara;R$ 518.768,49;R$ 9.856.601,18;R$ 10.375.369,67
Não enquadrada pelo Agente Financeiro;1398.245.2212/2017;Qualificação Viária;PI;Parnaíba;Caixa Econômica Federal;Prefeitura Municipal de Parnaíba;Qualificação Viária do Prefeitura Municipal de Parnaíba;R$ 1.510.000,00;R$ 28.490.000,00;R$ 30.000.000,00
Selecionada pelo gestor da aplicação;1385.2.2112/2017;Qualificação Viária;SC;Araranguá;Banco Regional de Desenvolvimento do Extremo Sul – BRDE;Prefeitura Municipal de Araranguá;Qualificação Viária do Prefeitura Municipal de Araranguá;R$ 437.345,63;R$ 8.309.566,82;R$ 8.746.912,45
Em análise de enquadramento;1595.25.2601/2018;Qualificação Viária;PB;Patos;Caixa Econômica Federal;DINALDO MEDEIROS WANDERLEY FILHO;Qualificação Viária do DINALDO MEDEIROS WANDERLEY FILHO;R$ 1.535.000,00;R$ 29.165.000,00;R$ 30.700.000,00
Devolvida ao Proponente;3359.2.2206/2018;Qualificação Viária;SP;Guarujá;Agência de Desenvolvimento Paulista – Desenvolve SP;Prefeitura Municipal de Guarujá;Qualificação Viária do Prefeitura Municipal de Guarujá;R$ 499.984,31;R$ 9.499.701,86;R$ 9.999.686,17
Pré-selecionada pelo Gestor da Aplicação;1400.24.2212/2017;Qualificação Viária;MA;Balsas;Caixa Econômica Federal;Prefeitura Municipal de Balsas;Qualificação Viária do Prefeitura Municipal de Balsas;R$ 998.807,70;R$ 18.977.346,20;R$ 19.976.153,90
Devolvida ao Proponente;3183.3.1104/2018;Transporte Não Motorizado;PI;Teresina;Caixa Econômica Federal;Prefeitura Municipal de Teresina;Transporte Não Motorizado do Prefeitura Municipal de Teresina;R$ 485.619,73;R$ 9.226.774,86;R$ 9.712.394,59
Pré-selecionada pelo Gestor da Aplicação;1624.2.2213/2018;Qualificação Viária;SP;Bebedouro;Agência de Desenvolvimento Paulista – Desenvolve SP;Prefeitura Municipal de Bebedouro;Qualificação Viária do Prefeitura Municipal de Bebedouro;R$ 210.526,32;R$ 4.000.000,00;R$ 4.210.526,32
Não enquadrada pelo Agente Financeiro;170.2.2008/2017;Qualificação Viária;BA;Euclides da Cunha;Caixa Econômica Federal;Prefeitura Municipal de Euclides da Cunha;Qualificação Viária do Prefeitura Municipal de Euclides da Cunha;R$ 91.380,00;R$ 1.736.220,00;R$ 1.827.600,00
Pré-selecionada pelo Gestor da Aplicação;1629.25.2702/2018;Qualificação Viária;PR;Guarapuava;Banco Regional de Desenvolvimento do Extremo Sul – BRDE;Prefeitura Municipal de Guarapuava;Qualificação Viária do Prefeitura Municipal de Guarapuava;R$ 1.548.833,32;R$ 29.427.833,06;R$ 30.976.666,38
Não enquadrada pelo Agente Financeiro;1390.2.2112/2017;Qualificação Viária;RS;Salvador do Sul;Caixa Econômica Federal;Prefeitura Municipal de Salvador do Sul;Qualificação Viária do Prefeitura Municipal de Salvador do Sul;R$ 84.525,00;R$ 1.605.975,00;R$ 1.690.500,00
Pré-selecionada pelo Gestor da Aplicação;131.24.1608/2017;Qualificação Viária;SP;Boituva;Caixa Econômica Federal;Prefeitura Municipal de Boituva;Qualificação Viária do Prefeitura Municipal de Boituva;R$ 534.863,10;R$ 10.162.398,87;R$ 10.697.261,97
Pré-selecionada pelo Gestor da Aplicação;3833.2.1811/2018;Qualificação Viária;RS;Ivoti;Banco Regional de Desenvolvimento do Extremo Sul – BRDE;Prefeitura Municipal de Ivoti;Qualificação Viária do Prefeitura Municipal de Ivoti;R$ 229.240,16;R$ 4.355.562,84;R$ 4.584.803,00
Devolvida ao Proponente;1471.2.0201/2018;Qualificação Viária;SP;Sorocaba;Caixa Econômica Federal;Prefeitura Municipal de Sorocaba;Qualificação Viária do Prefeitura Municipal de Sorocaba;R$ 1.665.197,50;R$ 31.638.752,50;R$ 33.303.950,00
Pré-selecionada pelo Gestor da Aplicação;1627.2.2602/2018;Qualificação Viária;SP;Jales;Agência de Desenvolvimento Paulista – Desenvolve SP;Prefeitura Municipal de Jales;Qualificação Viária do Prefeitura Municipal de Jales;R$ 550.000,00;R$ 10.450.000,00;R$ 11.000.000,00
Devolvida ao Proponente;3514.2.1806/2018;Qualificação Viária;MT;Alto Taquari;Caixa Econômica Federal;Prefeitura Municipal de Alto Taquari;Qualificação Viária do Prefeitura Municipal de Alto Taquari;R$ 28.551,09;R$ 542.470,55;R$ 571.021,64
Pré-selecionada pelo Gestor da Aplicação;3450.24.1206/2018;Qualificação Viária;PI;Coronel José Dias;Caixa Econômica Federal;Prefeitura Municipal de Coronel José Dias;Qualificação Viária do Prefeitura Municipal de Coronel José Dias;R$ 102.000,00;R$ 1.898.000,00;R$ 2.000.000,00
Selecionada pelo gestor da aplicação;1624.2.2202/2018;Qualificação Viária;SP;Itapetininga;Caixa Econômica Federal;Prefeitura Municipal de Itapetininga;Qualificação Viária do Prefeitura Municipal de Itapetininga;R$ 1.499.999,80;R$ 28.499.996,20;R$ 29.999.996,00
Devolvida ao Proponente;1592.2.2501/2018;Qualificação Viária;RJ;Rio de Janeiro;Caixa Econômica Federal;Prefeitura Municipal de Rio de Janeiro;Qualificação Viária do Prefeitura Municipal de Rio de Janeiro;R$ 5.000.000,00;R$ 95.000.000,00;R$ 100.000.000,00
Pré-selecionada pelo Gestor da Aplicação;1393.2.2212/2017;Qualificação Viária;SP;Patrocínio Paulista;Caixa Econômica Federal;Prefeitura Municipal de Patrocínio Paulista;Qualificação Viária do Prefeitura Municipal de Patrocínio Paulista;R$ 36.070,90;R$ 685.346,92;R$ 721.417,82
Devolvida ao Proponente;3239.2.0604/2018;Qualificação Viária;PE;Jaboatão dos Guararapes;Caixa Econômica Federal;Prefeitura Municipal de Jaboatão dos Guararapes;Qualificação Viária do Prefeitura Municipal de Jaboatão dos Guararapes;R$ 1.334.360,55;R$ 25.352.850,27;R$ 26.687.210,82
Pré-selecionada pelo Gestor da Aplicação;549.2.1809/2017;Qualificação Viária;SP;Fernandópolis;Agência de Desenvolvimento Paulista – Desenvolve SP;Prefeitura Municipal de Fernandópolis;Qualificação Viária do Prefeitura Municipal de Fernandópolis;R$ 500.000,00;R$ 9.500.000,00;R$ 10.000.000,00
Devolvida ao Proponente;1565.2.1801/2018;Qualificação Viária;RJ;Rio de Janeiro;Caixa Econômica Federal;Prefeitura Municipal de Rio de Janeiro;Qualificação Viária do Prefeitura Municipal de Rio de Janeiro;R$ 5.263.157,86;R$ 99.999.999,14;R$ 105.263.157,00
Pré-selecionada pelo Gestor da Aplicação;3451.24.1206/2018;Qualificação Viária;PI;Jaicós;Caixa Econômica Federal;Prefeitura Municipal de Jaicós;Qualificação Viária do Prefeitura Municipal de Jaicós;R$ 155.000,00;R$ 2.845.000,00;R$ 3.000.000,00
Pré-selecionada pelo Gestor da Aplicação;1529.2.1101/2018;Qualificação Viária;RS;Vale Real;Caixa Econômica Federal;MUNICÍPIO DE VALE REAL;Qualificação Viária do MUNICÍPIO DE VALE REAL;R$ 35.414,07;R$ 672.867,32;R$ 708.281,39
Pré-selecionada pelo Gestor da Aplicação;3376.2.1906/2018;Qualificação Viária;MS;Paranaíba;Caixa Econômica Federal;Prefeitura Municipal de Paranaíba;Qualificação Viária do Prefeitura Municipal de Paranaíba;R$ 787.500,00;R$ 14.962.500,00;R$ 15.750.000,00
Pré-selecionada pelo Gestor da Aplicação;3383.24.1206/2018;Qualificação Viária;PI;Pedro Laurentino;Caixa Econômica Federal;Prefeitura Municipal de Pedro Laurentino;Qualificação Viária do Prefeitura Municipal de Pedro Laurentino;R$ 155.000,00;R$ 2.845.000,00;R$ 3.000.000,00
Devolvida ao Proponente;3282.2.2304/2018;Qualificação Viária;SC;Rio do Sul;Banco Regional de Desenvolvimento do Extremo Sul – BRDE;Prefeitura Municipal de Rio do Sul;Qualificação Viária do Prefeitura Municipal de Rio do Sul;R$ 410.491,00;R$ 7.799.328,82;R$ 8.209.819,82
Não enquadrada pelo Agente Financeiro;3508.2.1806/2018;Qualificação Viária;BA;Candeias;Caixa Econômica Federal;Prefeitura Municipal de Candeias;Qualificação Viária do Prefeitura Municipal de Candeias;R$ 875.000,00;R$ 16.625.000,00;R$ 17.500.000,00
Em análise de enquadramento;3632.2.1807/2018;Qualificação Viária;PI;Campo Grande do Piauí;Caixa Econômica Federal;Prefeitura Municipal de Campo Grande do Piauí;Qualificação Viária do Prefeitura Municipal de Campo Grande do Piauí;R$ 50.000,00;R$ 950.000,00;R$ 1.000.000,00
Devolvida ao Proponente;3516.24.1806/2018;Qualificação Viária;AL;Minador do Negrão;Caixa Econômica Federal;Prefeitura Municipal de Minador do Negrão;Qualificação Viária do Prefeitura Municipal de Minador do Negrão;R$ 66.000,00;R$ 1.254.000,00;R$ 1.320.000,00
Pré-selecionada pelo Gestor da Aplicação;3384.24.1206/2018;Qualificação Viária;PI;Guadalupe;Caixa Econômica Federal;Prefeitura Municipal de Guadalupe;Qualificação Viária do Prefeitura Municipal de Guadalupe;R$ 260.000,00;R$ 4.740.000,00;R$ 5.000.000,00
Pré-selecionada pelo Gestor da Aplicação;3452.2.0806/2018;Qualificação Viária;PI;Wall Ferraz;Caixa Econômica Federal;Prefeitura Municipal de Wall Ferraz;Qualificação Viária do Prefeitura Municipal de Wall Ferraz;R$ 110.000,00;R$ 2.090.000,00;R$ 2.200.000,00
Em análise de validação;1245.23.0712/2017;Qualificação Viária;SP;Suzano;Agência de Desenvolvimento Paulista – Desenvolve SP;Prefeitura Municipal de Suzano;Qualificação Viária do Prefeitura Municipal de Suzano;R$ 3.721.250,00;R$ 12.000.000,00;R$ 15.721.250,00
Em análise de enquadramento;3775.2.2809/2018;Qualificação Viária;RS;Parobé;Caixa Econômica Federal;MUNICÍPIO DE PAROBÉ;Qualificação Viária do MUNICÍPIO DE PAROBÉ;R$ 377.460,81;R$ 7.171.755,32;R$ 7.549.216,13
Devolvida ao Proponente;1349.2.1912/2017;Qualificação Viária;BA;Camaçari;Caixa Econômica Federal;Prefeitura Municipal de Camaçari;Qualificação Viária do Prefeitura Municipal de Camaçari;R$ 2.571.876,54;R$ 48.865.654,06;R$ 51.437.530,60
Em análise de enquadramento;1626.2.2213/2018;Qualificação Viária;PR;Porecatu;Banco Regional de Desenvolvimento do Extremo Sul – BRDE;Prefeitura Municipal de Florestópolis;Qualificação Viária do Prefeitura Municipal de Florestópolis;R$ 47.000,00;R$ 893.000,00;R$ 940.000,00
Pré-selecionada pelo Gestor da Aplicação;3521.2.1906/2018;Qualificação Viária;SC;Botuverá;Caixa Econômica Federal;Prefeitura Municipal de Botuverá;Qualificação Viária do Prefeitura Municipal de Botuverá;R$ 185.000,00;R$ 3.515.000,00;R$ 3.700.000,00
Selecionada pelo gestor da aplicação;154.2.1808/2017;Qualificação Viária;PR;Jaguariaíva;Caixa Econômica Federal;Prefeitura Municipal de Jaguariaíva;Qualificação Viária do Prefeitura Municipal de Jaguariaíva;R$ 216.847,22;R$ 4.120.097,04;R$ 4.336.944,26
Pré-selecionada pelo Gestor da Aplicação;3268.2.2906/2018;Qualificação Viária;MS;Três Lagoas;Caixa Econômica Federal;Prefeitura Municipal de Três Lagoas;Qualificação Viária do Prefeitura Municipal de Três Lagoas;R$ 1.973.012,33;R$ 30.000.000,00;R$ 31.973.012,33
Devolvida ao Proponente;1451.23.2912/2017;Qualificação Viária;MG;Ipatinga;Caixa Econômica Federal;Prefeitura Municipal de Ipatinga;Qualificação Viária do Prefeitura Municipal de Ipatinga;R$ 969.765,55;R$ 18.425.545,43;R$ 19.395.310,98
Em análise de validação;3156.245.1203/2018;Qualificação Viária;MG;Ribeirão das Neves;Caixa Econômica Federal;Prefeitura Municipal de Ribeirão das Neves;Qualificação Viária do Prefeitura Municipal de Ribeirão das Neves;R$ 2.490.875,00;R$ 47.326.625,00;R$ 49.817.500,00
Em análise de enquadramento;1625.2.2202/2018;Qualificação Viária;PR;Cafezal do Sul;Fomento Paraná;Prefeitura Municipal de Cafezal do Sul;Qualificação Viária do Prefeitura Municipal de Cafezal do Sul;R$ 78.046,77;R$ 1.482.888,58;R$ 1.560.935,35
Devolvida ao Proponente;3310.24.1505/2018;Qualificação Viária;RJ;Três Rios;Caixa Econômica Federal;Prefeitura Municipal de Três Rios;Qualificação Viária do Prefeitura Municipal de Três Rios;R$ 664.108,06;R$ 12.618.052,94;R$ 13.282.161,00
Devolvida ao Proponente;1567.24.1901/2018;Qualificação Viária;MG;Carneirinho;Caixa Econômica Federal;Prefeitura Municipal de Carneirinho;Qualificação Viária do Prefeitura Municipal de Carneirinho;R$ 49.971,87;R$ 949.465,41;R$ 999.437,28
Em análise de enquadramento;144.2.1708/2017;Qualificação Viária;PR;Clevelândia;Caixa Econômica Federal;Prefeitura Municipal de Clevelândia;Qualificação Viária do Prefeitura Municipal de Clevelândia;R$ 75.000,00;R$ 1.425.000,00;R$ 1.500.000,00
Pré-selecionada pelo Gestor da Aplicação;3453.24.0806/2018;Qualificação Viária;PI;Castelo do Piauí;Caixa Econômica Federal;Prefeitura Municipal de Castelo do Piauí;Qualificação Viária do Prefeitura Municipal de Castelo do Piauí;R$ 226.192,13;R$ 4.297.650,27;R$ 4.523.842,40
Pré-selecionada pelo Gestor da Aplicação;3568.2.0507/2018;Qualificação Viária;PI;Juazeiro do Piauí;Caixa Econômica Federal;Prefeitura Municipal de Juazeiro do Piauí;Qualificação Viária do Prefeitura Municipal de Juazeiro do Piauí;R$ 100.548,10;R$ 1.910.413,90;R$ 2.010.962,00
Pré-selecionada pelo Gestor da Aplicação;3462.24.1206/2018;Qualificação Viária;PI;Amarante;Caixa Econômica Federal;Prefeitura Municipal de Amarante;Qualificação Viária do Prefeitura Municipal de Amarante;R$ 102.000,00;R$ 1.898.000,00;R$ 2.000.000,00
Selecionada pelo gestor da aplicação;974.2.0311/2017;Qualificação Viária;PR;Figueira;Caixa Econômica Federal;Prefeitura Municipal de Figueira;Qualificação Viária do Prefeitura Municipal de Figueira;R$ 250.000,00;R$ 4.750.000,00;R$ 5.000.000,00
Devolvida ao Proponente;1619.4.3101/2018;Estudos e Projetos;RS;Porto Alegre;Caixa Econômica Federal;Prefeitura Municipal de Porto Alegre;Estudos e Projetos do Prefeitura Municipal de Porto Alegre;R$ 1.302.500,00;R$ 24.747.500,00;R$ 26.050.000,00
Pré-selecionada pelo Gestor da Aplicação;3269.2.1904/2018;Qualificação Viária;PR;Chopinzinho;Caixa Econômica Federal;Prefeitura Municipal de Chopinzinho;Qualificação Viária do Prefeitura Municipal de Chopinzinho;R$ 122.000,00;R$ 2.316.976,37;R$ 2.438.976,37
Em análise de enquadramento;3867.24.3011/2018;Qualificação Viária;RN;Pedro Velho;Bradesco;Prefeitura Municipal de Pedro Velho;Qualificação Viária do Prefeitura Municipal de Pedro Velho;R$ 255.000,00;R$ 4.845.000,00;R$ 5.100.000,00
Em análise de enquadramento;3454.24.1206/2018;Qualificação Viária;PI;Dom Expedito Lopes;Caixa Econômica Federal;Prefeitura Municipal de Demerval Lobão;Qualificação Viária do Prefeitura Municipal de Demerval Lobão;R$ 155.000,00;R$ 2.845.000,00;R$ 3.000.000,00
Em análise de enquadramento;118.2.1508/2017;Qualificação Viária;SP;Santo Antônio de Posse;Caixa Econômica Federal;Prefeitura Municipal de Santo Antônio de Posse;Qualificação Viária do Prefeitura Municipal de Santo Antônio de Posse;R$ 103.589,96;R$ 1.968.209,04;R$ 2.071.799,00
Em análise de enquadramento;169.2.2008/2017;Qualificação Viária;BA;Monte Santo;Caixa Econômica Federal;Prefeitura Municipal de Monte Santo;Qualificação Viária do Prefeitura Municipal de Monte Santo;R$ 118.080,96;R$ 2.243.538,04;R$ 2.361.619,00
Em análise de enquadramento;149.34.1808/2017;Transporte Não Motorizado;RS;São Francisco de Assis;Caixa Econômica Federal;Prefeitura Municipal de São Francisco de Assis;Transporte Não Motorizado do Prefeitura Municipal de São Francisco de Assis;R$ 46.439,35;R$ 882.347,50;R$ 928.786,85
Não enquadrada pelo Agente Financeiro;604.2.2109/2017;Qualificação Viária;PE;Tacaratu;Caixa Econômica Federal;Prefeitura Municipal de Tacaratu;Qualificação Viária do Prefeitura Municipal de Tacaratu;R$ 250.000,00;R$ 4.750.000,00;R$ 5.000.000,00
Pré-selecionada pelo Gestor da Aplicação;436.2.0109/2017;Qualificação Viária;RS;Boqueirão do Leão;Caixa Econômica Federal;Prefeitura Municipal de Boqueirão do Leão;Qualificação Viária do Prefeitura Municipal de Boqueirão do Leão;R$ 242.590,67;R$ 4.609.222,53;R$ 4.851.813,20
Não enquadrada pelo Agente Financeiro;135.2.1608/2017;Qualificação Viária;RS;Três Cachoeiras;Caixa Econômica Federal;Prefeitura Municipal de Três Cachoeiras;Qualificação Viária do Prefeitura Municipal de Três Cachoeiras;R$ 249.786,50;R$ 4.745.943,45;R$ 4.995.729,95
Não enquadrada pelo Agente Financeiro;294.24.2508/2017;Qualificação Viária;PI;Bom Jesus;Caixa Econômica Federal;Prefeitura Municipal de Bom Jesus;Qualificação Viária do Prefeitura Municipal de Bom Jesus;R$ 257.500,00;R$ 4.742.500,00;R$ 5.000.000,00
Não enquadrada pelo Agente Financeiro;148.2.1808/2017;Qualificação Viária;MA;Buriti Bravo;Banco do Brasil;Prefeitura Municipal de Buriti Bravo;Qualificação Viária do Prefeitura Municipal de Buriti Bravo;R$ 85.538,33;R$ 1.625.228,20;R$ 1.710.766,53
Não enquadrada pelo Agente Financeiro;458.2.0509/2017;Qualificação Viária;CE;Trairi;Banco do Brasil;Prefeitura Municipal de Trairi;Qualificação Viária do Prefeitura Municipal de Trairi;R$ 438.825,00;R$ 8.337.675,00;R$ 8.776.500,00
Pré-selecionada pelo Gestor da Aplicação;255.2.2408/2017;Qualificação Viária;SC;Penha;Banco Regional de Desenvolvimento do Extremo Sul – BRDE;Prefeitura Municipal de Penha;Qualificação Viária do Prefeitura Municipal de Penha;R$ 86.319,18;R$ 1.640.064,29;R$ 1.726.383,47
Devolvida ao Proponente;1491.24.0401/2018;Qualificação Viária;CE;Guaraciaba do Norte;Caixa Econômica Federal;Prefeitura Municipal de Guaraciaba do Norte;Qualificação Viária do Prefeitura Municipal de Guaraciaba do Norte;R$ 724.537,17;R$ 12.766.206,05;R$ 13.490.743,22
Pré-selecionada pelo Gestor da Aplicação;1621.24.0602/2018;Qualificação Viária;RS;Triunfo;Caixa Econômica Federal;Prefeitura Municipal de Triunfo;Qualificação Viária do Prefeitura Municipal de Triunfo;R$ 749.535,54;R$ 14.241.175,14;R$ 14.990.710,68
Selecionada pelo gestor da aplicação;248.2.2408/2017;Qualificação Viária;MG;Unaí;Caixa Econômica Federal;Prefeitura Municipal de Unaí;Qualificação Viária do Prefeitura Municipal de Unaí;R$ 1.033.779,47;R$ 19.641.809,84;R$ 20.675.589,31
Pré-selecionada pelo Gestor da Aplicação;1479.24.0301/2018;Qualificação Viária;CE;Varjota;Caixa Econômica Federal;Prefeitura Municipal de Varjota;Qualificação Viária do Prefeitura Municipal de Varjota;R$ 250.000,00;R$ 4.750.000,00;R$ 5.000.000,00
Devolvida ao Proponente;152.2.2004/2018;Qualificação Viária;RJ;Rio Bonito;Caixa Econômica Federal;Prefeitura Municipal de Rio Bonito;Qualificação Viária do Prefeitura Municipal de Rio Bonito;R$ 288.430,07;R$ 5.480.171,33;R$ 5.768.601,40
Selecionada pelo gestor da aplicação;263.3.2508/2017;Transporte Não Motorizado;SC;Concórdia;Caixa Econômica Federal;Prefeitura Municipal de Concórdia;Transporte Não Motorizado do Prefeitura Municipal de Concórdia;R$ 89.500,00;R$ 1.700.500,00;R$ 1.790.000,00
Pré-selecionada pelo Gestor da Aplicação;490.34.1109/2017;Transporte Não Motorizado;SP;Casa Branca;Caixa Econômica Federal;Prefeitura Municipal de Casa Branca;Transporte Não Motorizado do Prefeitura Municipal de Casa Branca;R$ 150.000,00;R$ 2.850.000,00;R$ 3.000.000,00
Pré-selecionada pelo Gestor da Aplicação;1434.2.2812/2017;Qualificação Viária;BA;Serrinha;Caixa Econômica Federal;Prefeitura Municipal de Serrinha;Qualificação Viária do Prefeitura Municipal de Serrinha;R$ 993.055,00;R$ 18.868.045,00;R$ 19.861.100,00
Não enquadrada pelo Agente Financeiro;140.24.1708/2017;Qualificação Viária;PI;Paquetá;Caixa Econômica Federal;Prefeitura Municipal de Paquetá;Qualificação Viária do Prefeitura Municipal de Paquetá;R$ 25.000,00;R$ 475.000,00;R$ 500.000,00
Enquadrada pelo Agente Financeiro;251.2.2408/2017;Qualificação Viária;SC;Entre Rios;Caixa Econômica Federal;Prefeitura Municipal de Entre Rios;Qualificação Viária do Prefeitura Municipal de Entre Rios;R$ 142.550,00;R$ 2.708.450,00;R$ 2.851.000,00
Em análise de enquadramento;1089.2.1611/2017;Qualificação Viária;PR;Barbosa Ferraz;Caixa Econômica Federal;Prefeitura Municipal de Barbosa Ferraz;Qualificação Viária do Prefeitura Municipal de Barbosa Ferraz;R$ 105.000,00;R$ 1.995.000,00;R$ 2.100.000,00
Pré-selecionada pelo Gestor da Aplicação;488.24.1109/2017;Qualificação Viária;SP;Casa Branca;Caixa Econômica Federal;Prefeitura Municipal de Casa Branca;Qualificação Viária do Prefeitura Municipal de Casa Branca;R$ 100.000,00;R$ 1.900.000,00;R$ 2.000.000,00
Em análise de enquadramento;591.2.2109/2017;Qualificação Viária;PR;Iguatu;Caixa Econômica Federal;Prefeitura Municipal de Iguatu;Qualificação Viária do Prefeitura Municipal de Iguatu;R$ 51.250,00;R$ 973.750,00;R$ 1.025.000,00
Pré-selecionada pelo Gestor da Aplicação;282.2.2508/2017;Qualificação Viária;SC;Maracajá;Caixa Econômica Federal;Prefeitura Municipal de Maracajá;Qualificação Viária do Prefeitura Municipal de Maracajá;R$ 96.454,30;R$ 1.832.631,67;R$ 1.929.085,97
Em análise de enquadramento;1332.25.1812/2017;Qualificação Viária;SP;Ourinhos;Caixa Econômica Federal;Prefeitura Municipal de Ourinhos;Qualificação Viária do Prefeitura Municipal de Ourinhos;R$ 1.500.000,00;R$ 28.500.000,00;R$ 30.000.000,00
Em análise de enquadramento;817.2.1110/2017;Qualificação Viária;CE;Reriutaba;Caixa Econômica Federal;Prefeitura Municipal de Reriutaba;Qualificação Viária do Prefeitura Municipal de Reriutaba;R$ 245.119,25;R$ 4.657.265,75;R$ 4.902.385,00
Não enquadrada pelo Agente Financeiro;543.2.1809/2017;Qualificação Viária;SC;Urussanga;Caixa Econômica Federal;Prefeitura Municipal de Urussanga;Qualificação Viária do Prefeitura Municipal de Urussanga;R$ 762.500,00;R$ 14.487.500,00;R$ 15.250.000,00
Não enquadrada pelo Agente Financeiro;426.2.3108/2017;Qualificação Viária;SC;Araquari;Caixa Econômica Federal;Prefeitura Municipal de Araquari;Qualificação Viária do Prefeitura Municipal de Araquari;R$ 749.986,52;R$ 14.249.743,86;R$ 14.999.730,38
Selecionada pelo gestor da aplicação;677.2.2809/2017;Qualificação Viária;RS;Três Palmeiras;Banco Regional de Desenvolvimento do Extremo Sul – BRDE;Prefeitura Municipal de Três Palmeiras;Qualificação Viária do Prefeitura Municipal de Três Palmeiras;R$ 125.000,00;R$ 2.371.016,03;R$ 2.496.016,03
Não enquadrada pelo Agente Financeiro;198.2.2208/2017;Qualificação Viária;SC;Bombinhas;Caixa Econômica Federal;Prefeitura Municipal de Bombinhas;Qualificação Viária do Prefeitura Municipal de Bombinhas;R$ 1.095.018,61;R$ 5.000.000,00;R$ 6.095.018,61
Em análise de enquadramento;1492.2.0501/2018;Qualificação Viária;RS;Ciríaco;Caixa Econômica Federal;Município de Ciríaco;Qualificação Viária do Município de Ciríaco;R$ 38.597,01;R$ 733.343,11;R$ 771.940,12
Em análise de enquadramento;1344.2.1912/2017;Qualificação Viária;RS;Ibirapuitã;Caixa Econômica Federal;Prefeitura Municipal de Ibirapuitã;Qualificação Viária do Prefeitura Municipal de Ibirapuitã;R$ 120.000,00;R$ 2.280.000,00;R$ 2.400.000,00
Não enquadrada pelo Agente Financeiro;423.24.3108/2017;Qualificação Viária;MS;Antônio João;Caixa Econômica Federal;Prefeitura Municipal de Antônio João;Qualificação Viária do Prefeitura Municipal de Antônio João;R$ 228.620,27;R$ 4.343.785,09;R$ 4.572.405,36
Não enquadrada pelo Agente Financeiro;120.24.1508/2017;Qualificação Viária;MA;Serrano do Maranhão;Banco do Brasil;Prefeitura Municipal de Serrano do Maranhão;Qualificação Viária do Prefeitura Municipal de Serrano do Maranhão;R$ 250.000,00;R$ 4.750.000,00;R$ 5.000.000,00
Pré-selecionada pelo Gestor da Aplicação;1231.2.0612/2017;Qualificação Viária;RS;Manoel Viana;Caixa Econômica Federal;Prefeitura Municipal de Manoel Viana;Qualificação Viária do Prefeitura Municipal de Manoel Viana;R$ 102.500,00;R$ 1.947.500,00;R$ 2.050.000,00
Não enquadrada pelo Agente Financeiro;146.2.1708/2017;Qualificação Viária;RS;Arroio do Tigre;Banco Regional de Desenvolvimento do Extremo Sul – BRDE;Prefeitura Municipal de Arroio do Tigre;Qualificação Viária do Prefeitura Municipal de Arroio do Tigre;R$ 65.000,00;R$ 1.235.000,00;R$ 1.300.000,00
Em análise de enquadramento;168.2.2008/2017;Qualificação Viária;BA;Monte Santo;Caixa Econômica Federal;Prefeitura Municipal de Monte Santo;Qualificação Viária do Prefeitura Municipal de Monte Santo;R$ 98.800,21;R$ 1.877.203,79;R$ 1.976.004,00
Não enquadrada pelo Agente Financeiro;166.2.1908/2017;Qualificação Viária;BA;Alcobaça;Caixa Econômica Federal;Prefeitura Municipal de Alcobaça;Qualificação Viária do Prefeitura Municipal de Alcobaça;R$ 300.000,00;R$ 5.700.000,00;R$ 6.000.000,00
Pré-selecionada pelo Gestor da Aplicação;3456.24.1206/2018;Qualificação Viária;PI;Elesbão Veloso;Caixa Econômica Federal;Prefeitura Municipal de Elesbão Veloso;Qualificação Viária do Prefeitura Municipal de Elesbão Veloso;R$ 155.000,00;R$ 2.845.000,00;R$ 3.000.000,00
Pré-selecionada pelo Gestor da Aplicação;338.2.2508/2017;Qualificação Viária;SP;São Caetano do Sul;Caixa Econômica Federal;Prefeitura Municipal de São Caetano do Sul;Qualificação Viária do Prefeitura Municipal de São Caetano do Sul;R$ 613.750,00;R$ 11.661.250,00;R$ 12.275.000,00
Não enquadrada pelo Agente Financeiro;171.2.2008/2017;Qualificação Viária;BA;Euclides da Cunha;Caixa Econômica Federal;Prefeitura Municipal de Euclides da Cunha;Qualificação Viária do Prefeitura Municipal de Euclides da Cunha;R$ 385.735,00;R$ 7.328.965,00;R$ 7.714.700,00
Não enquadrada pelo Agente Financeiro;222.2.2408/2017;Qualificação Viária;BA;Quijingue;Caixa Econômica Federal;Prefeitura Municipal de Quijingue;Qualificação Viária do Prefeitura Municipal de Quijingue;R$ 65.500,00;R$ 1.244.500,00;R$ 1.310.000,00
Devolvida ao Proponente;347.2.2508/2017;Qualificação Viária;BA;Riacho de Santana;Caixa Econômica Federal;Prefeitura Municipal de Riacho de Santana;Qualificação Viária do Prefeitura Municipal de Riacho de Santana;R$ 167.421,90;R$ 3.181.016,03;R$ 3.348.437,93
Não enquadrada pelo Agente Financeiro;113.25.1408/2017;Qualificação Viária;PR;Umuarama;Caixa Econômica Federal;Prefeitura Municipal de Umuarama;Qualificação Viária do Prefeitura Municipal de Umuarama;R$ 164.425,00;R$ 3.124.075,00;R$ 3.288.500,00
Não enquadrada pelo Agente Financeiro;130.2.1508/2017;Qualificação Viária;MS;Bonito;Caixa Econômica Federal;Prefeitura Municipal de Bonito;Qualificação Viária do Prefeitura Municipal de Bonito;R$ 94.704,33;R$ 1.799.382,13;R$ 1.894.086,46
Pré-selecionada pelo Gestor da Aplicação;260.24.2408/2017;Qualificação Viária;MS;Mundo Novo;Caixa Econômica Federal;Prefeitura Municipal de Mundo Novo;Qualificação Viária do Prefeitura Municipal de Mundo Novo;R$ 247.097,53;R$ 4.694.852,88;R$ 4.941.950,41
Devolvida ao Proponente;1058.2.1411/2017;Qualificação Viária;SE;Itaporanga d'Ajuda;Caixa Econômica Federal;Prefeitura Municipal de Itaporanga d'Ajuda;Qualificação Viária do Prefeitura Municipal de Itaporanga d'Ajuda;R$ 158.500,00;R$ 3.011.500,00;R$ 3.170.000,00
Selecionada pelo gestor da aplicação;544.2.1809/2017;Qualificação Viária;RS;Candelária;Banco Regional de Desenvolvimento do Extremo Sul – BRDE;Prefeitura Municipal de Candelária;Qualificação Viária do Prefeitura Municipal de Candelária;R$ 597.530,55;R$ 4.999.999,10;R$ 5.597.529,65
Pré-selecionada pelo Gestor da Aplicação;112.2.1408/2017;Qualificação Viária;MG;Fronteira;Caixa Econômica Federal;Prefeitura Municipal de Fronteira;Qualificação Viária do Prefeitura Municipal de Fronteira;R$ 250.000,00;R$ 4.750.000,00;R$ 5.000.000,00
Em análise de enquadramento;129.3.1508/2017;Transporte Não Motorizado;GO;Mineiros;Caixa Econômica Federal;Prefeitura Municipal de Mineiros;Transporte Não Motorizado do Prefeitura Municipal de Mineiros;R$ 346.857,40;R$ 6.590.290,54;R$ 6.937.147,94
Não enquadrada pelo Agente Financeiro;182.2.2108/2017;Qualificação Viária;SP;Socorro;Caixa Econômica Federal;Prefeitura Municipal de Socorro;Qualificação Viária do Prefeitura Municipal de Socorro;R$ 750.000,00;R$ 14.250.000,00;R$ 15.000.000,00
Em análise de enquadramento;147.2.1708/2017;Qualificação Viária;SP;Santo Antônio de Posse;Caixa Econômica Federal;Prefeitura Municipal de Santo Antônio de Posse;Qualificação Viária do Prefeitura Municipal de Santo Antônio de Posse;R$ 242.391,79;R$ 4.605.444,01;R$ 4.847.835,80
Não enquadrada pelo Agente Financeiro;376.245.2808/2017;Qualificação Viária;PE;Garanhuns;Caixa Econômica Federal;Prefeitura Municipal de Garanhuns;Qualificação Viária do Prefeitura Municipal de Garanhuns;R$ 1.580.000,00;R$ 30.000.000,00;R$ 31.580.000,00
Não enquadrada pelo Agente Financeiro;593.2.2109/2017;Qualificação Viária;RS;São Sebastião do Caí;Caixa Econômica Federal;Prefeitura Municipal de São Sebastião do Caí;Qualificação Viária do Prefeitura Municipal de São Sebastião do Caí;R$ 77.551,84;R$ 1.473.484,81;R$ 1.551.036,65
Não enquadrada pelo Agente Financeiro;134.24.1608/2017;Qualificação Viária;MA;Carolina;Banco do Brasil;Prefeitura Municipal de Carolina;Qualificação Viária do Prefeitura Municipal de Carolina;R$ 400.000,00;R$ 7.600.000,00;R$ 8.000.000,00
Não enquadrada pelo Agente Financeiro;193.2.2208/2017;Qualificação Viária;SC;Jacinto Machado;Banco Regional de Desenvolvimento do Extremo Sul – BRDE;Prefeitura Municipal de Jacinto Machado;Qualificação Viária do Prefeitura Municipal de Jacinto Machado;R$ 206.134,54;R$ 3.916.556,22;R$ 4.122.690,76
Não enquadrada pelo Agente Financeiro;220.2.2408/2017;Qualificação Viária;BA;Quijingue;Caixa Econômica Federal;Prefeitura Municipal de Quijingue;Qualificação Viária do Prefeitura Municipal de Quijingue;R$ 60.000,00;R$ 1.140.000,00;R$ 1.200.000,00
Enquadrada pelo Agente Financeiro;86.3.1008/2017;Transporte Não Motorizado;MG;Pratinha;Caixa Econômica Federal;Prefeitura Municipal de Pratinha;Transporte Não Motorizado do Prefeitura Municipal de Pratinha;R$ 25.000,00;R$ 475.000,00;R$ 500.000,00
Em análise de enquadramento;150.24.1808/2017;Qualificação Viária;RS;São Francisco de Assis;Caixa Econômica Federal;Prefeitura Municipal de São Francisco de Assis;Qualificação Viária do Prefeitura Municipal de São Francisco de Assis;R$ 201.663,08;R$ 3.831.598,41;R$ 4.033.261,49
Não enquadrada pelo Agente Financeiro;327.2.2508/2017;Qualificação Viária;MG;Santana do Jacaré;Caixa Econômica Federal;Prefeitura Municipal de Santana do Jacaré;Qualificação Viária do Prefeitura Municipal de Santana do Jacaré;R$ 120.000,00;R$ 2.240.000,00;R$ 2.360.000,00
Em análise de enquadramento;201.2.2208/2017;Qualificação Viária;PR;Mauá da Serra;Caixa Econômica Federal;Prefeitura Municipal de Mauá da Serra;Qualificação Viária do Prefeitura Municipal de Mauá da Serra;R$ 50.500,00;R$ 959.500,00;R$ 1.010.000,00
Pré-selecionada pelo Gestor da Aplicação;939.2.2710/2017;Qualificação Viária;PR;Clevelândia;Caixa Econômica Federal;Prefeitura Municipal de Clevelândia;Qualificação Viária do Prefeitura Municipal de Clevelândia;R$ 79.500,00;R$ 1.510.500,00;R$ 1.590.000,00
Pré-selecionada pelo Gestor da Aplicação;3457.24.1206/2018;Qualificação Viária;PI;Nova Santa Rita;Caixa Econômica Federal;Prefeitura Municipal de Nova Santa Rita;Qualificação Viária do Prefeitura Municipal de Nova Santa Rita;R$ 105.000,00;R$ 1.895.000,00;R$ 2.000.000,00
Pré-selecionada pelo Gestor da Aplicação;391.2.2908/2017;Qualificação Viária;MG;Prata;Caixa Econômica Federal;Prefeitura Municipal de Prata;Qualificação Viária do Prefeitura Municipal de Prata;R$ 249.350,00;R$ 4.737.650,00;R$ 4.987.000,00
Não enquadrada pelo Agente Financeiro;205.24.2308/2017;Qualificação Viária;SE;Itaporanga d'Ajuda;Caixa Econômica Federal;Prefeitura Municipal de Itaporanga d'Ajuda;Qualificação Viária do Prefeitura Municipal de Itaporanga d'Ajuda;R$ 167.000,00;R$ 3.173.000,00;R$ 3.340.000,00
Pré-selecionada pelo Gestor da Aplicação;213.2.2308/2017;Qualificação Viária;SC;Guaramirim;Caixa Econômica Federal;Prefeitura Municipal de Guaramirim;Qualificação Viária do Prefeitura Municipal de Guaramirim;R$ 698.000,00;R$ 13.254.858,00;R$ 13.952.858,00
Não enquadrada pelo Agente Financeiro;26.24.0208/2017;Qualificação Viária;SE;Itaporanga d'Ajuda;Caixa Econômica Federal;Prefeitura Municipal de Itaporanga d'Ajuda;Qualificação Viária do Prefeitura Municipal de Itaporanga d'Ajuda;R$ 102.000,00;R$ 1.938.000,00;R$ 2.040.000,00
Não enquadrada pelo Agente Financeiro;253.2.2408/2017;Qualificação Viária;SC;Entre Rios;Caixa Econômica Federal;Prefeitura Municipal de Entre Rios;Qualificação Viária do Prefeitura Municipal de Entre Rios;R$ 55.218,00;R$ 1.049.142,00;R$ 1.104.360,00
Não enquadrada pelo Agente Financeiro;121.2.1508/2017;Qualificação Viária;BA;Mucuri;Caixa Econômica Federal;Prefeitura Municipal de Mucuri;Qualificação Viária do Prefeitura Municipal de Mucuri;R$ 240.000,00;R$ 4.560.000,00;R$ 4.800.000,00
Não enquadrada pelo Agente Financeiro;197.2.2208/2017;Qualificação Viária;RS;São José do Ouro;Caixa Econômica Federal;Prefeitura Municipal de São José do Ouro;Qualificação Viária do Prefeitura Municipal de São José do Ouro;R$ 50.000,00;R$ 950.000,00;R$ 1.000.000,00
Não enquadrada pelo Agente Financeiro;573.2.2009/2017;Qualificação Viária;CE;Trairi;Banco do Brasil;Prefeitura Municipal de Trairi;Qualificação Viária do Prefeitura Municipal de Trairi;R$ 125.513,00;R$ 2.384.747,00;R$ 2.510.260,00
Pré-selecionada pelo Gestor da Aplicação;521.24.0708/2018;Qualificação Viária;PI;Acauã;Caixa Econômica Federal;Prefeitura Municipal de Acauã;Qualificação Viária do Prefeitura Municipal de Acauã;R$ 90.442,76;R$ 1.718.412,24;R$ 1.808.855,00
Selecionada pelo gestor da aplicação;23.2.0108/2017;Qualificação Viária;SC;Concórdia;Banco Regional de Desenvolvimento do Extremo Sul – BRDE;Prefeitura Municipal de Concórdia;Qualificação Viária do Prefeitura Municipal de Concórdia;R$ 79.649,53;R$ 1.513.340,94;R$ 1.592.990,47
Pré-selecionada pelo Gestor da Aplicação;445.2.0409/2017;Qualificação Viária;RS;Catuípe;Banco Regional de Desenvolvimento do Extremo Sul – BRDE;Prefeitura Municipal de Catuípe;Qualificação Viária do Prefeitura Municipal de Catuípe;R$ 138.487,50;R$ 2.631.262,50;R$ 2.769.750,00
Não enquadrada pelo Agente Financeiro;257.2.2408/2017;Qualificação Viária;SP;Santo Antônio do Pinhal;Caixa Econômica Federal;Prefeitura Municipal de Santo Antônio do Pinhal;Qualificação Viária do Prefeitura Municipal de Santo Antônio do Pinhal;R$ 137.500,00;R$ 2.612.500,00;R$ 2.750.000,00
Em análise de enquadramento;400.2.2908/2017;Qualificação Viária;RS;Vale Verde;Caixa Econômica Federal;Prefeitura Municipal de Vale Verde;Qualificação Viária do Prefeitura Municipal de Vale Verde;R$ 208.840,65;R$ 3.967.972,17;R$ 4.176.812,82
Em análise de enquadramento;390.2.2908/2017;Qualificação Viária;GO;Bom Jesus de Goiás;Caixa Econômica Federal;Prefeitura Municipal de Bom Jesus de Goiás;Qualificação Viária do Prefeitura Municipal de Bom Jesus de Goiás;R$ 500.000,00;R$ 9.500.000,00;R$ 10.000.000,00
Não enquadrada pelo Agente Financeiro;235.2.2408/2017;Qualificação Viária;RS;Não-Me-Toque;Banco Regional de Desenvolvimento do Extremo Sul – BRDE;Prefeitura Municipal de Não-Me-Toque;Qualificação Viária do Prefeitura Municipal de Não-Me-Toque;R$ 263.150,00;R$ 4.999.850,00;R$ 5.263.000,00
Em análise de enquadramento;828.2.1310/2017;Qualificação Viária;CE;Trairi;Caixa Econômica Federal;Prefeitura Municipal de Trairi;Qualificação Viária do Prefeitura Municipal de Trairi;R$ 438.825,00;R$ 8.337.675,00;R$ 8.776.500,00
Não enquadrada pelo Agente Financeiro;363.2.2808/2017;Qualificação Viária;PR;Juranda;Caixa Econômica Federal;Prefeitura Municipal de Juranda;Qualificação Viária do Prefeitura Municipal de Juranda;R$ 75.750,00;R$ 1.439.250,00;R$ 1.515.000,00
Em análise de enquadramento;165.245.1808/2017;Qualificação Viária;SP;Guaratinguetá;Caixa Econômica Federal;Prefeitura Municipal de Guaratinguetá;Qualificação Viária do Prefeitura Municipal de Guaratinguetá;R$ 1.181.500,00;R$ 22.448.500,00;R$ 23.630.000,00
Selecionada pelo gestor da aplicação;196.25.2208/2017;Qualificação Viária;PR;Piraquara;Caixa Econômica Federal;Prefeitura Municipal de Piraquara;Qualificação Viária do Prefeitura Municipal de Piraquara;R$ 1.500.000,00;R$ 28.500.000,00;R$ 30.000.000,00
Pré-selecionada pelo Gestor da Aplicação;1176.2.2811/2017;Qualificação Viária;PR;Florestópolis;Caixa Econômica Federal;Prefeitura Municipal de Florestópolis;Qualificação Viária do Prefeitura Municipal de Florestópolis;R$ 47.000,00;R$ 893.000,00;R$ 940.000,00
Selecionada pelo gestor da aplicação;242.2.2408/2017;Qualificação Viária;SC;Concórdia;Caixa Econômica Federal;Prefeitura Municipal de Concórdia;Qualificação Viária do Prefeitura Municipal de Concórdia;R$ 158.500,00;R$ 3.011.500,00;R$ 3.170.000,00
Selecionada pelo gestor da aplicação;195.2.2208/2017;Qualificação Viária;RS;Panambi;Caixa Econômica Federal;Prefeitura Municipal de Panambi;Qualificação Viária do Prefeitura Municipal de Panambi;R$ 749.990,00;R$ 14.249.348,57;R$ 14.999.338,57
Pré-selecionada pelo Gestor da Aplicação;542.2.1809/2017;Qualificação Viária;SC;Novo Horizonte;Banco Regional de Desenvolvimento do Extremo Sul – BRDE;MUNICÍPIO DE NOVO HORIZONTE;Qualificação Viária do MUNICÍPIO DE NOVO HORIZONTE;R$ 140.725,00;R$ 2.673.775,00;R$ 2.814.500,00
Em análise de enquadramento;980.2.0611/2017;Qualificação Viária;CE;Pacatuba;Caixa Econômica Federal;Prefeitura Municipal de Pacatuba;Qualificação Viária do Prefeitura Municipal de Pacatuba;R$ 184.625,00;R$ 3.507.875,00;R$ 3.692.500,00
Não enquadrada pelo Agente Financeiro;831.24.1410/2017;Qualificação Viária;MG;Santo Antônio do Amparo;Caixa Econômica Federal;Prefeitura Municipal de Santo Antônio do Amparo;Qualificação Viária do Prefeitura Municipal de Santo Antônio do Amparo;R$ 263.157,20;R$ 4.999.986,80;R$ 5.263.144,00
Pré-selecionada pelo Gestor da Aplicação;192.2.2208/2017;Qualificação Viária;SC;Faxinal dos Guedes;Caixa Econômica Federal;Prefeitura Municipal de Faxinal dos Guedes;Qualificação Viária do Prefeitura Municipal de Faxinal dos Guedes;R$ 55.181,02;R$ 1.048.439,27;R$ 1.103.620,29
Selecionada pelo gestor da aplicação;350.2.2508/2017;Qualificação Viária;MS;Iguatemi;Caixa Econômica Federal;Prefeitura Municipal de Iguatemi;Qualificação Viária do Prefeitura Municipal de Iguatemi;R$ 262.499,85;R$ 4.987.497,01;R$ 5.249.996,86
Não enquadrada pelo Agente Financeiro;736.2.0410/2017;Qualificação Viária;BA;Novo Horizonte;Caixa Econômica Federal;Prefeitura Municipal de Novo Horizonte;Qualificação Viária do Prefeitura Municipal de Novo Horizonte;R$ 250.000,00;R$ 4.750.000,00;R$ 5.000.000,00
Em análise de enquadramento;228.2.2408/2017;Qualificação Viária;SP;Caçapava;Caixa Econômica Federal;Prefeitura Municipal de Caçapava;Qualificação Viária do Prefeitura Municipal de Caçapava;R$ 500.262,92;R$ 9.504.995,38;R$ 10.005.258,30
Em análise de enquadramento;782.245.0610/2017;Qualificação Viária;SP;Guaratinguetá;Caixa Econômica Federal;Prefeitura Municipal de Guaratinguetá;Qualificação Viária do Prefeitura Municipal de Guaratinguetá;R$ 280.000,00;R$ 5.320.000,00;R$ 5.600.000,00
Não enquadrada pelo Agente Financeiro;139.2.1608/2017;Qualificação Viária;SC;Xanxerê;Banco Regional de Desenvolvimento do Extremo Sul – BRDE;Prefeitura Municipal de Xanxerê;Qualificação Viária do Prefeitura Municipal de Xanxerê;R$ 313.300,00;R$ 5.952.700,00;R$ 6.266.000,00
Em análise de enquadramento;238.2.2408/2017;Qualificação Viária;SC;Iomerê;Agência de Fomento de Santa Catarina - Badesc;Prefeitura Municipal de Iomerê;Qualificação Viária do Prefeitura Municipal de Iomerê;R$ 110.250,00;R$ 2.094.750,00;R$ 2.205.000,00
Não enquadrada pelo Agente Financeiro;288.24.2508/2017;Qualificação Viária;SE;Lagarto;Caixa Econômica Federal;Prefeitura Municipal de Lagarto;Qualificação Viária do Prefeitura Municipal de Lagarto;R$ 523.000,00;R$ 9.925.725,86;R$ 10.448.725,86
Não enquadrada pelo Agente Financeiro;682.2.2809/2017;Qualificação Viária;RJ;Porciúncula;Banco do Brasil;Prefeitura Municipal de Porciúncula;Qualificação Viária do Prefeitura Municipal de Porciúncula;R$ 241.395,00;R$ 4.586.505,00;R$ 4.827.900,00
Não enquadrada pelo Agente Financeiro;428.24.0109/2017;Qualificação Viária;MT;Canarana;Caixa Econômica Federal;Prefeitura Municipal de Canarana - MT;Qualificação Viária do Prefeitura Municipal de Canarana - MT;R$ 750.000,00;R$ 14.250.000,00;R$ 15.000.000,00
Em análise de enquadramento;173.34.2108/2017;Transporte Não Motorizado;PR;Pato Branco;Caixa Econômica Federal;Prefeitura Municipal de Pato Branco;Transporte Não Motorizado do Prefeitura Municipal de Pato Branco;R$ 75.000,00;R$ 1.425.000,00;R$ 1.500.000,00
Não enquadrada pelo Agente Financeiro;290.2.2508/2017;Qualificação Viária;SP;Ribeirão Pires;Caixa Econômica Federal;Prefeitura Municipal de Ribeirão Pires;Qualificação Viária do Prefeitura Municipal de Ribeirão Pires;R$ 812.487,23;R$ 15.437.257,19;R$ 16.249.744,42
Não enquadrada pelo Agente Financeiro;361.25.2808/2017;Qualificação Viária;BA;Jequié;Caixa Econômica Federal;Prefeitura Municipal de Jequié;Qualificação Viária do Prefeitura Municipal de Jequié;R$ 1.500.000,00;R$ 28.500.000,00;R$ 30.000.000,00
Não enquadrada pelo Agente Financeiro;115.2.1408/2017;Qualificação Viária;SP;Itápolis;Caixa Econômica Federal;Prefeitura Municipal de Itápolis;Qualificação Viária do Prefeitura Municipal de Itápolis;R$ 248.501,44;R$ 4.721.527,16;R$ 4.970.028,60
Não enquadrada pelo Agente Financeiro;145.2.1708/2017;Qualificação Viária;BA;Caravelas;Caixa Econômica Federal;Prefeitura Municipal de Caravelas;Qualificação Viária do Prefeitura Municipal de Caravelas;R$ 164.760,67;R$ 3.130.452,72;R$ 3.295.213,39
Selecionada pelo gestor da aplicação;1315.2.1512/2017;Qualificação Viária;RS;Lajeado;Caixa Econômica Federal;Prefeitura Municipal de Lajeado;Qualificação Viária do Prefeitura Municipal de Lajeado;R$ 4.351.329,10;R$ 20.000.000,00;R$ 24.351.329,10
Selecionada pelo gestor da aplicação;695.2.2909/2017;Qualificação Viária;SC;Porto Belo;Caixa Econômica Federal;Prefeitura Municipal de Porto Belo;Qualificação Viária do Prefeitura Municipal de Porto Belo;R$ 167.284,14;R$ 3.178.398,50;R$ 3.345.682,64
Em análise de enquadramento;1275.2.1112/2017;Qualificação Viária;RS;Trindade do Sul;Banco Regional de Desenvolvimento do Extremo Sul – BRDE;Prefeitura Municipal de Trindade do Sul;Qualificação Viária do Prefeitura Municipal de Trindade do Sul;R$ 157.658,49;R$ 2.995.511,31;R$ 3.153.169,80
Não enquadrada pelo Agente Financeiro;122.2.1508/2017;Qualificação Viária;ES;Santa Maria de Jetibá;Caixa Econômica Federal;Prefeitura Municipal de Santa Maria de Jetibá;Qualificação Viária do Prefeitura Municipal de Santa Maria de Jetibá;R$ 750.000,00;R$ 14.250.000,00;R$ 15.000.000,00
Não enquadrada pelo Agente Financeiro;157.24.1808/2017;Qualificação Viária;RS;Jacutinga;Banco Regional de Desenvolvimento do Extremo Sul – BRDE;Prefeitura Municipal de Jacutinga;Qualificação Viária do Prefeitura Municipal de Jacutinga;R$ 101.750,00;R$ 1.933.250,00;R$ 2.035.000,00
Devolvida ao Proponente;3140.2.1704/2018;Qualificação Viária;RS;Santo Cristo;Caixa Econômica Federal;Prefeitura Municipal de Santo Cristo;Qualificação Viária do Prefeitura Municipal de Santo Cristo;R$ 160.298,45;R$ 3.045.670,44;R$ 3.205.968,89
Pré-selecionada pelo Gestor da Aplicação;199.2.2208/2017;Qualificação Viária;MG;Lagoa Santa;Caixa Econômica Federal;Prefeitura Municipal de Lagoa Santa;Qualificação Viária do Prefeitura Municipal de Lagoa Santa;R$ 1.615.229,23;R$ 20.000.000,00;R$ 21.615.229,23
Pré-selecionada pelo Gestor da Aplicação;634.2.2609/2017;Qualificação Viária;SC;Arvoredo;Caixa Econômica Federal;Prefeitura Municipal de Arvoredo;Qualificação Viária do Prefeitura Municipal de Arvoredo;R$ 38.862,32;R$ 738.383,98;R$ 777.246,30
Pré-selecionada pelo Gestor da Aplicação;264.2.2508/2017;Qualificação Viária;SC;Iomerê;Agência de Fomento de Santa Catarina - Badesc;Prefeitura Municipal de Iomerê;Qualificação Viária do Prefeitura Municipal de Iomerê;R$ 125.000,00;R$ 2.375.000,00;R$ 2.500.000,00
Em análise de enquadramento;185.24.2108/2017;Qualificação Viária;MG;Cambuquira;Caixa Econômica Federal;Prefeitura Municipal de Cambuquira;Qualificação Viária do Prefeitura Municipal de Cambuquira;R$ 239.000,00;R$ 4.541.000,00;R$ 4.780.000,00
Selecionada pelo gestor da aplicação;381.2.2808/2017;Qualificação Viária;MT;Paranaíta;Caixa Econômica Federal;Prefeitura Municipal de Paranaíta;Qualificação Viária do Prefeitura Municipal de Paranaíta;R$ 185.786,72;R$ 3.529.947,66;R$ 3.715.734,38
Não enquadrada pelo Agente Financeiro;594.3.2109/2017;Transporte Não Motorizado;RS;São Sebastião do Caí;Caixa Econômica Federal;Prefeitura Municipal de São Sebastião do Caí;Transporte Não Motorizado do Prefeitura Municipal de São Sebastião do Caí;R$ 55.315,00;R$ 1.050.985,00;R$ 1.106.300,00
Em análise de enquadramento;241.2.2408/2017;Qualificação Viária;MG;Pirapora;Caixa Econômica Federal;Prefeitura Municipal de Pirapora;Qualificação Viária do Prefeitura Municipal de Pirapora;R$ 426.722,84;R$ 8.107.733,80;R$ 8.534.456,64
Não enquadrada pelo Agente Financeiro;109.24.1408/2017;Qualificação Viária;MA;Carolina;Banco do Brasil;Prefeitura Municipal de Carolina;Qualificação Viária do Prefeitura Municipal de Carolina;R$ 350.000,00;R$ 6.650.000,00;R$ 7.000.000,00
Em análise de enquadramento;232.2.2408/2017;Qualificação Viária;PR;Medianeira;Caixa Econômica Federal;Prefeitura Municipal de Medianeira;Qualificação Viária do Prefeitura Municipal de Medianeira;R$ 175.000,00;R$ 3.325.000,00;R$ 3.500.000,00
Não enquadrada pelo Agente Financeiro;29.24.0208/2017;Qualificação Viária;SE;Itaporanga d'Ajuda;Caixa Econômica Federal;Prefeitura Municipal de Itaporanga d'Ajuda;Qualificação Viária do Prefeitura Municipal de Itaporanga d'Ajuda;R$ 127.850,00;R$ 2.429.150,00;R$ 2.557.000,00
Não enquadrada pelo Agente Financeiro;186.2.2208/2017;Qualificação Viária;PR;Brasilândia do Sul;Fomento Paraná;Prefeitura Municipal de Brasilândia do Sul;Qualificação Viária do Prefeitura Municipal de Brasilândia do Sul;R$ 100.000,00;R$ 1.900.000,00;R$ 2.000.000,00
Selecionada pelo gestor da aplicação;443.2.0409/2017;Qualificação Viária;SC;Nova Veneza;Banco Regional de Desenvolvimento do Extremo Sul – BRDE;Prefeitura Municipal de Nova Veneza;Qualificação Viária do Prefeitura Municipal de Nova Veneza;R$ 234.995,50;R$ 4.464.914,10;R$ 4.699.909,60
Não enquadrada pelo Agente Financeiro;240.24.2408/2017;Qualificação Viária;SP;Ribeirão Pires;Caixa Econômica Federal;Prefeitura Municipal de Ribeirão Pires;Qualificação Viária do Prefeitura Municipal de Ribeirão Pires;R$ 354.313,67;R$ 6.731.959,57;R$ 7.086.273,24
Pré-selecionada pelo Gestor da Aplicação;233.2.2408/2017;Qualificação Viária;SC;Bom Jardim da Serra;Caixa Econômica Federal;Prefeitura Municipal de Bom Jardim da Serra;Qualificação Viária do Prefeitura Municipal de Bom Jardim da Serra;R$ 92.788,75;R$ 1.762.986,25;R$ 1.855.775,00
Não enquadrada pelo Agente Financeiro;206.24.2308/2017;Qualificação Viária;BA;Pedrão;Caixa Econômica Federal;Prefeitura Municipal de Pedrão;Qualificação Viária do Prefeitura Municipal de Pedrão;R$ 30.575,00;R$ 580.925,00;R$ 611.500,00
Não enquadrada pelo Agente Financeiro;223.2.2408/2017;Qualificação Viária;BA;Quijingue;Caixa Econômica Federal;Prefeitura Municipal de Quijingue;Qualificação Viária do Prefeitura Municipal de Quijingue;R$ 60.000,00;R$ 1.140.000,00;R$ 1.200.000,00
Não enquadrada pelo Agente Financeiro;155.2.1808/2017;Qualificação Viária;MA;Rosário;Caixa Econômica Federal;Prefeitura Municipal de Rosário;Qualificação Viária do Prefeitura Municipal de Rosário;R$ 666.706,33;R$ 12.667.420,13;R$ 13.334.126,46
Selecionada pelo gestor da aplicação;230.24.2408/2017;Qualificação Viária;MS;Nova Alvorada do Sul;Caixa Econômica Federal;Prefeitura Municipal de Nova Alvorada do Sul;Qualificação Viária do Prefeitura Municipal de Nova Alvorada do Sul;R$ 749.129,66;R$ 14.233.463,36;R$ 14.982.593,02
Em análise de enquadramento;314.2.2508/2017;Qualificação Viária;MG;Novorizonte;Caixa Econômica Federal;Prefeitura Municipal de Novorizonte;Qualificação Viária do Prefeitura Municipal de Novorizonte;R$ 30.900,00;R$ 587.100,00;R$ 618.000,00
Não enquadrada pelo Agente Financeiro;830.2.1310/2017;Qualificação Viária;CE;Catarina;Caixa Econômica Federal;Prefeitura Municipal de Catarina;Qualificação Viária do Prefeitura Municipal de Catarina;R$ 640.079,50;R$ 12.161.510,50;R$ 12.801.590,00
Não enquadrada pelo Agente Financeiro;378.2.2808/2017;Qualificação Viária;RS;Estrela;Banco Regional de Desenvolvimento do Extremo Sul – BRDE;Prefeitura Municipal de Estrela;Qualificação Viária do Prefeitura Municipal de Estrela;R$ 516.699,63;R$ 9.817.292,78;R$ 10.333.992,41
Em análise de enquadramento;216.2.2308/2017;Qualificação Viária;MA;Matinha;Caixa Econômica Federal;Prefeitura Municipal de Matinha;Qualificação Viária do Prefeitura Municipal de Matinha;R$ 67.500,00;R$ 1.282.500,00;R$ 1.350.000,00
Em análise de enquadramento;181.2.2108/2017;Qualificação Viária;SP;Santo Antônio de Posse;Caixa Econômica Federal;Prefeitura Municipal de Santo Antônio de Posse;Qualificação Viária do Prefeitura Municipal de Santo Antônio de Posse;R$ 242.391,79;R$ 4.605.444,01;R$ 4.847.835,80
Não enquadrada pelo Agente Financeiro;306.2.2508/2017;Qualificação Viária;SP;Cássia dos Coqueiros;Caixa Econômica Federal;Prefeitura Municipal de Cássia dos Coqueiros;Qualificação Viária do Prefeitura Municipal de Cássia dos Coqueiros;R$ 250.000,00;R$ 4.750.000,00;R$ 5.000.000,00
Em análise de enquadramento;200.2.2208/2017;Qualificação Viária;PR;Mauá da Serra;Caixa Econômica Federal;Prefeitura Municipal de Mauá da Serra;Qualificação Viária do Prefeitura Municipal de Mauá da Serra;R$ 27.600,00;R$ 524.400,00;R$ 552.000,00
Pré-selecionada pelo Gestor da Aplicação;701.2.2909/2017;Qualificação Viária;SC;Taió;Caixa Econômica Federal;Prefeitura Municipal de Taió;Qualificação Viária do Prefeitura Municipal de Taió;R$ 250.000,00;R$ 4.750.000,00;R$ 5.000.000,00
Pré-selecionada pelo Gestor da Aplicação;234.2.2408/2017;Qualificação Viária;SC;Bom Retiro;Caixa Econômica Federal;Prefeitura Municipal de Bom Retiro;Qualificação Viária do Prefeitura Municipal de Bom Retiro;R$ 234.708,50;R$ 4.459.461,50;R$ 4.694.170,00
Em análise de enquadramento;1092.2.1611/2017;Qualificação Viária;PA;São Domingos do Araguaia;Caixa Econômica Federal;Prefeitura Municipal de São Domingos do Araguaia;Qualificação Viária do Prefeitura Municipal de São Domingos do Araguaia;R$ 334.768,76;R$ 6.360.606,26;R$ 6.695.375,02
Não enquadrada pelo Agente Financeiro;614.24.2209/2017;Qualificação Viária;PE;Exu;Caixa Econômica Federal;Prefeitura Municipal de Exu;Qualificação Viária do Prefeitura Municipal de Exu;R$ 196.000,00;R$ 3.724.000,00;R$ 3.920.000,00
Selecionada pelo gestor da aplicação;1168.24.2711/2017;Qualificação Viária;RS;São Martinho da Serra;Banco Regional de Desenvolvimento do Extremo Sul – BRDE;Prefeitura Municipal de São Martinho da Serra;Qualificação Viária do Prefeitura Municipal de São Martinho da Serra;R$ 73.750,00;R$ 1.401.250,00;R$ 1.475.000,00
Pré-selecionada pelo Gestor da Aplicação;899.2.2410/2017;Qualificação Viária;SC;Calmon;Banco Regional de Desenvolvimento do Extremo Sul – BRDE;Prefeitura Municipal de Calmon;Qualificação Viária do Prefeitura Municipal de Calmon;R$ 250.000,00;R$ 4.750.000,00;R$ 5.000.000,00
Não enquadrada pelo Agente Financeiro;267.2.2508/2017;Qualificação Viária;MS;Itaquiraí;Caixa Econômica Federal;Prefeitura Municipal de Itaquiraí;Qualificação Viária do Prefeitura Municipal de Itaquiraí;R$ 257.382,32;R$ 4.890.263,99;R$ 5.147.646,31
Em análise de enquadramento;393.2.2908/2017;Qualificação Viária;RS;Vale Real;Caixa Econômica Federal;MUNICÍPIO DE VALE REAL;Qualificação Viária do MUNICÍPIO DE VALE REAL;R$ 105.668,32;R$ 2.007.697,89;R$ 2.113.366,21
Não enquadrada pelo Agente Financeiro;41.24.0308/2017;Qualificação Viária;SE;Itaporanga d'Ajuda;Caixa Econômica Federal;Prefeitura Municipal de Itaporanga d'Ajuda;Qualificação Viária do Prefeitura Municipal de Itaporanga d'Ajuda;R$ 125.000,00;R$ 2.375.000,00;R$ 2.500.000,00
Em análise de enquadramento;297.3.2508/2017;Transporte Não Motorizado;SC;Doutor Pedrinho;Caixa Econômica Federal;Prefeitura Municipal de Doutor Pedrinho;Transporte Não Motorizado do Prefeitura Municipal de Doutor Pedrinho;R$ 194.981,10;R$ 3.704.640,73;R$ 3.899.621,83
Não enquadrada pelo Agente Financeiro;295.2.2508/2017;Qualificação Viária;BA;Barro Preto;Caixa Econômica Federal;Prefeitura Municipal de Barro Preto;Qualificação Viária do Prefeitura Municipal de Barro Preto;R$ 250.000,00;R$ 4.750.000,00;R$ 5.000.000,00
Não enquadrada pelo Agente Financeiro;493.2.1209/2017;Qualificação Viária;SC;Rio do Sul;Banco Regional de Desenvolvimento do Extremo Sul – BRDE;Prefeitura Municipal de Rio do Sul;Qualificação Viária do Prefeitura Municipal de Rio do Sul;R$ 701.011,06;R$ 13.319.210,00;R$ 14.020.221,06
Não enquadrada pelo Agente Financeiro;371.2.2808/2017;Qualificação Viária;SC;Ermo;Caixa Econômica Federal;Prefeitura Municipal de Ermo;Qualificação Viária do Prefeitura Municipal de Ermo;R$ 234.000,00;R$ 4.442.965,64;R$ 4.676.965,64
Pré-selecionada pelo Gestor da Aplicação;820.3.1110/2017;Transporte Não Motorizado;PR;Palmas;Caixa Econômica Federal;Prefeitura Municipal de Palmas;Transporte Não Motorizado do Prefeitura Municipal de Palmas;R$ 160.579,14;R$ 3.051.003,55;R$ 3.211.582,69
Em análise de enquadramento;269.2.2508/2017;Qualificação Viária;BA;Santana;Caixa Econômica Federal;Prefeitura Municipal de Santana;Qualificação Viária do Prefeitura Municipal de Santana;R$ 255.000,00;R$ 4.740.740,00;R$ 4.995.740,00
Não enquadrada pelo Agente Financeiro;224.2.2408/2017;Qualificação Viária;BA;Quijingue;Caixa Econômica Federal;Prefeitura Municipal de Quijingue;Qualificação Viária do Prefeitura Municipal de Quijingue;R$ 66.500,00;R$ 1.263.500,00;R$ 1.330.000,00
Em análise de enquadramento;862.2.1910/2017;Qualificação Viária;CE;Croatá;Caixa Econômica Federal;Prefeitura Municipal de Croatá;Qualificação Viária do Prefeitura Municipal de Croatá;R$ 228.313,41;R$ 4.337.954,59;R$ 4.566.268,00
Em análise de enquadramento;158.2.1808/2017;Qualificação Viária;SP;Santo Antônio de Posse;Caixa Econômica Federal;Prefeitura Municipal de Santo Antônio de Posse;Qualificação Viária do Prefeitura Municipal de Santo Antônio de Posse;R$ 120.224,26;R$ 2.284.260,85;R$ 2.404.485,11
Enquadrada pelo Agente Financeiro;920.2.2610/2017;Qualificação Viária;SC;Biguaçu;Caixa Econômica Federal;Prefeitura Municipal de Biguaçu;Qualificação Viária do Prefeitura Municipal de Biguaçu;R$ 424.363,85;R$ 8.062.912,95;R$ 8.487.276,80
Em análise de enquadramento;982.2.0611/2017;Qualificação Viária;PR;Sarandi;Caixa Econômica Federal;Prefeitura Municipal de Sarandi;Qualificação Viária do Prefeitura Municipal de Sarandi;R$ 192.145,94;R$ 3.650.772,80;R$ 3.842.918,74
Pré-selecionada pelo Gestor da Aplicação;331.2.2508/2017;Qualificação Viária;SC;Rio das Antas;Caixa Econômica Federal;Prefeitura Municipal de Rio das Antas;Qualificação Viária do Prefeitura Municipal de Rio das Antas;R$ 100.000,00;R$ 1.900.000,00;R$ 2.000.000,00
Em análise de enquadramento;379.2.2808/2017;Qualificação Viária;SC;Major Vieira;Banco Regional de Desenvolvimento do Extremo Sul – BRDE;Prefeitura Municipal de Major Vieira;Qualificação Viária do Prefeitura Municipal de Major Vieira;R$ 188.328,88;R$ 3.578.248,64;R$ 3.766.577,52
Pré-selecionada pelo Gestor da Aplicação;868.2.2010/2017;Qualificação Viária;PR;Quarto Centenário;Caixa Econômica Federal;Prefeitura Municipal de Quarto Centenário;Qualificação Viária do Prefeitura Municipal de Quarto Centenário;R$ 206.000,00;R$ 1.856.697,88;R$ 2.062.697,88
Pré-selecionada pelo Gestor da Aplicação;706.245.2909/2017;Qualificação Viária;RS;Uruguaiana;Caixa Econômica Federal;Prefeitura Municipal de Uruguaiana;Qualificação Viária do Prefeitura Municipal de Uruguaiana;R$ 464.383,76;R$ 8.823.291,38;R$ 9.287.675,14
Não enquadrada pelo Agente Financeiro;296.2.2508/2017;Qualificação Viária;TO;Pedro Afonso;Caixa Econômica Federal;Prefeitura Municipal de Pedro Afonso;Qualificação Viária do Prefeitura Municipal de Pedro Afonso;R$ 200.000,00;R$ 3.800.000,00;R$ 4.000.000,00
Não enquadrada pelo Agente Financeiro;111.25.1408/2017;Qualificação Viária;PR;Umuarama;Caixa Econômica Federal;Prefeitura Municipal de Umuarama;Qualificação Viária do Prefeitura Municipal de Umuarama;R$ 120.545,00;R$ 2.290.355,00;R$ 2.410.900,00
Não enquadrada pelo Agente Financeiro;330.2.2508/2017;Qualificação Viária;BA;Itacaré;Caixa Econômica Federal;Prefeitura Municipal de Itacaré;Qualificação Viária do Prefeitura Municipal de Itacaré;R$ 207.900,00;R$ 3.950.100,00;R$ 4.158.000,00
Em análise de enquadramento;353.25.2508/2017;Qualificação Viária;BA;Barreiras;Caixa Econômica Federal;Prefeitura Municipal de Barreiras;Qualificação Viária do Prefeitura Municipal de Barreiras;R$ 1.030.985,00;R$ 19.554.350,80;R$ 20.585.335,80
Em análise de enquadramento;365.24.2808/2017;Qualificação Viária;BA;Guajeru;Caixa Econômica Federal;Prefeitura Municipal de Guajeru;Qualificação Viária do Prefeitura Municipal de Guajeru;R$ 100.000,00;R$ 1.900.000,00;R$ 2.000.000,00
Selecionada pelo gestor da aplicação;243.24.2408/2017;Qualificação Viária;SC;Cocal do Sul;Banco Regional de Desenvolvimento do Extremo Sul – BRDE;Prefeitura Municipal de Cocal do Sul;Qualificação Viária do Prefeitura Municipal de Cocal do Sul;R$ 249.700,00;R$ 4.744.300,00;R$ 4.994.000,00
Em análise de enquadramento;313.2.2508/2017;Qualificação Viária;PR;Sarandi;Caixa Econômica Federal;Prefeitura Municipal de Sarandi;Qualificação Viária do Prefeitura Municipal de Sarandi;R$ 192.145,94;R$ 3.650.772,80;R$ 3.842.918,74
Não enquadrada pelo Agente Financeiro;203.34.2308/2017;Transporte Não Motorizado;SE;Itaporanga d'Ajuda;Caixa Econômica Federal;Prefeitura Municipal de Itaporanga d'Ajuda;Transporte Não Motorizado do Prefeitura Municipal de Itaporanga d'Ajuda;R$ 309.600,00;R$ 5.882.400,00;R$ 6.192.000,00
Pré-selecionada pelo Gestor da Aplicação;1215.2.0412/2017;Qualificação Viária;RS;Mostardas;Caixa Econômica Federal;Prefeitura Municipal de Mostardas;Qualificação Viária do Prefeitura Municipal de Mostardas;R$ 140.000,00;R$ 2.660.000,00;R$ 2.800.000,00
Em análise de enquadramento;401.2.2908/2017;Qualificação Viária;SC;Balneário Camboriú;Caixa Econômica Federal;Prefeitura Municipal de Balneário Camboriú;Qualificação Viária do Prefeitura Municipal de Balneário Camboriú;R$ 390.122,58;R$ 7.412.328,96;R$ 7.802.451,54
Não enquadrada pelo Agente Financeiro;184.2.2108/2017;Qualificação Viária;MT;Diamantino;Caixa Econômica Federal;Prefeitura Municipal de Diamantino;Qualificação Viária do Prefeitura Municipal de Diamantino;R$ 74.373,16;R$ 1.413.090,03;R$ 1.487.463,19
Em análise de enquadramento;402.2.2908/2017;Qualificação Viária;SC;Balneário Camboriú;Caixa Econômica Federal;Prefeitura Municipal de Balneário Camboriú;Qualificação Viária do Prefeitura Municipal de Balneário Camboriú;R$ 445.041,07;R$ 8.455.780,22;R$ 8.900.821,29
Não enquadrada pelo Agente Financeiro;281.2.2508/2017;Qualificação Viária;TO;Bom Jesus do Tocantins;Caixa Econômica Federal;Prefeitura Municipal de Bom Jesus do Tocantins;Qualificação Viária do Prefeitura Municipal de Bom Jesus do Tocantins;R$ 161.300,00;R$ 3.064.700,00;R$ 3.226.000,00
Pré-selecionada pelo Gestor da Aplicação;441.2.0209/2017;Qualificação Viária;SC;Quilombo;Caixa Econômica Federal;Prefeitura Municipal de Quilombo;Qualificação Viária do Prefeitura Municipal de Quilombo;R$ 249.880,02;R$ 4.747.720,23;R$ 4.997.600,25
Não enquadrada pelo Agente Financeiro;207.24.2308/2017;Qualificação Viária;MA;Alto Alegre do Pindaré;Caixa Econômica Federal;Prefeitura Municipal de Alto Alegre do Pindaré;Qualificação Viária do Prefeitura Municipal de Alto Alegre do Pindaré;R$ 746.062,43;R$ 14.175.186,02;R$ 14.921.248,45
Em análise de enquadramento;278.2.2508/2017;Qualificação Viária;MA;Codó;Caixa Econômica Federal;Prefeitura Municipal de Codó;Qualificação Viária do Prefeitura Municipal de Codó;R$ 1.500.000,00;R$ 28.500.000,00;R$ 30.000.000,00
Em análise de enquadramento;302.24.2508/2017;Qualificação Viária;RS;Pontão;Banco do Estado do Rio Grande do Sul – Banrisul;Prefeitura Municipal de Pontão;Qualificação Viária do Prefeitura Municipal de Pontão;R$ 155.950,00;R$ 2.963.050,00;R$ 3.119.000,00
Selecionada pelo gestor da aplicação;246.2.2408/2017;Qualificação Viária;RS;Harmonia;Banco Regional de Desenvolvimento do Extremo Sul – BRDE;Prefeitura Municipal de Harmonia;Qualificação Viária do Prefeitura Municipal de Harmonia;R$ 182.510,45;R$ 3.467.698,37;R$ 3.650.208,82
Não enquadrada pelo Agente Financeiro;328.24.2508/2017;Qualificação Viária;MA;Santa Luzia;Caixa Econômica Federal;Prefeitura Municipal de Santa Luzia;Qualificação Viária do Prefeitura Municipal de Santa Luzia;R$ 158.635,47;R$ 3.014.073,85;R$ 3.172.709,32
Em análise de enquadramento;307.2.2508/2017;Qualificação Viária;MA;Passagem Franca;Caixa Econômica Federal;Prefeitura Municipal de Passagem Franca;Qualificação Viária do Prefeitura Municipal de Passagem Franca;R$ 100.000,00;R$ 1.900.000,00;R$ 2.000.000,00
Em análise de enquadramento;368.2.2808/2017;Qualificação Viária;RS;Bom Retiro do Sul;Caixa Econômica Federal;Prefeitura Municipal de Bom Retiro do Sul;Qualificação Viária do Prefeitura Municipal de Bom Retiro do Sul;R$ 215.569,08;R$ 4.095.812,34;R$ 4.311.381,42
Não enquadrada pelo Agente Financeiro;691.2.2909/2017;Qualificação Viária;CE;Reriutaba;Banco do Brasil;Prefeitura Municipal de Reriutaba;Qualificação Viária do Prefeitura Municipal de Reriutaba;R$ 245.119,25;R$ 4.657.265,75;R$ 4.902.385,00
Não enquadrada pelo Agente Financeiro;329.2.2508/2017;Qualificação Viária;PR;Porto Vitória;Caixa Econômica Federal;Prefeitura Municipal de Porto Vitória;Qualificação Viária do Prefeitura Municipal de Porto Vitória;R$ 82.043,50;R$ 1.558.826,50;R$ 1.640.870,00
Não enquadrada pelo Agente Financeiro;318.2.2508/2017;Qualificação Viária;RS;Novo Hamburgo;Caixa Econômica Federal;Prefeitura Municipal de Novo Hamburgo;Qualificação Viária do Prefeitura Municipal de Novo Hamburgo;R$ 1.036.720,00;R$ 19.697.680,00;R$ 20.734.400,00
Não enquadrada pelo Agente Financeiro;460.2.0509/2017;Qualificação Viária;CE;Pacujá;Banco do Brasil;Prefeitura Municipal de Pacujá;Qualificação Viária do Prefeitura Municipal de Pacujá;R$ 184.060,00;R$ 3.497.140,00;R$ 3.681.200,00
Não enquadrada pelo Agente Financeiro;524.24.1509/2017;Qualificação Viária;MA;Carolina;Banco do Brasil;Prefeitura Municipal de Carolina;Qualificação Viária do Prefeitura Municipal de Carolina;R$ 750.000,00;R$ 9.250.000,00;R$ 10.000.000,00
Não enquadrada pelo Agente Financeiro;467.2.0609/2017;Qualificação Viária;CE;Coreaú;Banco do Brasil;Prefeitura Municipal de Coreaú;Qualificação Viária do Prefeitura Municipal de Coreaú;R$ 648.260,00;R$ 12.316.940,00;R$ 12.965.200,00
Não enquadrada pelo Agente Financeiro;258.2.2408/2017;Qualificação Viária;MA;Governador Nunes Freire;Banco do Brasil;Prefeitura Municipal de Governador Nunes Freire;Qualificação Viária do Prefeitura Municipal de Governador Nunes Freire;R$ 506.084,37;R$ 9.615.602,91;R$ 10.121.687,28
Selecionada pelo gestor da aplicação;425.2.3108/2017;Qualificação Viária;RS;São Jerônimo;Banco Regional de Desenvolvimento do Extremo Sul – BRDE;Prefeitura Municipal de São Jerônimo;Qualificação Viária do Prefeitura Municipal de São Jerônimo;R$ 346.572,75;R$ 6.584.882,07;R$ 6.931.454,82
Em análise de enquadramento;804.2.1010/2017;Qualificação Viária;PR;Barbosa Ferraz;Caixa Econômica Federal;Prefeitura Municipal de Barbosa Ferraz;Qualificação Viária do Prefeitura Municipal de Barbosa Ferraz;R$ 105.000,00;R$ 1.995.000,00;R$ 2.100.000,00
Não enquadrada pelo Agente Financeiro;375.2.2808/2017;Qualificação Viária;PE;Buíque;Caixa Econômica Federal;Prefeitura Municipal de Buíque;Qualificação Viária do Prefeitura Municipal de Buíque;R$ 275.740,38;R$ 5.239.067,22;R$ 5.514.807,60
Em análise de enquadramento;832.2.1610/2017;Qualificação Viária;SC;Rodeio;Caixa Econômica Federal;Prefeitura Municipal de Rodeio;Qualificação Viária do Prefeitura Municipal de Rodeio;R$ 140.978,15;R$ 2.678.584,85;R$ 2.819.563,00
Pré-selecionada pelo Gestor da Aplicação;34.25.0208/2017;Qualificação Viária;SC;Tubarão;Caixa Econômica Federal;Prefeitura Municipal de Tubarão;Qualificação Viária do Prefeitura Municipal de Tubarão;R$ 1.499.250,00;R$ 28.485.750,00;R$ 29.985.000,00
Em análise de enquadramento;851.2.1710/2017;Qualificação Viária;CE;Coreaú;Caixa Econômica Federal;Prefeitura Municipal de Coreaú;Qualificação Viária do Prefeitura Municipal de Coreaú;R$ 648.260,00;R$ 12.316.940,00;R$ 12.965.200,00
Não enquadrada pelo Agente Financeiro;435.2.0109/2017;Qualificação Viária;SC;Santa Rosa do Sul;Caixa Econômica Federal;Prefeitura Municipal de Santa Rosa do Sul;Qualificação Viária do Prefeitura Municipal de Santa Rosa do Sul;R$ 249.937,50;R$ 4.748.812,50;R$ 4.998.750,00
Pré-selecionada pelo Gestor da Aplicação;470.3.0609/2017;Transporte Não Motorizado;SC;Nova Erechim;Caixa Econômica Federal;Prefeitura Municipal de Nova Erechim;Transporte Não Motorizado do Prefeitura Municipal de Nova Erechim;R$ 54.267,50;R$ 1.031.082,50;R$ 1.085.350,00
Não enquadrada pelo Agente Financeiro;857.24.1810/2017;Qualificação Viária;SC;São Joaquim;Caixa Econômica Federal;Prefeitura Municipal de São Joaquim;Qualificação Viária do Prefeitura Municipal de São Joaquim;R$ 62.500,00;R$ 1.187.500,00;R$ 1.250.000,00
Em análise pelo administrador do Agente Financeiro;1422.2.2712/2017;Qualificação Viária;SP;Poá;Caixa Econômica Federal;Prefeitura Municipal de Poá;Qualificação Viária do Prefeitura Municipal de Poá;R$ 1.000.150,00;R$ 19.002.850,00;R$ 20.003.000,00
Pré-selecionada pelo Gestor da Aplicação;355.2.2508/2017;Qualificação Viária;TO;Aragominas;Caixa Econômica Federal;Prefeitura Municipal de Aragominas;Qualificação Viária do Prefeitura Municipal de Aragominas;R$ 100.000,00;R$ 1.897.451,00;R$ 1.997.451,00
Não enquadrada pelo Agente Financeiro;175.24.2108/2017;Qualificação Viária;MG;Pimenta;Caixa Econômica Federal;Prefeitura Municipal de Pimenta MG;Qualificação Viária do Prefeitura Municipal de Pimenta MG;R$ 250.000,00;R$ 4.750.000,00;R$ 5.000.000,00
Em análise de enquadramento;364.24.2808/2017;Qualificação Viária;BA;Piripá;Caixa Econômica Federal;Prefeitura Municipal de Piripá;Qualificação Viária do Prefeitura Municipal de Piripá;R$ 200.000,00;R$ 3.800.000,00;R$ 4.000.000,00
Não enquadrada pelo Agente Financeiro;504.2.1209/2017;Qualificação Viária;SC;São José do Cedro;Caixa Econômica Federal;Prefeitura Municipal de São José do Cedro;Qualificação Viária do Prefeitura Municipal de São José do Cedro;R$ 160.000,00;R$ 3.000.000,00;R$ 3.160.000,00
Pré-selecionada pelo Gestor da Aplicação;265.2.2508/2017;Qualificação Viária;SC;Concórdia;Caixa Econômica Federal;Prefeitura Municipal de Concórdia;Qualificação Viária do Prefeitura Municipal de Concórdia;R$ 200.100,00;R$ 3.801.900,00;R$ 4.002.000,00
Selecionada pelo gestor da aplicação;509.2.1309/2017;Qualificação Viária;RS;Riozinho;Caixa Econômica Federal;Prefeitura Municipal de Riozinho;Qualificação Viária do Prefeitura Municipal de Riozinho;R$ 228.569,93;R$ 4.342.828,52;R$ 4.571.398,45
Não enquadrada pelo Agente Financeiro;627.2.2509/2017;Qualificação Viária;RS;Alvorada;Caixa Econômica Federal;Prefeitura Municipal de Alvorada;Qualificação Viária do Prefeitura Municipal de Alvorada;R$ 1.438.000,00;R$ 27.307.178,26;R$ 28.745.178,26
Não enquadrada pelo Agente Financeiro;239.24.2408/2017;Qualificação Viária;MG;Cássia;Caixa Econômica Federal;Prefeitura Municipal de Cássia;Qualificação Viária do Prefeitura Municipal de Cássia;R$ 26.650,00;R$ 506.350,00;R$ 533.000,00
Não enquadrada pelo Agente Financeiro;289.2.2508/2017;Qualificação Viária;TO;Lagoa da Confusão;Caixa Econômica Federal;Prefeitura Municipal de Lagoa da Confusão;Qualificação Viária do Prefeitura Municipal de Lagoa da Confusão;R$ 250.000,00;R$ 4.750.000,00;R$ 5.000.000,00
Não enquadrada pelo Agente Financeiro;227.3.2408/2017;Transporte Não Motorizado;SC;Guatambú;Caixa Econômica Federal;Prefeitura Municipal de Guatambu;Transporte Não Motorizado do Prefeitura Municipal de Guatambu;R$ 89.982,40;R$ 1.200.000,00;R$ 1.289.982,40
Pré-selecionada pelo Gestor da Aplicação;343.2.2508/2017;Qualificação Viária;PR;Porto Vitória;Caixa Econômica Federal;Prefeitura Municipal de Porto Vitória;Qualificação Viária do Prefeitura Municipal de Porto Vitória;R$ 27.751,06;R$ 527.269,94;R$ 555.021,00
Não enquadrada pelo Agente Financeiro;340.2.2508/2017;Qualificação Viária;MG;Perdões;Caixa Econômica Federal;Prefeitura Municipal de Perdões;Qualificação Viária do Prefeitura Municipal de Perdões;R$ 515.000,00;R$ 9.785.000,00;R$ 10.300.000,00
Em análise de enquadramento;153.2.1808/2017;Qualificação Viária;RS;Trindade do Sul;Caixa Econômica Federal;Prefeitura Municipal de Trindade do Sul;Qualificação Viária do Prefeitura Municipal de Trindade do Sul;R$ 240.332,46;R$ 4.566.316,60;R$ 4.806.649,06
Em análise de enquadramento;559.2.1909/2017;Qualificação Viária;PR;Jesuítas;Caixa Econômica Federal;Prefeitura Municipal de Jesuítas;Qualificação Viária do Prefeitura Municipal de Jesuítas;R$ 245.450,00;R$ 4.663.550,00;R$ 4.909.000,00
Não enquadrada pelo Agente Financeiro;359.2.2608/2017;Qualificação Viária;MG;Itinga;Banco do Brasil;Prefeitura Municipal de Itinga;Qualificação Viária do Prefeitura Municipal de Itinga;R$ 60.000,00;R$ 1.140.000,00;R$ 1.200.000,00
Não enquadrada pelo Agente Financeiro;298.2.2508/2017;Qualificação Viária;RJ;Miracema;Banco do Brasil;Prefeitura Municipal de Miracema;Qualificação Viária do Prefeitura Municipal de Miracema;R$ 109.059,07;R$ 2.072.122,14;R$ 2.181.181,21
Não enquadrada pelo Agente Financeiro;466.2.0609/2017;Qualificação Viária;CE;Catarina;Banco do Brasil;Prefeitura Municipal de Catarina;Qualificação Viária do Prefeitura Municipal de Catarina;R$ 640.079,50;R$ 12.161.510,50;R$ 12.801.590,00
Não enquadrada pelo Agente Financeiro;407.2.3008/2017;Qualificação Viária;PR;Peabiru;Fomento Paraná;Prefeitura Municipal de Peabiru;Qualificação Viária do Prefeitura Municipal de Peabiru;R$ 82.500,00;R$ 1.567.500,00;R$ 1.650.000,00
Não enquadrada pelo Agente Financeiro;279.2.2508/2017;Qualificação Viária;TO;Tupirama;Caixa Econômica Federal;Prefeitura Municipal de Tupirama;Qualificação Viária do Prefeitura Municipal de Tupirama;R$ 211.425,00;R$ 4.017.075,00;R$ 4.228.500,00
Em análise de enquadramento;320.2.2508/2017;Qualificação Viária;PR;Sarandi;Caixa Econômica Federal;Prefeitura Municipal de Sarandi;Qualificação Viária do Prefeitura Municipal de Sarandi;R$ 154.442,31;R$ 2.934.403,71;R$ 3.088.846,02
Em análise de enquadramento;551.2.1809/2017;Qualificação Viária;RS;Muliterno;Caixa Econômica Federal;Prefeitura Municipal de Muliterno;Qualificação Viária do Prefeitura Municipal de Muliterno;R$ 250.000,00;R$ 3.750.000,00;R$ 4.000.000,00
Não enquadrada pelo Agente Financeiro;274.2.2508/2017;Qualificação Viária;MG;São Roque de Minas;Banco de Desenvolvimento de Minas Gerais – BDMG;Prefeitura Municipal de São Roque de Minas;Qualificação Viária do Prefeitura Municipal de São Roque de Minas;R$ 77.376,30;R$ 1.470.149,51;R$ 1.547.525,81
Pré-selecionada pelo Gestor da Aplicação;3828.2.0911/2018;Qualificação Viária;SP;Capão Bonito;Agência de Desenvolvimento Paulista – Desenvolve SP;Prefeitura Municipal de Capão Bonito;Qualificação Viária do Prefeitura Municipal de Capão Bonito;R$ 202.710,26;R$ 3.851.494,84;R$ 4.054.205,10
Não enquadrada pelo Agente Financeiro;226.2.2408/2017;Qualificação Viária;BA;Quijingue;Caixa Econômica Federal;Prefeitura Municipal de Quijingue;Qualificação Viária do Prefeitura Municipal de Quijingue;R$ 60.000,00;R$ 1.140.000,00;R$ 1.200.000,00
Não enquadrada pelo Agente Financeiro;383.2.2808/2017;Qualificação Viária;RS;Arroio do Meio;Caixa Econômica Federal;Prefeitura Municipal de Arroio do Meio;Qualificação Viária do Prefeitura Municipal de Arroio do Meio;R$ 115.212,70;R$ 2.189.041,21;R$ 2.304.253,91
Não enquadrada pelo Agente Financeiro;581.2.2009/2017;Qualificação Viária;PE;Trindade;Caixa Econômica Federal;Prefeitura Municipal de Trindade;Qualificação Viária do Prefeitura Municipal de Trindade;R$ 250.000,00;R$ 4.750.000,00;R$ 5.000.000,00
Não enquadrada pelo Agente Financeiro;247.34.2408/2017;Transporte Não Motorizado;SP;Jambeiro;Caixa Econômica Federal;Prefeitura Municipal de Jambeiro;Transporte Não Motorizado do Prefeitura Municipal de Jambeiro;R$ 26.387,50;R$ 501.362,50;R$ 527.750,00
Pré-selecionada pelo Gestor da Aplicação;471.2.0609/2017;Qualificação Viária;SC;Nova Erechim;Caixa Econômica Federal;Prefeitura Municipal de Nova Erechim;Qualificação Viária do Prefeitura Municipal de Nova Erechim;R$ 85.161,00;R$ 1.618.059,00;R$ 1.703.220,00
Em análise de enquadramento;312.2.2508/2017;Qualificação Viária;RS;Estrela;Caixa Econômica Federal;Prefeitura Municipal de Estrela;Qualificação Viária do Prefeitura Municipal de Estrela;R$ 516.699,63;R$ 9.817.292,78;R$ 10.333.992,41
Não enquadrada pelo Agente Financeiro;315.2.2508/2017;Qualificação Viária;MG;Ouro Branco;Caixa Econômica Federal;Prefeitura Municipal de Ouro Branco;Qualificação Viária do Prefeitura Municipal de Ouro Branco;R$ 100.000,00;R$ 1.900.000,00;R$ 2.000.000,00
Não enquadrada pelo Agente Financeiro;686.25.2809/2017;Qualificação Viária;BA;Simões Filho;Caixa Econômica Federal;Prefeitura Municipal de Simões Filho;Qualificação Viária do Prefeitura Municipal de Simões Filho;R$ 1.500.000,00;R$ 28.500.000,00;R$ 30.000.000,00
Não enquadrada pelo Agente Financeiro;415.2.3008/2017;Qualificação Viária;PR;Icaraíma;Caixa Econômica Federal;Prefeitura Municipal de Icaraíma;Qualificação Viária do Prefeitura Municipal de Icaraíma;R$ 50.000,00;R$ 950.000,00;R$ 1.000.000,00
Selecionada pelo gestor da aplicação;22.2.0108/2017;Qualificação Viária;SC;Concórdia;Banco Regional de Desenvolvimento do Extremo Sul – BRDE;Prefeitura Municipal de Concórdia;Qualificação Viária do Prefeitura Municipal de Concórdia;R$ 85.866,51;R$ 1.631.463,59;R$ 1.717.330,10
Não enquadrada pelo Agente Financeiro;266.2.2508/2017;Qualificação Viária;SC;Iomerê;Caixa Econômica Federal;Prefeitura Municipal de Iomerê;Qualificação Viária do Prefeitura Municipal de Iomerê;R$ 77.500,00;R$ 1.472.500,00;R$ 1.550.000,00
Não enquadrada pelo Agente Financeiro;760.24.0510/2017;Qualificação Viária;RS;Erebango;Caixa Econômica Federal;Prefeitura Municipal de Erebango;Qualificação Viária do Prefeitura Municipal de Erebango;R$ 110.000,00;R$ 1.991.160,00;R$ 2.101.160,00
Em análise de enquadramento;3279.2.2304/2018;Qualificação Viária;ES;Nova Venécia;Caixa Econômica Federal;Prefeitura Municipal de Nova Venécia;Qualificação Viária do Prefeitura Municipal de Nova Venécia;R$ 705.060,00;R$ 13.396.140,00;R$ 14.101.200,00
Pré-selecionada pelo Gestor da Aplicação;405.2.3008/2017;Qualificação Viária;SC;Abelardo Luz;Caixa Econômica Federal;Prefeitura Municipal de Abelardo Luz;Qualificação Viária do Prefeitura Municipal de Abelardo Luz;R$ 91.789,10;R$ 1.743.992,87;R$ 1.835.781,97
Selecionada pelo gestor da aplicação;337.3.2508/2017;Transporte Não Motorizado;SP;São Caetano do Sul;Caixa Econômica Federal;Prefeitura Municipal de São Caetano do Sul;Transporte Não Motorizado do Prefeitura Municipal de São Caetano do Sul;R$ 402.600,00;R$ 7.649.400,00;R$ 8.052.000,00
Não enquadrada pelo Agente Financeiro;408.2.3008/2017;Qualificação Viária;PR;Loanda;Caixa Econômica Federal;Prefeitura Municipal de Loanda;Qualificação Viária do Prefeitura Municipal de Loanda;R$ 260.200,00;R$ 4.943.800,00;R$ 5.204.000,00
Não enquadrada pelo Agente Financeiro;387.24.2808/2017;Qualificação Viária;MA;Senador Alexandre Costa;Banco do Brasil;Prefeitura Municipal de Senador Alexandre Costa;Qualificação Viária do Prefeitura Municipal de Senador Alexandre Costa;R$ 250.000,00;R$ 4.750.000,00;R$ 5.000.000,00
Não enquadrada pelo Agente Financeiro;259.2.2408/2017;Qualificação Viária;MA;Caxias;Caixa Econômica Federal;Prefeitura Municipal de Caxias;Qualificação Viária do Prefeitura Municipal de Caxias;R$ 653.677,94;R$ 12.419.880,75;R$ 13.073.558,69
Não enquadrada pelo Agente Financeiro;299.2.2508/2017;Qualificação Viária;SC;Balneário Piçarras;Caixa Econômica Federal;Prefeitura Municipal de Balneário Piçarras;Qualificação Viária do Prefeitura Municipal de Balneário Piçarras;R$ 248.078,29;R$ 4.713.487,41;R$ 4.961.565,70
Em análise de enquadramento;270.2.2508/2017;Qualificação Viária;SC;Camboriú;Caixa Econômica Federal;Prefeitura Municipal de Camboriú;Qualificação Viária do Prefeitura Municipal de Camboriú;R$ 843.600,00;R$ 16.028.400,00;R$ 16.872.000,00
Não enquadrada pelo Agente Financeiro;275.3.2508/2017;Transporte Não Motorizado;MA;Caxias;Caixa Econômica Federal;Prefeitura Municipal de Caxias;Transporte Não Motorizado do Prefeitura Municipal de Caxias;R$ 62.500,00;R$ 1.187.500,00;R$ 1.250.000,00
Selecionada pelo gestor da aplicação;210.2.2308/2017;Qualificação Viária;RS;Minas do Leão;Banco Regional de Desenvolvimento do Extremo Sul – BRDE;Prefeitura Municipal de Minas do Leão;Qualificação Viária do Prefeitura Municipal de Minas do Leão;R$ 133.056,47;R$ 2.528.072,80;R$ 2.661.129,27
Não enquadrada pelo Agente Financeiro;418.2.3008/2017;Qualificação Viária;SP;Bastos;Caixa Econômica Federal;Prefeitura Municipal de Bastos;Qualificação Viária do Prefeitura Municipal de Bastos;R$ 163.900,00;R$ 3.114.100,00;R$ 3.278.000,00
Não enquadrada pelo Agente Financeiro;411.2.3008/2017;Qualificação Viária;SP;Bastos;Caixa Econômica Federal;Prefeitura Municipal de Bastos;Qualificação Viária do Prefeitura Municipal de Bastos;R$ 130.100,00;R$ 2.471.900,00;R$ 2.602.000,00
Não enquadrada pelo Agente Financeiro;416.2.3008/2017;Qualificação Viária;SP;Bastos;Caixa Econômica Federal;Prefeitura Municipal de Bastos;Qualificação Viária do Prefeitura Municipal de Bastos;R$ 141.000,00;R$ 2.679.000,00;R$ 2.820.000,00
Não enquadrada pelo Agente Financeiro;217.2.2308/2017;Qualificação Viária;MA;Estreito;Caixa Econômica Federal;Prefeitura Municipal de Estreito;Qualificação Viária do Prefeitura Municipal de Estreito;R$ 418.770,54;R$ 7.956.640,15;R$ 8.375.410,69
Pré-selecionada pelo Gestor da Aplicação;189.24.2208/2017;Qualificação Viária;RS;Faxinal do Soturno;Banco Regional de Desenvolvimento do Extremo Sul – BRDE;Prefeitura Municipal de Faxinal do Soturno;Qualificação Viária do Prefeitura Municipal de Faxinal do Soturno;R$ 66.500,00;R$ 1.263.500,00;R$ 1.330.000,00
Pré-selecionada pelo Gestor da Aplicação;422.2.3108/2017;Qualificação Viária;SC;Faxinal dos Guedes;Caixa Econômica Federal;Prefeitura Municipal de Faxinal dos Guedes;Qualificação Viária do Prefeitura Municipal de Faxinal dos Guedes;R$ 91.460,46;R$ 1.737.748,74;R$ 1.829.209,20
Selecionada pelo gestor da aplicação;643.2.2609/2017;Qualificação Viária;RS;Cotiporã;Caixa Econômica Federal;Prefeitura Municipal de Cotiporã;Qualificação Viária do Prefeitura Municipal de Cotiporã;R$ 148.805,31;R$ 2.827.300,88;R$ 2.976.106,19
Em análise de enquadramento;214.24.2308/2017;Qualificação Viária;BA;Irecê;Agência de Fomento do Estado da Bahia – Desenbahia;Prefeitura Municipal de Irecê;Qualificação Viária do Prefeitura Municipal de Irecê;R$ 475.500,00;R$ 9.034.500,00;R$ 9.510.000,00
Em análise de enquadramento;249.2.2408/2017;Qualificação Viária;SC;Curitibanos;Caixa Econômica Federal;Prefeitura Municipal de Curitibanos;Qualificação Viária do Prefeitura Municipal de Curitibanos;R$ 108.078,75;R$ 2.053.496,25;R$ 2.161.575,00
Em análise de enquadramento;180.2.2108/2017;Qualificação Viária;RS;Tabaí;Caixa Econômica Federal;Prefeitura Municipal de Tabaí;Qualificação Viária do Prefeitura Municipal de Tabaí;R$ 220.410,13;R$ 4.187.792,46;R$ 4.408.202,59
Pré-selecionada pelo Gestor da Aplicação;3458.24.1206/2018;Qualificação Viária;PI;Prata do Piauí;Caixa Econômica Federal;Prefeitura Municipal de Prata do Piauí;Qualificação Viária do Prefeitura Municipal de Prata do Piauí;R$ 155.000,00;R$ 2.845.000,00;R$ 3.000.000,00
Em análise de enquadramento;403.2.2908/2017;Qualificação Viária;SC;Balneário Camboriú;Caixa Econômica Federal;Prefeitura Municipal de Balneário Camboriú;Qualificação Viária do Prefeitura Municipal de Balneário Camboriú;R$ 500.893,22;R$ 9.516.971,05;R$ 10.017.864,27
Não enquadrada pelo Agente Financeiro;300.2.2508/2017;Qualificação Viária;TO;Santa Maria do Tocantins;Caixa Econômica Federal;Prefeitura Municipal de Santa Maria do Tocantins;Qualificação Viária do Prefeitura Municipal de Santa Maria do Tocantins;R$ 100.000,00;R$ 1.900.000,00;R$ 2.000.000,00
Pré-selecionada pelo Gestor da Aplicação;348.2.2508/2017;Qualificação Viária;TO;Filadélfia;Caixa Econômica Federal;Prefeitura Municipal de Filadélfia;Qualificação Viária do Prefeitura Municipal de Filadélfia;R$ 247.734,05;R$ 4.706.946,77;R$ 4.954.680,82
Selecionada pelo gestor da aplicação;413.24.3008/2017;Qualificação Viária;MS;Itaporã;Caixa Econômica Federal;Prefeitura Municipal de Itaporã;Qualificação Viária do Prefeitura Municipal de Itaporã;R$ 179.041,99;R$ 3.401.797,63;R$ 3.580.839,62
Não enquadrada pelo Agente Financeiro;342.3.2508/2017;Transporte Não Motorizado;BA;Itacaré;Caixa Econômica Federal;Prefeitura Municipal de Itacaré;Transporte Não Motorizado do Prefeitura Municipal de Itacaré;R$ 87.726,25;R$ 1.666.798,75;R$ 1.754.525,00
Em análise pelo administrador do Agente Financeiro;358.2.2508/2017;Qualificação Viária;BA;Brumado;Caixa Econômica Federal;Prefeitura Municipal de Brumado;Qualificação Viária do Prefeitura Municipal de Brumado;R$ 159.500,00;R$ 3.030.500,00;R$ 3.190.000,00
Em análise pelo administrador do Agente Financeiro;356.2.2508/2017;Qualificação Viária;BA;Brumado;Caixa Econômica Federal;Prefeitura Municipal de Brumado;Qualificação Viária do Prefeitura Municipal de Brumado;R$ 130.000,00;R$ 2.470.000,00;R$ 2.600.000,00
Não enquadrada pelo Agente Financeiro;339.3.2508/2017;Transporte Não Motorizado;BA;Itacaré;Caixa Econômica Federal;Prefeitura Municipal de Itacaré;Transporte Não Motorizado do Prefeitura Municipal de Itacaré;R$ 125.000,00;R$ 2.375.000,00;R$ 2.500.000,00
Não enquadrada pelo Agente Financeiro;325.2.2508/2017;Qualificação Viária;PR;Porto Vitória;Caixa Econômica Federal;Prefeitura Municipal de Porto Vitória;Qualificação Viária do Prefeitura Municipal de Porto Vitória;R$ 55.576,50;R$ 1.055.953,50;R$ 1.111.530,00
Não enquadrada pelo Agente Financeiro;827.24.1310/2017;Qualificação Viária;PE;Camocim de São Félix;Caixa Econômica Federal;Prefeitura Municipal de Camocim de São Félix;Qualificação Viária do Prefeitura Municipal de Camocim de São Félix;R$ 234.500,00;R$ 4.455.500,00;R$ 4.690.000,00
Não enquadrada pelo Agente Financeiro;37.24.0308/2017;Qualificação Viária;PE;Pesqueira;Caixa Econômica Federal;Prefeitura Municipal de Pesqueira;Qualificação Viária do Prefeitura Municipal de Pesqueira;R$ 449.000,00;R$ 8.531.000,00;R$ 8.980.000,00
Em análise de enquadramento;178.2.2108/2017;Qualificação Viária;PR;Assis Chateaubriand;Caixa Econômica Federal;Prefeitura Municipal de Assis Chateaubriand;Qualificação Viária do Prefeitura Municipal de Assis Chateaubriand;R$ 216.500,00;R$ 4.113.500,00;R$ 4.330.000,00
Selecionada pelo gestor da aplicação;431.24.0109/2017;Qualificação Viária;MS;Aquidauana;Caixa Econômica Federal;Prefeitura Municipal de Aquidauana;Qualificação Viária do Prefeitura Municipal de Aquidauana;R$ 720.586,26;R$ 13.691.138,84;R$ 14.411.725,10
Não enquadrada pelo Agente Financeiro;287.2.2508/2017;Qualificação Viária;SC;Paulo Lopes;Caixa Econômica Federal;Prefeitura Municipal de Paulo Lopes;Qualificação Viária do Prefeitura Municipal de Paulo Lopes;R$ 249.995,04;R$ 4.749.905,57;R$ 4.999.900,61
Não enquadrada pelo Agente Financeiro;164.2.1808/2017;Qualificação Viária;SP;Presidente Epitácio;Caixa Econômica Federal;Prefeitura Municipal de Presidente Epitácio;Qualificação Viária do Prefeitura Municipal de Presidente Epitácio;R$ 138.050,00;R$ 2.622.950,00;R$ 2.761.000,00
Em análise de enquadramento;822.2.1110/2017;Qualificação Viária;SC;Balneário Camboriú;Caixa Econômica Federal;Prefeitura Municipal de Balneário Camboriú;Qualificação Viária do Prefeitura Municipal de Balneário Camboriú;R$ 500.893,22;R$ 9.516.971,05;R$ 10.017.864,27
Devolvida ao Proponente;196.2.2205/2018;Qualificação Viária;MG;Capitão Enéas;Banco do Brasil;Prefeitura Municipal de Capitão Enéas;Qualificação Viária do Prefeitura Municipal de Capitão Enéas;R$ 150.000,00;R$ 2.850.000,00;R$ 3.000.000,00
Não enquadrada pelo Agente Financeiro;346.2.2508/2017;Qualificação Viária;BA;Itacaré;Caixa Econômica Federal;Prefeitura Municipal de Itacaré;Qualificação Viária do Prefeitura Municipal de Itacaré;R$ 170.360,00;R$ 3.236.840,00;R$ 3.407.200,00
Não enquadrada pelo Agente Financeiro;262.2.2408/2017;Qualificação Viária;BA;Medeiros Neto;Caixa Econômica Federal;Prefeitura Municipal de Medeiros Neto;Qualificação Viária do Prefeitura Municipal de Medeiros Neto;R$ 110.000,00;R$ 2.090.000,00;R$ 2.200.000,00
Não enquadrada pelo Agente Financeiro;562.2.1909/2017;Qualificação Viária;PE;Belém do São Francisco;Caixa Econômica Federal;Prefeitura Municipal de Belém do São Francisco;Qualificação Viária do Prefeitura Municipal de Belém do São Francisco;R$ 249.600,00;R$ 4.742.400,00;R$ 4.992.000,00
Pré-selecionada pelo Gestor da Aplicação;103.2.1108/2017;Qualificação Viária;MG;Nova Serrana;Caixa Econômica Federal;PREFEITURA MUNICIPAL DE NOVA SERRANA;Qualificação Viária do PREFEITURA MUNICIPAL DE NOVA SERRANA;R$ 269.935,52;R$ 5.128.774,74;R$ 5.398.710,26
Em análise de enquadramento;229.2.2408/2017;Qualificação Viária;SP;Caçapava;Caixa Econômica Federal;Prefeitura Municipal de Caçapava;Qualificação Viária do Prefeitura Municipal de Caçapava;R$ 256.697,39;R$ 4.877.250,29;R$ 5.133.947,68
Não enquadrada pelo Agente Financeiro;277.3.2508/2017;Transporte Não Motorizado;MA;Caxias;Caixa Econômica Federal;Prefeitura Municipal de Caxias;Transporte Não Motorizado do Prefeitura Municipal de Caxias;R$ 76.125,00;R$ 1.446.375,00;R$ 1.522.500,00
Em análise de enquadramento;521.2.1509/2017;Qualificação Viária;RS;Barão;Caixa Econômica Federal;Prefeitura Municipal de Barão;Qualificação Viária do Prefeitura Municipal de Barão;R$ 249.280,00;R$ 4.736.320,00;R$ 4.985.600,00
Em análise de enquadramento;580.2.2009/2017;Qualificação Viária;PE;Orocó;Caixa Econômica Federal;Prefeitura Municipal de Orocó;Qualificação Viária do Prefeitura Municipal de Orocó;R$ 115.250,00;R$ 2.189.750,00;R$ 2.305.000,00
Em análise de enquadramento;89.2.1008/2017;Qualificação Viária;SP;Santo Antônio de Posse;Caixa Econômica Federal;Prefeitura Municipal de Santo Antônio de Posse;Qualificação Viária do Prefeitura Municipal de Santo Antônio de Posse;R$ 130.370,38;R$ 2.477.037,12;R$ 2.607.407,50
Em análise de enquadramento;93.2.1108/2017;Qualificação Viária;MG;Sem-Peixe;Caixa Econômica Federal;PREFEITURA MUNICIPAL DE SEM PEIXE;Qualificação Viária do PREFEITURA MUNICIPAL DE SEM PEIXE;R$ 51.000,00;R$ 969.000,00;R$ 1.020.000,00
Pré-selecionada pelo Gestor da Aplicação;823.2.1110/2017;Qualificação Viária;SC;Balneário Camboriú;Caixa Econômica Federal;Prefeitura Municipal de Balneário Camboriú;Qualificação Viária do Prefeitura Municipal de Balneário Camboriú;R$ 445.041,07;R$ 8.455.780,22;R$ 8.900.821,29
Não enquadrada pelo Agente Financeiro;194.24.2208/2017;Qualificação Viária;RS;Piratini;Banco Regional de Desenvolvimento do Extremo Sul – BRDE;Prefeitura Municipal de Piratini;Qualificação Viária do Prefeitura Municipal de Piratini;R$ 157.000,00;R$ 2.983.000,00;R$ 3.140.000,00
Selecionada pelo gestor da aplicação;852.24.1810/2017;Qualificação Viária;SP;Itatiba;Caixa Econômica Federal;Prefeitura Municipal de Itatiba;Qualificação Viária do Prefeitura Municipal de Itatiba;R$ 1.500.000,00;R$ 28.500.000,00;R$ 30.000.000,00
Não enquadrada pelo Agente Financeiro;179.2.2108/2017;Qualificação Viária;BA;Euclides da Cunha;Caixa Econômica Federal;Prefeitura Municipal de Euclides da Cunha;Qualificação Viária do Prefeitura Municipal de Euclides da Cunha;R$ 248.900,00;R$ 4.729.100,00;R$ 4.978.000,00
Em análise pelo administrador do Agente Financeiro;105.24.1108/2017;Qualificação Viária;PE;Camocim de São Félix;Caixa Econômica Federal;Prefeitura Municipal de Camocim de São Félix;Qualificação Viária do Prefeitura Municipal de Camocim de São Félix;R$ 234.500,00;R$ 4.455.500,00;R$ 4.690.000,00
Selecionada pelo gestor da aplicação;108.2.1408/2017;Qualificação Viária;SC;Timbó;Caixa Econômica Federal;MUNICÍPIO DE TIMBÓ;Qualificação Viária do MUNICÍPIO DE TIMBÓ;R$ 749.958,74;R$ 14.249.215,88;R$ 14.999.174,62
Não enquadrada pelo Agente Financeiro;42.24.0308/2017;Qualificação Viária;SE;Itaporanga d'Ajuda;Caixa Econômica Federal;Prefeitura Municipal de Itaporanga d'Ajuda;Qualificação Viária do Prefeitura Municipal de Itaporanga d'Ajuda;R$ 110.500,00;R$ 2.099.500,00;R$ 2.210.000,00
Em análise de enquadramento;119.2.1508/2017;Qualificação Viária;SC;Araranguá;Banco Regional de Desenvolvimento do Extremo Sul – BRDE;Prefeitura Municipal de Araranguá;Qualificação Viária do Prefeitura Municipal de Araranguá;R$ 1.000.000,00;R$ 19.000.000,00;R$ 20.000.000,00
Em análise pelo administrador do Agente Financeiro;231.2.2408/2017;Qualificação Viária;RS;Sentinela do Sul;Caixa Econômica Federal;Prefeitura Municipal de Sentinela do Sul;Qualificação Viária do Prefeitura Municipal de Sentinela do Sul;R$ 248.532,35;R$ 4.722.114,65;R$ 4.970.647,00
Selecionada pelo gestor da aplicação;811.2.1110/2017;Qualificação Viária;RS;Barão;Caixa Econômica Federal;Prefeitura Municipal de Barão;Qualificação Viária do Prefeitura Municipal de Barão;R$ 249.279,97;R$ 4.736.319,23;R$ 4.985.599,20
Não enquadrada pelo Agente Financeiro;191.3.2208/2017;Transporte Não Motorizado;PR;Paranavaí;Caixa Econômica Federal;Prefeitura Municipal de Paranavaí;Transporte Não Motorizado do Prefeitura Municipal de Paranavaí;R$ 202.341,08;R$ 3.844.480,37;R$ 4.046.821,45
Em análise de enquadramento;81.24.0908/2017;Qualificação Viária;SP;Itapevi;Caixa Econômica Federal;Prefeitura Municipal de Itapevi;Qualificação Viária do Prefeitura Municipal de Itapevi;R$ 1.492.600,00;R$ 28.359.400,00;R$ 29.852.000,00
Pré-selecionada pelo Gestor da Aplicação;101.2.1108/2017;Qualificação Viária;SP;Jacareí;Caixa Econômica Federal;Prefeitura Municipal de Jacareí;Qualificação Viária do Prefeitura Municipal de Jacareí;R$ 1.481.771,99;R$ 28.153.667,68;R$ 29.635.439,67
Não enquadrada pelo Agente Financeiro;904.245.2510/2017;Qualificação Viária;SP;Assis;Caixa Econômica Federal;Prefeitura Municipal de Assis;Qualificação Viária do Prefeitura Municipal de Assis;R$ 1.000.000,00;R$ 19.000.000,00;R$ 20.000.000,00
Pré-selecionada pelo Gestor da Aplicação;3464.24.1206/2018;Qualificação Viária;PI;Alegrete do Piauí;Caixa Econômica Federal;Prefeitura Municipal de Alegrete do Piauí;Qualificação Viária do Prefeitura Municipal de Alegrete do Piauí;R$ 255.000,00;R$ 4.745.000,00;R$ 5.000.000,00
Não enquadrada pelo Agente Financeiro;384.2.2808/2017;Qualificação Viária;RS;Arroio do Meio;Caixa Econômica Federal;Prefeitura Municipal de Arroio do Meio;Qualificação Viária do Prefeitura Municipal de Arroio do Meio;R$ 94.004,39;R$ 1.786.083,38;R$ 1.880.087,77
Não enquadrada pelo Agente Financeiro;414.2.3008/2017;Qualificação Viária;SP;Bastos;Caixa Econômica Federal;Prefeitura Municipal de Bastos;Qualificação Viária do Prefeitura Municipal de Bastos;R$ 120.025,00;R$ 2.280.475,00;R$ 2.400.500,00
Não enquadrada pelo Agente Financeiro;107.2.1408/2017;Qualificação Viária;PR;Nova Aliança do Ivaí;Caixa Econômica Federal;Prefeitura Municipal de Nova Aliança do Ivaí;Qualificação Viária do Prefeitura Municipal de Nova Aliança do Ivaí;R$ 30.000,00;R$ 570.000,00;R$ 600.000,00
Selecionada pelo gestor da aplicação;106.2.1408/2017;Qualificação Viária;SC;Irineópolis;Caixa Econômica Federal;Prefeitura Municipal de Irineópolis;Qualificação Viária do Prefeitura Municipal de Irineópolis;R$ 207.307,98;R$ 3.938.851,45;R$ 4.146.159,43
Não enquadrada pelo Agente Financeiro;273.2.2508/2017;Qualificação Viária;PR;Cidade Gaúcha;Caixa Econômica Federal;Prefeitura Municipal de Cidade Gaúcha;Qualificação Viária do Prefeitura Municipal de Cidade Gaúcha;R$ 135.000,00;R$ 2.565.000,00;R$ 2.700.000,00
Selecionada pelo gestor da aplicação;454.2.0509/2017;Qualificação Viária;MS;Ponta Porã;Caixa Econômica Federal;Prefeitura Municipal de Ponta Porã;Qualificação Viária do Prefeitura Municipal de Ponta Porã;R$ 572.085,58;R$ 10.869.625,86;R$ 11.441.711,44
Não enquadrada pelo Agente Financeiro;123.24.1508/2017;Qualificação Viária;MA;Cachoeira Grande;Banco do Brasil;Prefeitura Municipal de Cachoeira Grande;Qualificação Viária do Prefeitura Municipal de Cachoeira Grande;R$ 250.000,00;R$ 4.750.000,00;R$ 5.000.000,00
Em análise de enquadramento;57.2.0708/2017;Qualificação Viária;BA;Madre de Deus;Agência de Fomento do Estado da Bahia – Desenbahia;Prefeitura Municipal de Madre de Deus;Qualificação Viária do Prefeitura Municipal de Madre de Deus;R$ 750.000,00;R$ 14.249.999,00;R$ 14.999.999,00
Não enquadrada pelo Agente Financeiro;64.2.0808/2017;Qualificação Viária;MG;Carmo do Cajuru;Caixa Econômica Federal;Prefeitura Municipal de Carmo do Cajuru;Qualificação Viária do Prefeitura Municipal de Carmo do Cajuru;R$ 737.000,00;R$ 14.003.000,00;R$ 14.740.000,00
Em análise de enquadramento;8.2.2807/2017;Qualificação Viária;BA;São Sebastião do Passé;Agência de Fomento do Estado da Bahia – Desenbahia;Prefeitura Municipal de São Sebastião do Passé;Qualificação Viária do Prefeitura Municipal de São Sebastião do Passé;R$ 749.899,39;R$ 14.248.088,26;R$ 14.997.987,65
Não enquadrada pelo Agente Financeiro;88.2.1008/2017;Qualificação Viária;RS;Cerro Grande;Caixa Econômica Federal;Prefeitura Municipal de Cerro Grande;Qualificação Viária do Prefeitura Municipal de Cerro Grande;R$ 170.055,97;R$ 1.000.000,00;R$ 1.170.055,97
Não enquadrada pelo Agente Financeiro;483.2.1109/2017;Qualificação Viária;SC;Piratuba;Agência de Fomento de Santa Catarina - Badesc;Prefeitura Municipal de Piratuba;Qualificação Viária do Prefeitura Municipal de Piratuba;R$ 248.880,98;R$ 4.728.738,52;R$ 4.977.619,50
Não enquadrada pelo Agente Financeiro;128.24.1508/2017;Qualificação Viária;MA;Turilândia;Banco do Brasil;Prefeitura Municipal de Turilândia;Qualificação Viária do Prefeitura Municipal de Turilândia;R$ 250.000,00;R$ 4.750.000,00;R$ 5.000.000,00
Não enquadrada pelo Agente Financeiro;124.24.1508/2017;Qualificação Viária;MA;Pedro do Rosário;Banco do Brasil;Prefeitura Municipal de Pedro do Rosário;Qualificação Viária do Prefeitura Municipal de Pedro do Rosário;R$ 250.000,00;R$ 4.750.000,00;R$ 5.000.000,00
Não enquadrada pelo Agente Financeiro;20.24.0108/2017;Qualificação Viária;MT;Lucas do Rio Verde;Caixa Econômica Federal;Prefeitura Municipal de Lucas do Rio Verde;Qualificação Viária do Prefeitura Municipal de Lucas do Rio Verde;R$ 747.500,00;R$ 14.202.500,00;R$ 14.950.000,00
Não enquadrada pelo Agente Financeiro;110.2.1408/2017;Qualificação Viária;RS;Morrinhos do Sul;Banco do Brasil;Prefeitura Municipal de Morrinhos do Sul;Qualificação Viária do Prefeitura Municipal de Morrinhos do Sul;R$ 240.000,00;R$ 4.532.048,00;R$ 4.772.048,00
Não enquadrada pelo Agente Financeiro;137.24.1608/2017;Qualificação Viária;MA;Pindaré-Mirim;Banco do Brasil;Prefeitura Municipal de Pindaré-Mirim;Qualificação Viária do Prefeitura Municipal de Pindaré-Mirim;R$ 550.000,00;R$ 10.450.000,00;R$ 11.000.000,00
Não enquadrada pelo Agente Financeiro;125.24.1508/2017;Qualificação Viária;MA;Porto Rico do Maranhão;Banco do Brasil;Prefeitura Municipal de Porto Rico do Maranhão;Qualificação Viária do Prefeitura Municipal de Porto Rico do Maranhão;R$ 250.000,00;R$ 4.750.000,00;R$ 5.000.000,00
Não enquadrada pelo Agente Financeiro;127.24.1508/2017;Qualificação Viária;MA;São Vicente Ferrer;Banco do Brasil;Prefeitura Municipal de São Vicente Ferrer;Qualificação Viária do Prefeitura Municipal de São Vicente Ferrer;R$ 250.000,00;R$ 4.750.000,00;R$ 5.000.000,00
Não enquadrada pelo Agente Financeiro;126.24.1508/2017;Qualificação Viária;MA;Olinda Nova do Maranhão;Banco do Brasil;Prefeitura Municipal de Olinda Nova do Maranhão;Qualificação Viária do Prefeitura Municipal de Olinda Nova do Maranhão;R$ 250.000,00;R$ 4.750.000,00;R$ 5.000.000,00
Em análise de enquadramento;494.2.1209/2017;Qualificação Viária;SC;Taió;Caixa Econômica Federal;Prefeitura Municipal de Taió;Qualificação Viária do Prefeitura Municipal de Taió;R$ 250.000,00;R$ 4.750.000,00;R$ 5.000.000,00
Pré-selecionada pelo Gestor da Aplicação;3460.24.1206/2018;Qualificação Viária;PI;Assunção do Piauí;Caixa Econômica Federal;Prefeitura Municipal de Assunção do Piauí;Qualificação Viária do Prefeitura Municipal de Assunção do Piauí;R$ 258.000,00;R$ 4.742.000,00;R$ 5.000.000,00
Em análise de enquadramento;4.2.2807/2017;Qualificação Viária;PR;São Miguel do Iguaçu;Caixa Econômica Federal;Prefeitura Municipal de São Miguel do Iguaçu;Qualificação Viária do Prefeitura Municipal de São Miguel do Iguaçu;R$ 123.090,00;R$ 2.338.710,00;R$ 2.461.800,00
Em análise pelo administrador do Agente Financeiro;40.24.0308/2017;Qualificação Viária;PE;Palmares;Caixa Econômica Federal;Prefeitura Municipal de Pesqueira;Qualificação Viária do Prefeitura Municipal de Pesqueira;R$ 300.000,00;R$ 5.700.000,00;R$ 6.000.000,00
Pré-selecionada pelo Gestor da Aplicação;3463.24.1206/2018;Qualificação Viária;PI;Corrente;Caixa Econômica Federal;Prefeitura Municipal de Corrente;Qualificação Viária do Prefeitura Municipal de Corrente;R$ 410.000,00;R$ 7.590.000,00;R$ 8.000.000,00
Não enquadrada pelo Agente Financeiro;853.2.1810/2017;Qualificação Viária;MG;Chapada Gaúcha;Caixa Econômica Federal;Prefeitura Municipal de Chapada Gaúcha;Qualificação Viária do Prefeitura Municipal de Chapada Gaúcha;R$ 125.000,00;R$ 2.375.000,00;R$ 2.500.000,00
Pré-selecionada pelo Gestor da Aplicação;44.3.0308/2017;Transporte Não Motorizado;MG;Santa Rosa da Serra;Caixa Econômica Federal;Prefeitura Municipal de Santa Rosa da Serra;Transporte Não Motorizado do Prefeitura Municipal de Santa Rosa da Serra;R$ 25.000,00;R$ 475.000,00;R$ 500.000,00
Selecionada pelo gestor da aplicação;63.2.0808/2017;Qualificação Viária;SC;Papanduva;Caixa Econômica Federal;Prefeitura Municipal de Papanduva;Qualificação Viária do Prefeitura Municipal de Papanduva;R$ 250.000,00;R$ 4.750.000,00;R$ 5.000.000,00
Selecionada pelo gestor da aplicação;99.2.1108/2017;Qualificação Viária;SC;Três Barras;Caixa Econômica Federal;Prefeitura Municipal de Três Barras;Qualificação Viária do Prefeitura Municipal de Três Barras;R$ 153.952,56;R$ 2.925.098,44;R$ 3.079.051,00
Não enquadrada pelo Agente Financeiro;33.3.0208/2017;Transporte Não Motorizado;MG;Oliveira;Banco de Desenvolvimento de Minas Gerais – BDMG;Prefeitura Municipal de Oliveira;Transporte Não Motorizado do Prefeitura Municipal de Oliveira;R$ 248.978,62;R$ 4.730.593,63;R$ 4.979.572,25
Em análise de enquadramento;653.2.2709/2017;Qualificação Viária;SP;Santa Bárbara d'Oeste;Caixa Econômica Federal;Prefeitura Municipal de Santa Bárbara d'Oeste;Qualificação Viária do Prefeitura Municipal de Santa Bárbara d'Oeste;R$ 144.500,00;R$ 2.745.500,00;R$ 2.890.000,00
Selecionada pelo gestor da aplicação;2.2.2807/2017;Qualificação Viária;SC;Itapoá;Caixa Econômica Federal;Prefeitura Municipal de Itapoá;Qualificação Viária do Prefeitura Municipal de Itapoá;R$ 289.487,38;R$ 4.535.302,26;R$ 4.824.789,64
Selecionada pelo gestor da aplicação;6.2.2807/2017;Qualificação Viária;SC;Indaial;Banco Regional de Desenvolvimento do Extremo Sul – BRDE;Prefeitura Municipal de Indaial;Qualificação Viária do Prefeitura Municipal de Indaial;R$ 999.643,56;R$ 18.993.227,63;R$ 19.992.871,19
Não enquadrada pelo Agente Financeiro;78.2.0808/2017;Qualificação Viária;SC;Itapema;Caixa Econômica Federal;Prefeitura Municipal de Itapema;Qualificação Viária do Prefeitura Municipal de Itapema;R$ 209.509,93;R$ 3.980.688,58;R$ 4.190.198,51
Selecionada pelo gestor da aplicação;98.2.1108/2017;Qualificação Viária;SC;Três Barras;Caixa Econômica Federal;Prefeitura Municipal de Três Barras;Qualificação Viária do Prefeitura Municipal de Três Barras;R$ 37.585,95;R$ 714.132,87;R$ 751.718,82
Não enquadrada pelo Agente Financeiro;100.2.1108/2017;Qualificação Viária;PE;São José do Belmonte;Caixa Econômica Federal;Prefeitura Municipal de São José do Belmonte;Qualificação Viária do Prefeitura Municipal de São José do Belmonte;R$ 100.800,00;R$ 1.915.200,00;R$ 2.016.000,00
Não enquadrada pelo Agente Financeiro;36.25.0208/2017;Qualificação Viária;SP;Tatuí;Caixa Econômica Federal;Prefeitura Municipal de Tatuí;Qualificação Viária do Prefeitura Municipal de Tatuí;R$ 503.415,86;R$ 9.564.901,29;R$ 10.068.317,15
Selecionada pelo gestor da aplicação;97.2.1108/2017;Qualificação Viária;SC;Três Barras;Caixa Econômica Federal;Prefeitura Municipal de Três Barras;Qualificação Viária do Prefeitura Municipal de Três Barras;R$ 49.871,41;R$ 947.556,65;R$ 997.428,06
Selecionada pelo gestor da aplicação;595.2.2109/2017;Qualificação Viária;SC;Morro da Fumaça;Caixa Econômica Federal;Prefeitura Municipal de Morro da Fumaça;Qualificação Viária do Prefeitura Municipal de Morro da Fumaça;R$ 259.715,91;R$ 4.934.602,11;R$ 5.194.318,02
Selecionada pelo gestor da aplicação;834.2.1610/2017;Qualificação Viária;SC;Santa Rosa do Sul;Caixa Econômica Federal;Prefeitura Municipal de Santa Rosa do Sul;Qualificação Viária do Prefeitura Municipal de Santa Rosa do Sul;R$ 249.937,50;R$ 4.748.812,50;R$ 4.998.750,00
Não enquadrada pelo Agente Financeiro;30.2.0208/2017;Qualificação Viária;MG;Cana Verde;Caixa Econômica Federal;Prefeitura Municipal de Cana Verde;Qualificação Viária do Prefeitura Municipal de Cana Verde;R$ 166.500,00;R$ 3.163.500,00;R$ 3.330.000,00
Pré-selecionada pelo Gestor da Aplicação;16.2.0108/2017;Qualificação Viária;SC;Concórdia;Banco Regional de Desenvolvimento do Extremo Sul – BRDE;Prefeitura Municipal de Concórdia;Qualificação Viária do Prefeitura Municipal de Concórdia;R$ 76.776,75;R$ 1.458.758,22;R$ 1.535.534,97
Selecionada pelo gestor da aplicação;835.2.1610/2017;Qualificação Viária;SC;Turvo;Caixa Econômica Federal;Prefeitura Municipal de Turvo;Qualificação Viária do Prefeitura Municipal de Turvo;R$ 249.030,00;R$ 4.731.570,00;R$ 4.980.600,00
Pré-selecionada pelo Gestor da Aplicação;21.3.0108/2017;Transporte Não Motorizado;SC;Mafra;Banco Regional de Desenvolvimento do Extremo Sul – BRDE;Prefeitura Municipal de Mafra;Transporte Não Motorizado do Prefeitura Municipal de Mafra;R$ 67.552,61;R$ 1.283.499,51;R$ 1.351.052,12
Não enquadrada pelo Agente Financeiro;46.2.0308/2017;Qualificação Viária;PR;Itambé;Banco Regional de Desenvolvimento do Extremo Sul – BRDE;Prefeitura Municipal de Itambé;Qualificação Viária do Prefeitura Municipal de Itambé;R$ 41.650,00;R$ 791.350,00;R$ 833.000,00
Em análise de enquadramento;870.24.2010/2017;Qualificação Viária;PR;Tuneiras do Oeste;Caixa Econômica Federal;Prefeitura Municipal de Tuneiras do Oeste;Qualificação Viária do Prefeitura Municipal de Tuneiras do Oeste;R$ 162.712,00;R$ 3.091.528,00;R$ 3.254.240,00
Em análise de enquadramento;324.2.2508/2017;Qualificação Viária;SC;Pomerode;Caixa Econômica Federal;Prefeitura Municipal de Pomerode;Qualificação Viária do Prefeitura Municipal de Pomerode;R$ 789.450,00;R$ 14.999.550,00;R$ 15.789.000,00
Devolvida ao Proponente;876.2.2310/2017;Qualificação Viária;SC;Dona Emma;Caixa Econômica Federal;Prefeitura Municipal de Dona Emma;Qualificação Viária do Prefeitura Municipal de Dona Emma;R$ 100.000,01;R$ 1.900.000,05;R$ 2.000.000,06
Não enquadrada pelo Agente Financeiro;56.2.0708/2017;Qualificação Viária;SP;Rio Grande da Serra;Caixa Econômica Federal;Prefeitura Municipal de Rio Grande da Serra;Qualificação Viária do Prefeitura Municipal de Rio Grande da Serra;R$ 742.267,40;R$ 14.103.080,53;R$ 14.845.347,93
Em análise de enquadramento;699.2.2909/2017;Qualificação Viária;PR;Assis Chateaubriand;Caixa Econômica Federal;Prefeitura Municipal de Assis Chateaubriand;Qualificação Viária do Prefeitura Municipal de Assis Chateaubriand;R$ 216.500,00;R$ 4.113.500,00;R$ 4.330.000,00
Pré-selecionada pelo Gestor da Aplicação;82.2.0908/2017;Qualificação Viária;SC;Navegantes;Caixa Econômica Federal;Prefeitura Municipal de Navegantes;Qualificação Viária do Prefeitura Municipal de Navegantes;R$ 832.532,55;R$ 15.818.118,42;R$ 16.650.650,97
Selecionada pelo gestor da aplicação;1549.2.1601/2018;Qualificação Viária;SC;Balneário Arroio do Silva;Caixa Econômica Federal;Prefeitura Municipal de Balneário Arroio do Silva;Qualificação Viária do Prefeitura Municipal de Balneário Arroio do Silva;R$ 255.000,00;R$ 4.745.000,00;R$ 5.000.000,00
Enquadrada pelo Agente Financeiro;138.2.1608/2017;Qualificação Viária;RO;Vilhena;Caixa Econômica Federal;Prefeitura Municipal de Vilhena;Qualificação Viária do Prefeitura Municipal de Vilhena;R$ 1.000.000,00;R$ 19.000.000,00;R$ 20.000.000,00
Não enquadrada pelo Agente Financeiro;50.24.0408/2017;Qualificação Viária;RS;São Martinho da Serra;Banco Regional de Desenvolvimento do Extremo Sul – BRDE;Prefeitura Municipal de São Martinho da Serra;Qualificação Viária do Prefeitura Municipal de São Martinho da Serra;R$ 73.750,00;R$ 1.401.250,00;R$ 1.475.000,00
Selecionada pelo gestor da aplicação;697.3.2909/2017;Transporte Não Motorizado;PR;Coronel Vivida;Caixa Econômica Federal;Prefeitura Municipal de Coronel Vivida;Transporte Não Motorizado do Prefeitura Municipal de Coronel Vivida;R$ 150.000,00;R$ 2.850.000,00;R$ 3.000.000,00
Devolvida ao Proponente;829.2.1310/2017;Qualificação Viária;SE;Itaporanga d'Ajuda;Caixa Econômica Federal;Prefeitura Municipal de Itaporanga d'Ajuda;Qualificação Viária do Prefeitura Municipal de Itaporanga d'Ajuda;R$ 239.500,00;R$ 4.550.500,00;R$ 4.790.000,00
Devolvida ao Proponente;14.2.0108/2017;Qualificação Viária;BA;Boa Vista do Tupim;Caixa Econômica Federal;Prefeitura Municipal de Boa Vista do Tupim;Qualificação Viária do Prefeitura Municipal de Boa Vista do Tupim;R$ 25.000,00;R$ 475.000,00;R$ 500.000,00
Pré-selecionada pelo Gestor da Aplicação;848.24.1710/2017;Qualificação Viária;PR;Rolândia;Caixa Econômica Federal;Prefeitura Municipal de Rolândia;Qualificação Viária do Prefeitura Municipal de Rolândia;R$ 354.219,00;R$ 6.730.161,00;R$ 7.084.380,00
Pré-selecionada pelo Gestor da Aplicação;49.24.0408/2017;Qualificação Viária;SC;São Miguel do Oeste;Caixa Econômica Federal;Prefeitura Municipal de São Miguel do Oeste;Qualificação Viária do Prefeitura Municipal de São Miguel do Oeste;R$ 750.000,00;R$ 14.250.000,00;R$ 15.000.000,00
Pré-selecionada pelo Gestor da Aplicação;725.3.0310/2017;Transporte Não Motorizado;SC;Sul Brasil;Caixa Econômica Federal;Prefeitura Municipal de Sul Brasil;Transporte Não Motorizado do Prefeitura Municipal de Sul Brasil;R$ 79.750,00;R$ 1.515.250,00;R$ 1.595.000,00
Não enquadrada pelo Agente Financeiro;236.2.2408/2017;Qualificação Viária;PR;Paranavaí;Caixa Econômica Federal;Prefeitura Municipal de Paranavaí;Qualificação Viária do Prefeitura Municipal de Paranavaí;R$ 96.034,02;R$ 1.824.646,32;R$ 1.920.680,34
Em análise de enquadramento;317.2.2508/2017;Qualificação Viária;PR;Sarandi;Caixa Econômica Federal;Prefeitura Municipal de Sarandi;Qualificação Viária do Prefeitura Municipal de Sarandi;R$ 156.203,16;R$ 2.967.860,01;R$ 3.124.063,17
Não enquadrada pelo Agente Financeiro;104.2.1108/2017;Qualificação Viária;PE;São José do Belmonte;Caixa Econômica Federal;Prefeitura Municipal de São José do Belmonte;Qualificação Viária do Prefeitura Municipal de São José do Belmonte;R$ 151.382,00;R$ 2.876.258,00;R$ 3.027.640,00
Pré-selecionada pelo Gestor da Aplicação;35.2.0208/2017;Qualificação Viária;SC;Curitibanos;Caixa Econômica Federal;Prefeitura Municipal de Curitibanos;Qualificação Viária do Prefeitura Municipal de Curitibanos;R$ 631.557,00;R$ 11.999.583,00;R$ 12.631.140,00
Pré-selecionada pelo Gestor da Aplicação;341.2.2508/2017;Qualificação Viária;TO;Babaçulândia;Caixa Econômica Federal;Prefeitura Municipal de Babaçulândia;Qualificação Viária do Prefeitura Municipal de Babaçulândia;R$ 249.963,97;R$ 4.749.315,25;R$ 4.999.279,22
Pré-selecionada pelo Gestor da Aplicação;60.2.0708/2017;Qualificação Viária;SC;Itajaí;Caixa Econômica Federal;Prefeitura Municipal de Itajaí;Qualificação Viária do Prefeitura Municipal de Itajaí;R$ 375.008,20;R$ 7.125.155,76;R$ 7.500.163,96
Pré-selecionada pelo Gestor da Aplicação;59.2.0708/2017;Qualificação Viária;SC;Itajaí;Caixa Econômica Federal;Prefeitura Municipal de Itajaí;Qualificação Viária do Prefeitura Municipal de Itajaí;R$ 69.546,63;R$ 1.321.385,79;R$ 1.390.932,42
Não enquadrada pelo Agente Financeiro;1068.2.1411/2017;Qualificação Viária;SP;Rio Claro;Caixa Econômica Federal;Prefeitura Municipal de Rio Claro;Qualificação Viária do Prefeitura Municipal de Rio Claro;R$ 493.730,42;R$ 9.380.877,80;R$ 9.874.608,22
Em análise de enquadramento;52.2.0408/2017;Qualificação Viária;MG;Três Corações;Caixa Econômica Federal;Prefeitura Municipal de Três Corações;Qualificação Viária do Prefeitura Municipal de Três Corações;R$ 205.000,00;R$ 3.895.000,00;R$ 4.100.000,00
Não enquadrada pelo Agente Financeiro;54.2.0708/2017;Qualificação Viária;PB;Passagem;Banco do Brasil;Prefeitura Municipal de Passagem;Qualificação Viária do Prefeitura Municipal de Passagem;R$ 45.000,00;R$ 855.000,00;R$ 900.000,00
Não enquadrada pelo Agente Financeiro;55.2.0708/2017;Qualificação Viária;PB;Água Branca;Banco do Brasil;Prefeitura Municipal de Água Branca;Qualificação Viária do Prefeitura Municipal de Água Branca;R$ 25.500,00;R$ 484.500,00;R$ 510.000,00
Em análise de enquadramento;90.24.1008/2017;Qualificação Viária;PE;São José do Belmonte;Bradesco;Prefeitura Municipal de São José do Belmonte;Qualificação Viária do Prefeitura Municipal de São José do Belmonte;R$ 157.500,00;R$ 2.992.500,00;R$ 3.150.000,00
Não enquadrada pelo Agente Financeiro;74.3.0808/2017;Transporte Não Motorizado;SP;Araçatuba;Caixa Econômica Federal;Prefeitura Municipal de Araçatuba;Transporte Não Motorizado do Prefeitura Municipal de Araçatuba;R$ 367.249,29;R$ 6.977.736,32;R$ 7.344.985,61
Devolvida ao Proponente;712.2.0210/2017;Qualificação Viária;PR;Cantagalo;Caixa Econômica Federal;Prefeitura Municipal de Cantagalo;Qualificação Viária do Prefeitura Municipal de Cantagalo;R$ 181.312,81;R$ 3.444.943,38;R$ 3.626.256,19
Não enquadrada pelo Agente Financeiro;256.2.2408/2017;Qualificação Viária;SP;São Sebastião;Caixa Econômica Federal;Prefeitura Municipal de São Sebastião;Qualificação Viária do Prefeitura Municipal de São Sebastião;R$ 999.561,09;R$ 18.991.660,70;R$ 19.991.221,79
Pré-selecionada pelo Gestor da Aplicação;1238.2.0712/2017;Qualificação Viária;SC;São Bento do Sul;Caixa Econômica Federal;Prefeitura Municipal de São Bento do Sul;Qualificação Viária do Prefeitura Municipal de São Bento do Sul;R$ 505.958,50;R$ 9.613.211,44;R$ 10.119.169,94
Não enquadrada pelo Agente Financeiro;117.2.1408/2017;Qualificação Viária;SP;Itápolis;Caixa Econômica Federal;Prefeitura Municipal de Itápolis;Qualificação Viária do Prefeitura Municipal de Itápolis;R$ 240.249,00;R$ 4.564.730,81;R$ 4.804.979,81
Não enquadrada pelo Agente Financeiro;370.2.2808/2017;Qualificação Viária;MS;Ivinhema;Caixa Econômica Federal;Prefeitura Municipal de Ivinhema;Qualificação Viária do Prefeitura Municipal de Ivinhema;R$ 210.067,43;R$ 3.991.281,07;R$ 4.201.348,50
Não enquadrada pelo Agente Financeiro;204.24.2308/2017;Qualificação Viária;SE;Itaporanga d'Ajuda;Caixa Econômica Federal;Prefeitura Municipal de Itaporanga d'Ajuda;Qualificação Viária do Prefeitura Municipal de Itaporanga d'Ajuda;R$ 301.500,00;R$ 5.728.500,00;R$ 6.030.000,00
Não enquadrada pelo Agente Financeiro;285.2.2508/2017;Qualificação Viária;TO;Ponte Alta do Bom Jesus;Caixa Econômica Federal;Prefeitura Municipal de Ponte Alta do Bom Jesus;Qualificação Viária do Prefeitura Municipal de Ponte Alta do Bom Jesus;R$ 211.275,00;R$ 4.014.225,00;R$ 4.225.500,00
Não enquadrada pelo Agente Financeiro;597.2.2109/2017;Qualificação Viária;PE;Jatobá;Caixa Econômica Federal;Prefeitura Municipal de Jatobá;Qualificação Viária do Prefeitura Municipal de Jatobá;R$ 185.500,00;R$ 3.523.586,53;R$ 3.709.086,53
Não enquadrada pelo Agente Financeiro;369.2.2808/2017;Qualificação Viária;MS;Ivinhema;Caixa Econômica Federal;Prefeitura Municipal de Ivinhema;Qualificação Viária do Prefeitura Municipal de Ivinhema;R$ 330.540,00;R$ 6.280.259,93;R$ 6.610.799,93
Em análise de enquadramento;336.24.2508/2017;Qualificação Viária;PA;Nova Esperança do Piriá;Caixa Econômica Federal;Prefeitura Municipal de Nova Esperança do Piriá;Qualificação Viária do Prefeitura Municipal de Nova Esperança do Piriá;R$ 185.365,89;R$ 3.521.951,84;R$ 3.707.317,73
Não enquadrada pelo Agente Financeiro;563.2.1909/2017;Qualificação Viária;RS;Ametista do Sul;Caixa Econômica Federal;Prefeitura Municipal de Ametista do Sul;Qualificação Viária do Prefeitura Municipal de Ametista do Sul;R$ 75.151,66;R$ 1.427.881,47;R$ 1.503.033,13
Não enquadrada pelo Agente Financeiro;303.2.2508/2017;Qualificação Viária;MS;Deodápolis;Caixa Econômica Federal;Prefeitura Municipal de Deodápolis;Qualificação Viária do Prefeitura Municipal de Deodápolis;R$ 250.000,00;R$ 4.750.000,00;R$ 5.000.000,00
Em análise de enquadramento;332.2.2508/2017;Qualificação Viária;PR;Sarandi;Caixa Econômica Federal;Prefeitura Municipal de Sarandi;Qualificação Viária do Prefeitura Municipal de Sarandi;R$ 369.674,91;R$ 7.023.823,19;R$ 7.393.498,10
Pré-selecionada pelo Gestor da Aplicação;311.2.2508/2017;Qualificação Viária;SC;Mafra;Banco Regional de Desenvolvimento do Extremo Sul – BRDE;Prefeitura Municipal de Mafra;Qualificação Viária do Prefeitura Municipal de Mafra;R$ 132.252,36;R$ 2.512.794,80;R$ 2.645.047,16
Em análise de enquadramento;610.2.2209/2017;Qualificação Viária;RS;São Marcos;Caixa Econômica Federal;Prefeitura Municipal de São Marcos;Qualificação Viária do Prefeitura Municipal de São Marcos;R$ 303.162,80;R$ 5.760.093,16;R$ 6.063.255,96
Em análise de enquadramento;802.2.1010/2017;Qualificação Viária;PR;Florestópolis;Caixa Econômica Federal;Prefeitura Municipal de Florestópolis;Qualificação Viária do Prefeitura Municipal de Florestópolis;R$ 46.500,00;R$ 883.500,00;R$ 930.000,00
Em análise de enquadramento;566.2.1909/2017;Qualificação Viária;CE;Massapê;Caixa Econômica Federal;Prefeitura Municipal de Massapê;Qualificação Viária do Prefeitura Municipal de Massapê;R$ 234.136,02;R$ 4.448.584,36;R$ 4.682.720,38
Em análise de enquadramento;176.2.2108/2017;Qualificação Viária;PR;Coronel Domingos Soares;Caixa Econômica Federal;Prefeitura Municipal de Coronel Domingos Soares;Qualificação Viária do Prefeitura Municipal de Coronel Domingos Soares;R$ 250.000,00;R$ 4.750.000,00;R$ 5.000.000,00
Não enquadrada pelo Agente Financeiro;525.2.1509/2017;Qualificação Viária;PE;Quipapá;Caixa Econômica Federal;Prefeitura Municipal de Quipapá;Qualificação Viária do Prefeitura Municipal de Quipapá;R$ 208.173,28;R$ 3.955.292,16;R$ 4.163.465,44
Selecionada pelo gestor da aplicação;871.2.2010/2017;Qualificação Viária;PR;Rebouças;Caixa Econômica Federal;Prefeitura Municipal de Rebouças;Qualificação Viária do Prefeitura Municipal de Rebouças;R$ 207.500,00;R$ 3.942.500,00;R$ 4.150.000,00
Selecionada pelo gestor da aplicação;439.2.0109/2017;Qualificação Viária;RS;Santo Antônio do Planalto;Banco Regional de Desenvolvimento do Extremo Sul – BRDE;Prefeitura Municipal de Santo Antônio do Planalto;Qualificação Viária do Prefeitura Municipal de Santo Antônio do Planalto;R$ 139.931,14;R$ 2.658.691,53;R$ 2.798.622,67
Em análise de enquadramento;694.2.2909/2017;Qualificação Viária;RS;Vale do Sol;Caixa Econômica Federal;Município de Vale do Sol;Qualificação Viária do Município de Vale do Sol;R$ 187.500,00;R$ 3.562.500,00;R$ 3.750.000,00
Selecionada pelo gestor da aplicação;893.2.2410/2017;Qualificação Viária;RS;Alto Feliz;Caixa Econômica Federal;Prefeitura Municipal de Alto Feliz;Qualificação Viária do Prefeitura Municipal de Alto Feliz;R$ 176.145,70;R$ 3.346.768,18;R$ 3.522.913,88
Não enquadrada pelo Agente Financeiro;742.2.0410/2017;Qualificação Viária;PR;Fênix;Caixa Econômica Federal;Prefeitura Municipal de Fênix;Qualificação Viária do Prefeitura Municipal de Fênix;R$ 42.243,00;R$ 802.617,00;R$ 844.860,00
Selecionada pelo gestor da aplicação;372.2.2808/2017;Qualificação Viária;RS;Brochier;Caixa Econômica Federal;Prefeitura Municipal de Brochier;Qualificação Viária do Prefeitura Municipal de Brochier;R$ 176.522,50;R$ 3.353.927,50;R$ 3.530.450,00
Não enquadrada pelo Agente Financeiro;280.2.2508/2017;Qualificação Viária;MA;Monção;Banco do Brasil;Prefeitura Municipal de Monção;Qualificação Viária do Prefeitura Municipal de Monção;R$ 736.063,83;R$ 13.985.212,72;R$ 14.721.276,55
Não enquadrada pelo Agente Financeiro;1362.2.2012/2017;Qualificação Viária;CE;Graça;Caixa Econômica Federal;Prefeitura Municipal de Graça;Qualificação Viária do Prefeitura Municipal de Graça;R$ 227.592,08;R$ 4.324.249,51;R$ 4.551.841,59
Em análise de enquadramento;554.25.1809/2017;Qualificação Viária;MG;Pouso Alegre;Caixa Econômica Federal;Prefeitura Municipal de Pouso Alegre;Qualificação Viária do Prefeitura Municipal de Pouso Alegre;R$ 2.992.985,02;R$ 30.000.000,00;R$ 32.992.985,02
Pré-selecionada pelo Gestor da Aplicação;427.2.3108/2017;Qualificação Viária;SC;Palmitos;Caixa Econômica Federal;Município de Palmitos;Qualificação Viária do Município de Palmitos;R$ 199.945,00;R$ 3.798.954,92;R$ 3.998.899,92
Não enquadrada pelo Agente Financeiro;1070.2.1411/2017;Qualificação Viária;SP;Rio Claro;Caixa Econômica Federal;Prefeitura Municipal de Rio Claro;Qualificação Viária do Prefeitura Municipal de Rio Claro;R$ 85.667,45;R$ 1.627.681,51;R$ 1.713.348,96
Selecionada pelo gestor da aplicação;31.2.0208/2017;Qualificação Viária;SC;Rio Negrinho;Caixa Econômica Federal;Prefeitura Municipal de Rio Negrinho;Qualificação Viária do Prefeitura Municipal de Rio Negrinho;R$ 349.556,40;R$ 6.641.571,60;R$ 6.991.128,00
Não enquadrada pelo Agente Financeiro;579.2.2009/2017;Qualificação Viária;SC;Barra Velha;Caixa Econômica Federal;Prefeitura Municipal de Barra Velha;Qualificação Viária do Prefeitura Municipal de Barra Velha;R$ 423.393,00;R$ 8.044.467,00;R$ 8.467.860,00
Em análise de enquadramento;534.245.1509/2017;Qualificação Viária;MG;Poços de Caldas;Caixa Econômica Federal;Prefeitura Municipal de Poços de Caldas;Qualificação Viária do Prefeitura Municipal de Poços de Caldas;R$ 1.416.993,30;R$ 26.922.872,67;R$ 28.339.865,97
Pré-selecionada pelo Gestor da Aplicação;476.2.0809/2017;Qualificação Viária;SC;Bela Vista do Toldo;Caixa Econômica Federal;Prefeitura Municipal de Bela Vista do Toldo;Qualificação Viária do Prefeitura Municipal de Bela Vista do Toldo;R$ 131.965,78;R$ 2.507.349,72;R$ 2.639.315,50
Devolvida ao Proponente;607.2.2209/2017;Qualificação Viária;SE;Japaratuba;Caixa Econômica Federal;Prefeitura Municipal de Japaratuba;Qualificação Viária do Prefeitura Municipal de Japaratuba;R$ 40.000,00;R$ 760.000,00;R$ 800.000,00
Selecionada pelo gestor da aplicação;32.2.0208/2017;Qualificação Viária;SC;Rio Negrinho;Caixa Econômica Federal;Prefeitura Municipal de Rio Negrinho;Qualificação Viária do Prefeitura Municipal de Rio Negrinho;R$ 72.130,50;R$ 1.370.479,50;R$ 1.442.610,00
Pré-selecionada pelo Gestor da Aplicação;839.3.1610/2017;Transporte Não Motorizado;SC;Serra Alta;Agência de Fomento de Santa Catarina - Badesc;Prefeitura Municipal de Serra Alta;Transporte Não Motorizado do Prefeitura Municipal de Serra Alta;R$ 38.800,00;R$ 737.200,00;R$ 776.000,00
Em análise de enquadramento;438.24.0109/2017;Qualificação Viária;RS;Taquari;Caixa Econômica Federal;Prefeitura Municipal de Taquari;Qualificação Viária do Prefeitura Municipal de Taquari;R$ 266.295,29;R$ 5.059.610,41;R$ 5.325.905,70
Pré-selecionada pelo Gestor da Aplicação;444.2.0409/2017;Qualificação Viária;SC;Urupema;Caixa Econômica Federal;Prefeitura Municipal de Urupema;Qualificação Viária do Prefeitura Municipal de Urupema;R$ 119.078,84;R$ 2.262.497,89;R$ 2.381.576,73
Não enquadrada pelo Agente Financeiro;492.24.1109/2017;Qualificação Viária;MS;Amambai;Caixa Econômica Federal;Prefeitura Municipal de Amambai;Qualificação Viária do Prefeitura Municipal de Amambai;R$ 749.998,29;R$ 14.249.967,38;R$ 14.999.965,67
Não enquadrada pelo Agente Financeiro;440.2.0209/2017;Qualificação Viária;MA;Caxias;Caixa Econômica Federal;Prefeitura Municipal de Caxias;Qualificação Viária do Prefeitura Municipal de Caxias;R$ 707.500,00;R$ 13.442.500,00;R$ 14.150.000,00
Não enquadrada pelo Agente Financeiro;844.2.1710/2017;Qualificação Viária;GO;Itaberaí;Caixa Econômica Federal;Prefeitura Municipal de Itaberaí;Qualificação Viária do Prefeitura Municipal de Itaberaí;R$ 749.450,47;R$ 12.378.339,43;R$ 13.127.789,90
Em análise de enquadramento;710.3.0210/2017;Transporte Não Motorizado;SC;Doutor Pedrinho;Caixa Econômica Federal;Prefeitura Municipal de Doutor Pedrinho;Transporte Não Motorizado do Prefeitura Municipal de Doutor Pedrinho;R$ 194.981,10;R$ 3.704.640,73;R$ 3.899.621,83
Não enquadrada pelo Agente Financeiro;1449.2.2912/2017;Qualificação Viária;RS;Tavares;Caixa Econômica Federal;Prefeitura Municipal de Tavares;Qualificação Viária do Prefeitura Municipal de Tavares;R$ 89.550,00;R$ 1.701.450,00;R$ 1.791.000,00
Não enquadrada pelo Agente Financeiro;538.24.1609/2017;Qualificação Viária;MA;Timon;Caixa Econômica Federal;Prefeitura Municipal de Timon;Qualificação Viária do Prefeitura Municipal de Timon;R$ 1.542.617,45;R$ 28.411.959,76;R$ 29.954.577,21
Não enquadrada pelo Agente Financeiro;584.2.2109/2017;Qualificação Viária;PE;Mirandiba;Caixa Econômica Federal;Prefeitura Municipal de Mirandiba;Qualificação Viária do Prefeitura Municipal de Mirandiba;R$ 242.500,00;R$ 4.607.500,00;R$ 4.850.000,00
Em análise de enquadramento;486.2.1109/2017;Qualificação Viária;CE;Pacatuba;Caixa Econômica Federal;Prefeitura Municipal de Pacatuba;Qualificação Viária do Prefeitura Municipal de Pacatuba;R$ 447.243,25;R$ 8.497.621,74;R$ 8.944.864,99
Não enquadrada pelo Agente Financeiro;468.2.0609/2017;Qualificação Viária;CE;Aracati;Banco do Brasil;Prefeitura Municipal de Aracati;Qualificação Viária do Prefeitura Municipal de Aracati;R$ 983.506,50;R$ 18.686.623,50;R$ 19.670.130,00
Em análise de enquadramento;446.3.0409/2017;Transporte Não Motorizado;PR;Coronel Vivida;Caixa Econômica Federal;Prefeitura Municipal de Coronel Vivida;Transporte Não Motorizado do Prefeitura Municipal de Coronel Vivida;R$ 150.000,00;R$ 2.850.000,00;R$ 3.000.000,00
Não enquadrada pelo Agente Financeiro;388.2.2808/2017;Qualificação Viária;PE;Venturosa;Caixa Econômica Federal;Prefeitura Municipal de Venturosa;Qualificação Viária do Prefeitura Municipal de Venturosa;R$ 191.905,95;R$ 3.646.212,88;R$ 3.838.118,83
Em análise de enquadramento;801.2.1010/2017;Qualificação Viária;PR;Florestópolis;Caixa Econômica Federal;Prefeitura Municipal de Florestópolis;Qualificação Viária do Prefeitura Municipal de Florestópolis;R$ 47.000,00;R$ 893.000,00;R$ 940.000,00
Selecionada pelo gestor da aplicação;558.2.1909/2017;Qualificação Viária;PR;Pitanga;Caixa Econômica Federal;Prefeitura Municipal de Pitanga;Qualificação Viária do Prefeitura Municipal de Pitanga;R$ 131.006,62;R$ 2.489.125,70;R$ 2.620.132,32
Pré-selecionada pelo Gestor da Aplicação;421.2.3108/2017;Qualificação Viária;SC;Faxinal dos Guedes;Caixa Econômica Federal;Prefeitura Municipal de Faxinal dos Guedes;Qualificação Viária do Prefeitura Municipal de Faxinal dos Guedes;R$ 37.487,43;R$ 712.260,97;R$ 749.748,40
Selecionada pelo gestor da aplicação;855.2.1810/2017;Qualificação Viária;SC;Morro Grande;Caixa Econômica Federal;Prefeitura Municipal de Morro Grande;Qualificação Viária do Prefeitura Municipal de Morro Grande;R$ 115.345,24;R$ 2.191.559,47;R$ 2.306.904,71
Em análise pelo administrador do Agente Financeiro;68.2.0808/2017;Qualificação Viária;PR;Apucarana;Caixa Econômica Federal;Prefeitura Municipal de Apucarana;Qualificação Viária do Prefeitura Municipal de Apucarana;R$ 56.800,00;R$ 1.079.200,00;R$ 1.136.000,00
Selecionada pelo gestor da aplicação;533.2.1509/2017;Qualificação Viária;SC;Monte Castelo;Caixa Econômica Federal;Prefeitura Municipal de Monte Castelo;Qualificação Viária do Prefeitura Municipal de Monte Castelo;R$ 92.250,27;R$ 1.516.313,75;R$ 1.608.564,02
Não enquadrada pelo Agente Financeiro;620.2.2209/2017;Qualificação Viária;SC;Bombinhas;Caixa Econômica Federal;Prefeitura Municipal de Bombinhas;Qualificação Viária do Prefeitura Municipal de Bombinhas;R$ 1.095.018,61;R$ 5.000.000,00;R$ 6.095.018,61
Em análise de enquadramento;447.2.0409/2017;Qualificação Viária;PB;Lastro;Caixa Econômica Federal;Prefeitura Municipal de Lastro;Qualificação Viária do Prefeitura Municipal de Lastro;R$ 50.250,00;R$ 954.750,00;R$ 1.005.000,00
Em análise de enquadramento;797.2.0910/2017;Qualificação Viária;CE;Tianguá;Caixa Econômica Federal;Prefeitura Municipal de Tianguá;Qualificação Viária do Prefeitura Municipal de Tianguá;R$ 806.110,75;R$ 15.316.104,25;R$ 16.122.215,00
Em análise de enquadramento;503.2.1209/2017;Qualificação Viária;SP;Itupeva;Caixa Econômica Federal;Prefeitura Municipal de Itupeva;Qualificação Viária do Prefeitura Municipal de Itupeva;R$ 184.900,00;R$ 3.513.100,00;R$ 3.698.000,00
Selecionada pelo gestor da aplicação;826.2.1310/2017;Qualificação Viária;RS;Jaguari;Caixa Econômica Federal;Prefeitura Municipal de Jaguari;Qualificação Viária do Prefeitura Municipal de Jaguari;R$ 212.050,00;R$ 4.028.950,00;R$ 4.241.000,00
Pré-selecionada pelo Gestor da Aplicação;87.2.1008/2017;Qualificação Viária;PR;Apucarana;Caixa Econômica Federal;Prefeitura Municipal de Apucarana;Qualificação Viária do Prefeitura Municipal de Apucarana;R$ 60.000,00;R$ 1.140.000,00;R$ 1.200.000,00
Não enquadrada pelo Agente Financeiro;272.2.2508/2017;Qualificação Viária;RS;Salvador do Sul;Caixa Econômica Federal;Prefeitura Municipal de Salvador do Sul;Qualificação Viária do Prefeitura Municipal de Salvador do Sul;R$ 84.525,00;R$ 1.605.975,00;R$ 1.690.500,00
Não enquadrada pelo Agente Financeiro;629.2.2509/2017;Qualificação Viária;MG;Itaúna;Caixa Econômica Federal;Prefeitura Municipal de Itaúna;Qualificação Viária do Prefeitura Municipal de Itaúna;R$ 649.817,47;R$ 12.346.531,88;R$ 12.996.349,35
Não enquadrada pelo Agente Financeiro;625.2.2509/2017;Qualificação Viária;SC;Dionísio Cerqueira;Caixa Econômica Federal;Prefeitura Municipal de Dionísio Cerqueira;Qualificação Viária do Prefeitura Municipal de Dionísio Cerqueira;R$ 250.000,00;R$ 4.750.000,00;R$ 5.000.000,00
Não enquadrada pelo Agente Financeiro;395.2.2908/2017;Qualificação Viária;SP;Presidente Epitácio;Caixa Econômica Federal;Prefeitura Municipal de Presidente Epitácio;Qualificação Viária do Prefeitura Municipal de Presidente Epitácio;R$ 176.950,00;R$ 3.362.050,00;R$ 3.539.000,00
Pré-selecionada pelo Gestor da Aplicação;420.24.3008/2017;Qualificação Viária;SP;Rio das Pedras;Caixa Econômica Federal;Prefeitura Municipal de Rio das Pedras;Qualificação Viária do Prefeitura Municipal de Rio das Pedras;R$ 258.500,00;R$ 4.911.500,00;R$ 5.170.000,00
Em análise de enquadramento;156.2.1808/2017;Qualificação Viária;PR;Andirá;Caixa Econômica Federal;Prefeitura Municipal de Andirá;Qualificação Viária do Prefeitura Municipal de Andirá;R$ 79.091,88;R$ 1.502.745,54;R$ 1.581.837,42
Em análise de enquadramento;590.2.2109/2017;Qualificação Viária;RS;Vitória das Missões;Caixa Econômica Federal;Prefeitura Municipal de Vitória das Missões;Qualificação Viária do Prefeitura Municipal de Vitória das Missões;R$ 161.800,00;R$ 3.074.200,00;R$ 3.236.000,00
Em análise de enquadramento;565.2.1909/2017;Qualificação Viária;GO;Mineiros;Caixa Econômica Federal;Prefeitura Municipal de Mineiros;Qualificação Viária do Prefeitura Municipal de Mineiros;R$ 653.142,61;R$ 12.409.709,45;R$ 13.062.852,06
Selecionada pelo gestor da aplicação;71.2.0808/2017;Qualificação Viária;PR;Apucarana;Caixa Econômica Federal;Prefeitura Municipal de Apucarana;Qualificação Viária do Prefeitura Municipal de Apucarana;R$ 83.000,00;R$ 1.577.000,00;R$ 1.660.000,00
Não enquadrada pelo Agente Financeiro;735.2.0410/2017;Qualificação Viária;MS;Guia Lopes da Laguna;Caixa Econômica Federal;Prefeitura  Municipal de Guia Lopes da Laguna;Qualificação Viária do Prefeitura  Municipal de Guia Lopes da Laguna;R$ 51.889,90;R$ 985.908,00;R$ 1.037.797,90
Não enquadrada pelo Agente Financeiro;455.24.0509/2017;Qualificação Viária;MS;Dourados;Caixa Econômica Federal;Prefeitura Municipal de Dourados;Qualificação Viária do Prefeitura Municipal de Dourados;R$ 1.500.000,00;R$ 28.500.000,00;R$ 30.000.000,00
Não enquadrada pelo Agente Financeiro;451.25.0409/2017;Qualificação Viária;SP;Araras;Caixa Econômica Federal;Prefeitura Municipal de Araras;Qualificação Viária do Prefeitura Municipal de Araras;R$ 403.750,00;R$ 7.671.250,00;R$ 8.075.000,00
Em análise de enquadramento;719.2.0210/2017;Qualificação Viária;PR;São Miguel do Iguaçu;Caixa Econômica Federal;Prefeitura Municipal de São Miguel do Iguaçu;Qualificação Viária do Prefeitura Municipal de São Miguel do Iguaçu;R$ 123.090,00;R$ 2.338.710,00;R$ 2.461.800,00
Selecionada pelo gestor da aplicação;69.2.0808/2017;Qualificação Viária;PR;Apucarana;Caixa Econômica Federal;Prefeitura Municipal de Apucarana;Qualificação Viária do Prefeitura Municipal de Apucarana;R$ 118.750,00;R$ 2.256.250,00;R$ 2.375.000,00
Selecionada pelo gestor da aplicação;133.24.1608/2017;Qualificação Viária;SP;Mogi Guaçu;Caixa Econômica Federal;Prefeitura Municipal de Mogi Guaçu;Qualificação Viária do Prefeitura Municipal de Mogi Guaçu;R$ 1.479.554,59;R$ 28.111.537,10;R$ 29.591.091,69
Pré-selecionada pelo Gestor da Aplicação;410.24.3008/2017;Qualificação Viária;MS;Dois Irmãos do Buriti;Caixa Econômica Federal;Prefeitura Municipal de Dois Irmãos do Buriti;Qualificação Viária do Prefeitura Municipal de Dois Irmãos do Buriti;R$ 183.290,41;R$ 3.482.517,69;R$ 3.665.808,10
Em análise de enquadramento;664.24.2709/2017;Qualificação Viária;MG;São José da Lapa;Banco de Desenvolvimento de Minas Gerais – BDMG;Prefeitura Municipal de São José da Lapa;Qualificação Viária do Prefeitura Municipal de São José da Lapa;R$ 656.032,56;R$ 12.464.618,54;R$ 13.120.651,10
Em análise de enquadramento;747.2.0510/2017;Qualificação Viária;CE;Pacatuba;Caixa Econômica Federal;Prefeitura Municipal de Pacatuba;Qualificação Viária do Prefeitura Municipal de Pacatuba;R$ 365.075,85;R$ 6.936.441,10;R$ 7.301.516,95
Em análise de enquadramento;846.2.1710/2017;Qualificação Viária;SP;Cubatão;Caixa Econômica Federal;Prefeitura Municipal de Cubatão;Qualificação Viária do Prefeitura Municipal de Cubatão;R$ 1.317.165,40;R$ 25.026.142,40;R$ 26.343.307,80
Selecionada pelo gestor da aplicação;773.2.0610/2017;Qualificação Viária;RS;Estrela;Banco Regional de Desenvolvimento do Extremo Sul – BRDE;Prefeitura Municipal de Estrela;Qualificação Viária do Prefeitura Municipal de Estrela;R$ 516.699,63;R$ 9.817.292,78;R$ 10.333.992,41
Pré-selecionada pelo Gestor da Aplicação;630.2.2509/2017;Qualificação Viária;SC;Itapema;Caixa Econômica Federal;Prefeitura Municipal de Itapema;Qualificação Viária do Prefeitura Municipal de Itapema;R$ 209.509,93;R$ 3.980.688,58;R$ 4.190.198,51
Pré-selecionada pelo Gestor da Aplicação;948.2.3010/2017;Qualificação Viária;SC;Maravilha;Caixa Econômica Federal;Prefeitura Municipal de Maravilha;Qualificação Viária do Prefeitura Municipal de Maravilha;R$ 500.000,00;R$ 9.500.000,00;R$ 10.000.000,00
Não enquadrada pelo Agente Financeiro;728.2.0310/2017;Qualificação Viária;BA;Coronel João Sá;Caixa Econômica Federal;Prefeitura Municipal de Coronel João Sá;Qualificação Viária do Prefeitura Municipal de Coronel João Sá;R$ 245.742,20;R$ 4.669.081,88;R$ 4.914.824,08
Pré-selecionada pelo Gestor da Aplicação;211.3.2308/2017;Transporte Não Motorizado;SC;Guaramirim;Caixa Econômica Federal;Prefeitura Municipal de Guaramirim;Transporte Não Motorizado do Prefeitura Municipal de Guaramirim;R$ 90.000,00;R$ 1.707.142,00;R$ 1.797.142,00
Em análise de enquadramento;599.2.2109/2017;Qualificação Viária;MG;Serro;Caixa Econômica Federal;Prefeitura Municipal de Serro;Qualificação Viária do Prefeitura Municipal de Serro;R$ 237.104,96;R$ 4.504.994,08;R$ 4.742.099,04
Em análise de enquadramento;658.25.2709/2017;Qualificação Viária;SP;Santa Bárbara d'Oeste;Caixa Econômica Federal;Prefeitura Municipal de Santa Bárbara d'Oeste;Qualificação Viária do Prefeitura Municipal de Santa Bárbara d'Oeste;R$ 113.000,00;R$ 2.147.000,00;R$ 2.260.000,00
Pré-selecionada pelo Gestor da Aplicação;751.2.0510/2017;Qualificação Viária;PR;Medianeira;Caixa Econômica Federal;Prefeitura Municipal de Medianeira;Qualificação Viária do Prefeitura Municipal de Medianeira;R$ 170.000,00;R$ 3.230.000,00;R$ 3.400.000,00
Não enquadrada pelo Agente Financeiro;732.2.0410/2017;Qualificação Viária;PR;Araucária;Caixa Econômica Federal;Prefeitura Municipal de Araucária;Qualificação Viária do Prefeitura Municipal de Araucária;R$ 462.531,14;R$ 8.788.091,47;R$ 9.250.622,61
Não enquadrada pelo Agente Financeiro;293.2.2508/2017;Qualificação Viária;RS;Pareci Novo;Caixa Econômica Federal;Prefeitura Municipal de Pareci Novo;Qualificação Viária do Prefeitura Municipal de Pareci Novo;R$ 195.600,00;R$ 3.716.400,00;R$ 3.912.000,00
Não enquadrada pelo Agente Financeiro;636.2.2609/2017;Qualificação Viária;RS;Planalto;Caixa Econômica Federal;Prefeitura Municipal de Planalto;Qualificação Viária do Prefeitura Municipal de Planalto;R$ 630.000,00;R$ 4.064.202,38;R$ 4.694.202,38
Pré-selecionada pelo Gestor da Aplicação;1277.24.1112/2017;Qualificação Viária;SP;Dourado;Caixa Econômica Federal;Prefeitura Municipal de Dourado;Qualificação Viária do Prefeitura Municipal de Dourado;R$ 250.000,00;R$ 4.740.000,00;R$ 4.990.000,00
Não enquadrada pelo Agente Financeiro;475.2.0709/2017;Qualificação Viária;PE;Vertentes;Caixa Econômica Federal;Prefeitura Municipal de Vertentes;Qualificação Viária do Prefeitura Municipal de Vertentes;R$ 193.413,12;R$ 3.674.849,19;R$ 3.868.262,31
Não enquadrada pelo Agente Financeiro;729.2.0410/2017;Qualificação Viária;SC;Timbé do Sul;Caixa Econômica Federal;Prefeitura Municipal de Timbé do Sul;Qualificação Viária do Prefeitura Municipal de Timbé do Sul;R$ 60.564,12;R$ 1.150.718,24;R$ 1.211.282,36
Pré-selecionada pelo Gestor da Aplicação;889.2.2410/2017;Qualificação Viária;RS;Imigrante;Caixa Econômica Federal;Prefeitura Municipal de Imigrante;Qualificação Viária do Prefeitura Municipal de Imigrante;R$ 139.931,31;R$ 2.658.694,69;R$ 2.798.626,00
Em análise de enquadramento;469.2.0609/2017;Qualificação Viária;RS;Cotiporã;Caixa Econômica Federal;Prefeitura Municipal de Cotiporã;Qualificação Viária do Prefeitura Municipal de Cotiporã;R$ 147.340,22;R$ 2.799.464,01;R$ 2.946.804,23
Não enquadrada pelo Agente Financeiro;456.2.0509/2017;Qualificação Viária;RS;Vale Verde;Caixa Econômica Federal;Prefeitura Municipal de Vale Verde;Qualificação Viária do Prefeitura Municipal de Vale Verde;R$ 208.840,69;R$ 3.967.973,01;R$ 4.176.813,70
Pré-selecionada pelo Gestor da Aplicação;463.2.0609/2017;Qualificação Viária;SC;Alto Bela Vista;Caixa Econômica Federal;Prefeitura Municipal de Alto Bela Vista;Qualificação Viária do Prefeitura Municipal de Alto Bela Vista;R$ 81.235,50;R$ 1.543.474,50;R$ 1.624.710,00
Em análise de enquadramento;508.2.1309/2017;Qualificação Viária;SP;Suzanápolis;Caixa Econômica Federal;Prefeitura Municipal de Suzanápolis;Qualificação Viária do Prefeitura Municipal de Suzanápolis;R$ 60.000,00;R$ 1.140.000,00;R$ 1.200.000,00
Em análise de enquadramento;70.2.0808/2017;Qualificação Viária;PR;Apucarana;Caixa Econômica Federal;Prefeitura Municipal de Apucarana;Qualificação Viária do Prefeitura Municipal de Apucarana;R$ 134.100,00;R$ 2.547.900,00;R$ 2.682.000,00
Em análise de enquadramento;606.24.2109/2017;Qualificação Viária;PE;Cabrobó;Caixa Econômica Federal;Prefeitura Municipal de Cabrobó;Qualificação Viária do Prefeitura Municipal de Cabrobó;R$ 749.956,57;R$ 14.249.174,76;R$ 14.999.131,33
Não enquadrada pelo Agente Financeiro;261.2.2408/2017;Qualificação Viária;SP;Serrana;Caixa Econômica Federal;Prefeitura Municipal de Serrana;Qualificação Viária do Prefeitura Municipal de Serrana;R$ 361.133,44;R$ 6.861.535,24;R$ 7.222.668,68
Em análise de enquadramento;477.2.0809/2017;Qualificação Viária;PR;Guaíra;Caixa Econômica Federal;Prefeitura Municipal de Guaíra;Qualificação Viária do Prefeitura Municipal de Guaíra;R$ 100.000,00;R$ 1.900.000,00;R$ 2.000.000,00
Pré-selecionada pelo Gestor da Aplicação;707.2.2909/2017;Qualificação Viária;SC;Campos Novos;Caixa Econômica Federal;Prefeitura Municipal de Campos Novos;Qualificação Viária do Prefeitura Municipal de Campos Novos;R$ 749.937,80;R$ 14.248.818,09;R$ 14.998.755,89
Pré-selecionada pelo Gestor da Aplicação;479.3.1009/2017;Transporte Não Motorizado;SC;Faxinal dos Guedes;Caixa Econômica Federal;Prefeitura Municipal de Faxinal dos Guedes;Transporte Não Motorizado do Prefeitura Municipal de Faxinal dos Guedes;R$ 26.580,69;R$ 505.033,01;R$ 531.613,70
Pré-selecionada pelo Gestor da Aplicação;555.2.1909/2017;Qualificação Viária;SC;Forquilhinha;Caixa Econômica Federal;Prefeitura Municipal de Forquilhinha;Qualificação Viária do Prefeitura Municipal de Forquilhinha;R$ 750.000,00;R$ 14.250.000,00;R$ 15.000.000,00
Não enquadrada pelo Agente Financeiro;572.24.2009/2017;Qualificação Viária;SC;Águas Frias;Caixa Econômica Federal;Prefeitura Municipal de Águas Frias;Qualificação Viária do Prefeitura Municipal de Águas Frias;R$ 97.790,00;R$ 1.858.010,00;R$ 1.955.800,00
Não enquadrada pelo Agente Financeiro;571.3.2009/2017;Transporte Não Motorizado;SC;Águas Frias;Caixa Econômica Federal;Prefeitura Municipal de Águas Frias;Transporte Não Motorizado do Prefeitura Municipal de Águas Frias;R$ 42.000,00;R$ 798.000,00;R$ 840.000,00
Devolvida ao Proponente;592.2.2109/2017;Qualificação Viária;PB;Monteiro;Caixa Econômica Federal;Prefeitura Municipal de Monteiro;Qualificação Viária do Prefeitura Municipal de Monteiro;R$ 750.000,00;R$ 14.250.000,00;R$ 15.000.000,00
Pré-selecionada pelo Gestor da Aplicação;688.245.2809/2017;Qualificação Viária;TO;Araguaína;Caixa Econômica Federal;Prefeitura Municipal de Araguaína;Qualificação Viária do Prefeitura Municipal de Araguaína;R$ 411.216,30;R$ 7.813.109,51;R$ 8.224.325,81
Em análise pelo administrador do Agente Financeiro;517.24.1409/2017;Qualificação Viária;MT;Sinop;Caixa Econômica Federal;Prefeitura Municipal de Sinop;Qualificação Viária do Prefeitura Municipal de Sinop;R$ 1.525.044,88;R$ 28.975.852,59;R$ 30.500.897,47
Pré-selecionada pelo Gestor da Aplicação;836.2.1610/2017;Qualificação Viária;SC;Balneário Camboriú;Caixa Econômica Federal;Prefeitura Municipal de Balneário Camboriú;Qualificação Viária do Prefeitura Municipal de Balneário Camboriú;R$ 500.893,22;R$ 9.516.971,05;R$ 10.017.864,27
Selecionada pelo gestor da aplicação;556.2.1909/2017;Qualificação Viária;RS;Paverama;Caixa Econômica Federal;Prefeitura Municipal de Paverama;Qualificação Viária do Prefeitura Municipal de Paverama;R$ 249.987,80;R$ 4.749.767,80;R$ 4.999.755,60
Pré-selecionada pelo Gestor da Aplicação;1442.5.2812/2017;Plano de Mobilidade Urbana;SP;São Carlos;Caixa Econômica Federal;Prefeitura Municipal de São Carlos;Plano de Mobilidade Urbana do Prefeitura Municipal de São Carlos;R$ 53.000,00;R$ 1.007.000,00;R$ 1.060.000,00
Selecionada pelo gestor da aplicação;76.3.0808/2017;Transporte Não Motorizado;SC;Itapema;Caixa Econômica Federal;Prefeitura Municipal de Itapema;Transporte Não Motorizado do Prefeitura Municipal de Itapema;R$ 109.472,31;R$ 2.079.973,70;R$ 2.189.446,01
Pré-selecionada pelo Gestor da Aplicação;608.2.2209/2017;Qualificação Viária;SC;Marema;Caixa Econômica Federal;Prefeitura Municipal de Marema;Qualificação Viária do Prefeitura Municipal de Marema;R$ 142.005,00;R$ 2.698.095,00;R$ 2.840.100,00
Selecionada pelo gestor da aplicação;714.2.0210/2017;Qualificação Viária;RS;São Francisco de Assis;Caixa Econômica Federal;Prefeitura Municipal de São Francisco de Assis;Qualificação Viária do Prefeitura Municipal de São Francisco de Assis;R$ 201.663,08;R$ 3.831.598,41;R$ 4.033.261,49
Selecionada pelo gestor da aplicação;1472.2.0301/2018;Qualificação Viária;RS;Campina das Missões;Caixa Econômica Federal;Prefeitura Municipal de Campina das Missões;Qualificação Viária do Prefeitura Municipal de Campina das Missões;R$ 85.727,63;R$ 1.628.824,82;R$ 1.714.552,45
Em análise de enquadramento;3.2.2807/2017;Qualificação Viária;RS;Tabaí;Caixa Econômica Federal;Prefeitura Municipal de Tabaí;Qualificação Viária do Prefeitura Municipal de Tabaí;R$ 220.410,13;R$ 4.187.792,46;R$ 4.408.202,59
Pré-selecionada pelo Gestor da Aplicação;292.25.2508/2017;Qualificação Viária;RS;Novo Hamburgo;Caixa Econômica Federal;Prefeitura Municipal de Novo Hamburgo;Qualificação Viária do Prefeitura Municipal de Novo Hamburgo;R$ 1.099.657,50;R$ 7.960.000,00;R$ 9.059.657,50
Em análise de enquadramento;480.2.1109/2017;Qualificação Viária;ES;Viana;Caixa Econômica Federal;Prefeitura Municipal de Viana;Qualificação Viária do Prefeitura Municipal de Viana;R$ 195.532,03;R$ 3.715.108,45;R$ 3.910.640,48
Em análise de enquadramento;693.2.2909/2017;Qualificação Viária;SC;Botuverá;Caixa Econômica Federal;Prefeitura Municipal de Botuverá;Qualificação Viária do Prefeitura Municipal de Botuverá;R$ 55.947,29;R$ 1.062.998,45;R$ 1.118.945,74
Não enquadrada pelo Agente Financeiro;648.2.2609/2017;Qualificação Viária;MG;Iturama;Caixa Econômica Federal;Prefeitura Municipal de Iturama;Qualificação Viária do Prefeitura Municipal de Iturama;R$ 750.000,00;R$ 14.250.000,00;R$ 15.000.000,00
Em análise de enquadramento;600.2.2109/2017;Qualificação Viária;MG;Serro;Caixa Econômica Federal;Prefeitura Municipal de Serro;Qualificação Viária do Prefeitura Municipal de Serro;R$ 241.352,14;R$ 4.585.690,54;R$ 4.827.042,68
Em análise de enquadramento;1324.24.1812/2017;Qualificação Viária;SP;Itapevi;Caixa Econômica Federal;Prefeitura Municipal de Itapevi;Qualificação Viária do Prefeitura Municipal de Itapevi;R$ 1.492.600,00;R$ 28.359.400,00;R$ 29.852.000,00
Não enquadrada pelo Agente Financeiro;585.24.2109/2017;Qualificação Viária;PE;Cedro;Caixa Econômica Federal;Prefeitura Municipal de Cedro;Qualificação Viária do Prefeitura Municipal de Cedro;R$ 154.500,00;R$ 2.935.500,00;R$ 3.090.000,00
Não enquadrada pelo Agente Financeiro;515.2.1409/2017;Qualificação Viária;RS;Nova Hartz;Caixa Econômica Federal;Prefeitura Municipal de Nova Hartz;Qualificação Viária do Prefeitura Municipal de Nova Hartz;R$ 750.628,26;R$ 14.241.936,94;R$ 14.992.565,20
Em análise de enquadramento;495.2.1209/2017;Qualificação Viária;MG;Alfenas;Caixa Econômica Federal;Prefeitura Municipal de Alfenas;Qualificação Viária do Prefeitura Municipal de Alfenas;R$ 652.231,75;R$ 12.392.403,16;R$ 13.044.634,91
Não enquadrada pelo Agente Financeiro;43.2.0308/2017;Qualificação Viária;PR;Assis Chateaubriand;Fomento Paraná;Prefeitura Municipal de Assis Chateaubriand;Qualificação Viária do Prefeitura Municipal de Assis Chateaubriand;R$ 196.000,00;R$ 3.724.000,00;R$ 3.920.000,00
Em análise de enquadramento;496.3.1209/2017;Transporte Não Motorizado;MG;Alfenas;Caixa Econômica Federal;Prefeitura Municipal de Alfenas;Transporte Não Motorizado do Prefeitura Municipal de Alfenas;R$ 242.804,01;R$ 4.613.276,00;R$ 4.856.080,01
Não enquadrada pelo Agente Financeiro;10.2.3107/2017;Qualificação Viária;SC;Garopaba;Banco Regional de Desenvolvimento do Extremo Sul – BRDE;Prefeitura Municipal de Garopaba;Qualificação Viária do Prefeitura Municipal de Garopaba;R$ 750.000,00;R$ 14.250.000,00;R$ 15.000.000,00
Não enquadrada pelo Agente Financeiro;502.34.1209/2017;Transporte Não Motorizado;SC;Sul Brasil;Caixa Econômica Federal;Prefeitura Municipal de Sul Brasil;Transporte Não Motorizado do Prefeitura Municipal de Sul Brasil;R$ 79.750,00;R$ 1.515.250,00;R$ 1.595.000,00
Em análise de enquadramento;491.2.1109/2017;Qualificação Viária;SP;Penápolis;Agência de Desenvolvimento Paulista – Desenvolve SP;Prefeitura Municipal de Penápolis;Qualificação Viária do Prefeitura Municipal de Penápolis;R$ 311.544,74;R$ 5.919.349,99;R$ 6.230.894,73
Em análise de enquadramento;500.2.1209/2017;Qualificação Viária;MG;Bueno Brandão;Caixa Econômica Federal;Prefeitura Municipal de Bueno Brandão;Qualificação Viária do Prefeitura Municipal de Bueno Brandão;R$ 38.366,50;R$ 728.963,40;R$ 767.329,90
Pré-selecionada pelo Gestor da Aplicação;766.2.0610/2017;Qualificação Viária;PR;Fazenda Rio Grande;Caixa Econômica Federal;Prefeitura Municipal de Fazenda Rio Grande;Qualificação Viária do Prefeitura Municipal de Fazenda Rio Grande;R$ 527.500,00;R$ 10.022.500,00;R$ 10.550.000,00
Em análise de enquadramento;501.2.1209/2017;Qualificação Viária;MG;Itapeva;Caixa Econômica Federal;Prefeitura Municipal de Itapeva;Qualificação Viária do Prefeitura Municipal de Itapeva;R$ 171.205,00;R$ 3.252.895,00;R$ 3.424.100,00
Pré-selecionada pelo Gestor da Aplicação;843.2.1610/2017;Qualificação Viária;RS;Capitão;Caixa Econômica Federal;Município de Capitão;Qualificação Viária do Município de Capitão;R$ 74.052,75;R$ 1.407.002,25;R$ 1.481.055,00
Não enquadrada pelo Agente Financeiro;452.25.0409/2017;Qualificação Viária;SP;Araras;Caixa Econômica Federal;Prefeitura Municipal de Araras;Qualificação Viária do Prefeitura Municipal de Araras;R$ 404.750,00;R$ 7.690.250,00;R$ 8.095.000,00
Pré-selecionada pelo Gestor da Aplicação;810.2.1110/2017;Qualificação Viária;SP;Suzanápolis;Caixa Econômica Federal;Prefeitura Municipal de Suzanápolis;Qualificação Viária do Prefeitura Municipal de Suzanápolis;R$ 60.000,00;R$ 1.140.000,00;R$ 1.200.000,00
Não enquadrada pelo Agente Financeiro;794.2.0910/2017;Qualificação Viária;RS;Itapuca;Caixa Econômica Federal;Prefeitura Municipal de Itapuca;Qualificação Viária do Prefeitura Municipal de Itapuca;R$ 60.003,11;R$ 1.140.058,89;R$ 1.200.062,00
Não enquadrada pelo Agente Financeiro;670.2.2809/2017;Qualificação Viária;SC;Xanxerê;Banco Regional de Desenvolvimento do Extremo Sul – BRDE;Prefeitura Municipal de Xanxerê;Qualificação Viária do Prefeitura Municipal de Xanxerê;R$ 313.300,00;R$ 5.952.700,00;R$ 6.266.000,00
Não enquadrada pelo Agente Financeiro;623.2.2409/2017;Qualificação Viária;PE;Floresta;Caixa Econômica Federal;Prefeitura Municipal de Floresta;Qualificação Viária do Prefeitura Municipal de Floresta;R$ 247.500,00;R$ 4.702.500,00;R$ 4.950.000,00
Selecionada pelo gestor da aplicação;858.2.1810/2017;Qualificação Viária;RS;Capão do Cipó;Caixa Econômica Federal;Prefeitura Municipal de Capão do Cipó;Qualificação Viária do Prefeitura Municipal de Capão do Cipó;R$ 51.248,57;R$ 973.722,67;R$ 1.024.971,24
Pré-selecionada pelo Gestor da Aplicação;190.2.2208/2017;Qualificação Viária;SC;Garuva;Caixa Econômica Federal;Prefeitura Municipal de Garuva;Qualificação Viária do Prefeitura Municipal de Garuva;R$ 905.900,00;R$ 5.000.000,00;R$ 5.905.900,00
Devolvida ao Proponente;485.2.1109/2017;Qualificação Viária;SC;Penha;Banco Regional de Desenvolvimento do Extremo Sul – BRDE;Prefeitura Municipal de Penha;Qualificação Viária do Prefeitura Municipal de Penha;R$ 58.657,31;R$ 1.114.488,75;R$ 1.173.146,06
Não enquadrada pelo Agente Financeiro;319.2.2508/2017;Qualificação Viária;RS;Rolante;Banco do Brasil;Prefeitura Municipal de Rolante;Qualificação Viária do Prefeitura Municipal de Rolante;R$ 705.473,86;R$ 13.404.003,14;R$ 14.109.477,00
Não enquadrada pelo Agente Financeiro;886.2.2410/2017;Qualificação Viária;SP;Viradouro;Caixa Econômica Federal;Prefeitura Municipal de Viradouro;Qualificação Viária do Prefeitura Municipal de Viradouro;R$ 102.500,00;R$ 1.947.500,00;R$ 2.050.000,00
Em análise de enquadramento;656.2.2709/2017;Qualificação Viária;SP;Santa Bárbara d'Oeste;Caixa Econômica Federal;Prefeitura Municipal de Santa Bárbara d'Oeste;Qualificação Viária do Prefeitura Municipal de Santa Bárbara d'Oeste;R$ 281.500,00;R$ 5.348.500,00;R$ 5.630.000,00
Pré-selecionada pelo Gestor da Aplicação;713.2.0210/2017;Qualificação Viária;SC;Botuverá;Caixa Econômica Federal;Prefeitura Municipal de Botuverá;Qualificação Viária do Prefeitura Municipal de Botuverá;R$ 67.385,55;R$ 1.280.325,42;R$ 1.347.710,97
Não enquadrada pelo Agente Financeiro;514.2.1409/2017;Qualificação Viária;PE;Capoeiras;Caixa Econômica Federal;Prefeitura Municipal de Capoeiras;Qualificação Viária do Prefeitura Municipal de Capoeiras;R$ 247.500,00;R$ 4.702.500,00;R$ 4.950.000,00
Não enquadrada pelo Agente Financeiro;498.2.1209/2017;Qualificação Viária;PR;Santa Isabel do Ivaí;Fomento Paraná;Prefeitura Municipal de Santa Isabel do Ivaí;Qualificação Viária do Prefeitura Municipal de Santa Isabel do Ivaí;R$ 249.500,00;R$ 4.740.500,00;R$ 4.990.000,00
Enquadrada pelo Agente Financeiro;17.2.0108/2017;Qualificação Viária;SC;Concórdia;Banco Regional de Desenvolvimento do Extremo Sul – BRDE;Prefeitura Municipal de Concórdia;Qualificação Viária do Prefeitura Municipal de Concórdia;R$ 85.866,51;R$ 1.631.463,59;R$ 1.717.330,10
Em análise de enquadramento;507.2.1309/2017;Qualificação Viária;MG;Catuti;Caixa Econômica Federal;Prefeitura Municipal de Catuti;Qualificação Viária do Prefeitura Municipal de Catuti;R$ 26.500,00;R$ 503.500,00;R$ 530.000,00
Pré-selecionada pelo Gestor da Aplicação;624.2.2509/2017;Qualificação Viária;RS;Cruzeiro do Sul;Caixa Econômica Federal;Prefeitura Municipal de Cruzeiro do Sul;Qualificação Viária do Prefeitura Municipal de Cruzeiro do Sul;R$ 189.812,88;R$ 3.606.444,62;R$ 3.796.257,50
Não enquadrada pelo Agente Financeiro;705.24.2909/2017;Qualificação Viária;RJ;Três Rios;Caixa Econômica Federal;Prefeitura Municipal de Três Rios;Qualificação Viária do Prefeitura Municipal de Três Rios;R$ 249.000,00;R$ 4.730.380,00;R$ 4.979.380,00
Em análise de enquadramento;609.2.2209/2017;Qualificação Viária;SP;Santana de Parnaíba;Caixa Econômica Federal;Prefeitura Municipal de Santana de Parnaíba;Qualificação Viária do Prefeitura Municipal de Santana de Parnaíba;R$ 806.938,06;R$ 15.331.823,13;R$ 16.138.761,19
Não enquadrada pelo Agente Financeiro;619.2.2209/2017;Qualificação Viária;RS;Capão da Canoa;Caixa Econômica Federal;Prefeitura Municipal de Capão da Canoa;Qualificação Viária do Prefeitura Municipal de Capão da Canoa;R$ 436.518,45;R$ 8.293.850,49;R$ 8.730.368,94
Em análise de enquadramento;588.2.2109/2017;Qualificação Viária;SC;Luiz Alves;Caixa Econômica Federal;Prefeitura Municipal de Luiz Alves;Qualificação Viária do Prefeitura Municipal de Luiz Alves;R$ 153.117,75;R$ 2.909.237,07;R$ 3.062.354,82
Não enquadrada pelo Agente Financeiro;511.24.1309/2017;Qualificação Viária;SP;Cajamar;Caixa Econômica Federal;Prefeitura Municipal de Cajamar;Qualificação Viária do Prefeitura Municipal de Cajamar;R$ 95.575,00;R$ 1.815.925,00;R$ 1.911.500,00
Em análise de enquadramento;506.2.1309/2017;Qualificação Viária;PE;Itapissuma;Caixa Econômica Federal;Prefeitura Municipal de Vertentes;Qualificação Viária do Prefeitura Municipal de Vertentes;R$ 221.788,07;R$ 4.213.973,23;R$ 4.435.761,30
Não enquadrada pelo Agente Financeiro;65.2.0808/2017;Qualificação Viária;MS;Bonito;Caixa Econômica Federal;Prefeitura Municipal de Bonito;Qualificação Viária do Prefeitura Municipal de Bonito;R$ 298.662,00;R$ 5.674.578,00;R$ 5.973.240,00
Não enquadrada pelo Agente Financeiro;66.2.0808/2017;Qualificação Viária;MS;Bonito;Caixa Econômica Federal;Prefeitura Municipal de Bonito;Qualificação Viária do Prefeitura Municipal de Bonito;R$ 219.056,00;R$ 4.162.064,00;R$ 4.381.120,00
Pré-selecionada pelo Gestor da Aplicação;465.2.0609/2017;Qualificação Viária;SC;Balneário Barra do Sul;Caixa Econômica Federal;Prefeitura Municipal de Balneário Barra do Sul;Qualificação Viária do Prefeitura Municipal de Balneário Barra do Sul;R$ 196.535,81;R$ 3.734.180,27;R$ 3.930.716,08
Pré-selecionada pelo Gestor da Aplicação;646.2.2609/2017;Qualificação Viária;MG;Campina Verde;Caixa Econômica Federal;Prefeitura Municipal de Campina Verde;Qualificação Viária do Prefeitura Municipal de Campina Verde;R$ 677.222,00;R$ 12.867.218,00;R$ 13.544.440,00
Pré-selecionada pelo Gestor da Aplicação;284.3.2508/2017;Transporte Não Motorizado;SC;Monte Carlo;Caixa Econômica Federal;Prefeitura Municipal de Monte Carlo;Transporte Não Motorizado do Prefeitura Municipal de Monte Carlo;R$ 65.969,62;R$ 1.253.422,77;R$ 1.319.392,39
Não enquadrada pelo Agente Financeiro;854.2.1810/2017;Qualificação Viária;RS;Rolante;Caixa Econômica Federal;Prefeitura Municipal de Rolante;Qualificação Viária do Prefeitura Municipal de Rolante;R$ 705.473,86;R$ 13.404.003,14;R$ 14.109.477,00
Em análise de enquadramento;598.2.2109/2017;Qualificação Viária;SC;Urussanga;Agência de Fomento de Santa Catarina - Badesc;Prefeitura Municipal de Urussanga;Qualificação Viária do Prefeitura Municipal de Urussanga;R$ 767.500,00;R$ 14.582.500,00;R$ 15.350.000,00
Não enquadrada pelo Agente Financeiro;510.2.1309/2017;Qualificação Viária;MG;Ewbank da Câmara;Banco do Brasil;Prefeitura Municipal de Ewbank da Câmara;Qualificação Viária do Prefeitura Municipal de Ewbank da Câmara;R$ 225.000,00;R$ 4.275.000,00;R$ 4.500.000,00
Em análise de enquadramento;841.2.1610/2017;Qualificação Viária;MG;Novorizonte;Banco de Desenvolvimento de Minas Gerais – BDMG;Prefeitura Municipal de Novorizonte;Qualificação Viária do Prefeitura Municipal de Novorizonte;R$ 54.576,00;R$ 1.036.944,00;R$ 1.091.520,00
Devolvida ao Proponente;1057.3.1411/2017;Transporte Não Motorizado;SE;Itaporanga d'Ajuda;Caixa Econômica Federal;Prefeitura Municipal de Itaporanga d'Ajuda;Transporte Não Motorizado do Prefeitura Municipal de Itaporanga d'Ajuda;R$ 307.700,00;R$ 5.846.300,00;R$ 6.154.000,00
Devolvida ao Proponente;3283.2.0305/2018;Qualificação Viária;SP;Mongaguá;Agência de Desenvolvimento Paulista – Desenvolve SP;Prefeitura Municipal de Mongaguá;Qualificação Viária do Prefeitura Municipal de Mongaguá;R$ 799.461,55;R$ 15.000.000,00;R$ 15.799.461,55
Não enquadrada pelo Agente Financeiro;628.2.2509/2017;Qualificação Viária;PR;Pitanga;Banco Regional de Desenvolvimento do Extremo Sul – BRDE;Prefeitura Municipal de Pitanga;Qualificação Viária do Prefeitura Municipal de Pitanga;R$ 98.018,96;R$ 1.862.360,07;R$ 1.960.379,03
Não enquadrada pelo Agente Financeiro;519.2.1509/2017;Qualificação Viária;RS;Gramado dos Loureiros;Banco Regional de Desenvolvimento do Extremo Sul – BRDE;Prefeitura Municipal de Gramado dos Loureiros;Qualificação Viária do Prefeitura Municipal de Gramado dos Loureiros;R$ 133.850,00;R$ 2.543.150,00;R$ 2.677.000,00
Selecionada pelo gestor da aplicação;535.2.1509/2017;Qualificação Viária;SC;Schroeder;Caixa Econômica Federal;Prefeitura Municipal de Schroeder;Qualificação Viária do Prefeitura Municipal de Schroeder;R$ 250.000,00;R$ 4.750.000,00;R$ 5.000.000,00
Não enquadrada pelo Agente Financeiro;516.24.1409/2017;Qualificação Viária;PI;Curimatá;Caixa Econômica Federal;Prefeitura Municipal de Curimatá;Qualificação Viária do Prefeitura Municipal de Curimatá;R$ 150.970,96;R$ 2.868.448,09;R$ 3.019.419,05
Pré-selecionada pelo Gestor da Aplicação;286.2.2508/2017;Qualificação Viária;SC;Monte Carlo;Caixa Econômica Federal;Prefeitura Municipal de Monte Carlo;Qualificação Viária do Prefeitura Municipal de Monte Carlo;R$ 108.741,31;R$ 2.066.084,71;R$ 2.174.826,02
Selecionada pelo gestor da aplicação;250.2.2408/2017;Qualificação Viária;SC;Passo de Torres;Caixa Econômica Federal;Prefeitura Municipal de Passo de Torres;Qualificação Viária do Prefeitura Municipal de Passo de Torres;R$ 262.500,00;R$ 4.987.500,00;R$ 5.250.000,00
Em análise de enquadramento;527.2.1509/2017;Qualificação Viária;SP;Penápolis;Agência de Desenvolvimento Paulista – Desenvolve SP;Prefeitura Municipal de Penápolis;Qualificação Viária do Prefeitura Municipal de Penápolis;R$ 263.466,00;R$ 5.005.854,00;R$ 5.269.320,00
Não enquadrada pelo Agente Financeiro;867.2.2010/2017;Qualificação Viária;PR;Quarto Centenário;Caixa Econômica Federal;Prefeitura Municipal de Quarto Centenário;Qualificação Viária do Prefeitura Municipal de Quarto Centenário;R$ 78.998,30;R$ 710.984,74;R$ 789.983,04
Não enquadrada pelo Agente Financeiro;1071.2.1411/2017;Qualificação Viária;SP;Rio Claro;Caixa Econômica Federal;Prefeitura Municipal de Rio Claro;Qualificação Viária do Prefeitura Municipal de Rio Claro;R$ 126.613,72;R$ 2.405.660,51;R$ 2.532.274,23
Não enquadrada pelo Agente Financeiro;505.3.1209/2017;Transporte Não Motorizado;PR;Cafelândia;Fomento Paraná;Prefeitura Municipal de Cafelândia;Transporte Não Motorizado do Prefeitura Municipal de Cafelândia;R$ 185.000,00;R$ 3.515.000,00;R$ 3.700.000,00
Em análise pelo administrador do Agente Financeiro;561.2.1909/2017;Qualificação Viária;RS;São José do Norte;Caixa Econômica Federal;Prefeitura Municipal de São José do Norte;Qualificação Viária do Prefeitura Municipal de São José do Norte;R$ 75.420,57;R$ 1.432.990,69;R$ 1.508.411,26
Pré-selecionada pelo Gestor da Aplicação;77.3.0808/2017;Transporte Não Motorizado;SC;Itapema;Caixa Econômica Federal;Prefeitura Municipal de Itapema;Transporte Não Motorizado do Prefeitura Municipal de Itapema;R$ 210.478,41;R$ 3.999.089,69;R$ 4.209.568,10
Não enquadrada pelo Agente Financeiro;159.24.1808/2017;Qualificação Viária;RS;Fontoura Xavier;Caixa Econômica Federal;Prefeitura Municipal de Fontoura Xavier;Qualificação Viária do Prefeitura Municipal de Fontoura Xavier;R$ 200.000,00;R$ 3.800.000,00;R$ 4.000.000,00
Em análise de enquadramento;528.2.1509/2017;Qualificação Viária;PR;Lunardelli;Caixa Econômica Federal;Prefeitura Municipal de Lunardelli;Qualificação Viária do Prefeitura Municipal de Lunardelli;R$ 40.030,00;R$ 759.970,00;R$ 800.000,00
Não enquadrada pelo Agente Financeiro;617.24.2209/2017;Qualificação Viária;PR;Campo do Tenente;Caixa Econômica Federal;Prefeitura Municipal de Campo do Tenente;Qualificação Viária do Prefeitura Municipal de Campo do Tenente;R$ 258.050,00;R$ 4.902.950,00;R$ 5.161.000,00
Não enquadrada pelo Agente Financeiro;518.2.1409/2017;Qualificação Viária;RS;Guaíba;Caixa Econômica Federal;Prefeitura Municipal de Guaíba;Qualificação Viária do Prefeitura Municipal de Guaíba;R$ 999.916,64;R$ 18.998.416,15;R$ 19.998.332,79
Em análise de enquadramento;847.24.1710/2017;Qualificação Viária;PR;Rolândia;Caixa Econômica Federal;Prefeitura Municipal de Rolândia;Qualificação Viária do Prefeitura Municipal de Rolândia;R$ 314.219,00;R$ 5.970.161,00;R$ 6.284.380,00
Selecionada pelo gestor da aplicação;512.2.1409/2017;Qualificação Viária;SC;Lebon Régis;Caixa Econômica Federal;Prefeitura Municipal de Lebon Régis;Qualificação Viária do Prefeitura Municipal de Lebon Régis;R$ 249.612,00;R$ 4.742.628,00;R$ 4.992.240,00
Não enquadrada pelo Agente Financeiro;587.2.2109/2017;Qualificação Viária;PE;Cabrobó;Caixa Econômica Federal;Prefeitura Municipal de Cabrobó;Qualificação Viária do Prefeitura Municipal de Cabrobó;R$ 351.127,36;R$ 6.671.419,75;R$ 7.022.547,11
Não enquadrada pelo Agente Financeiro;142.24.1708/2017;Qualificação Viária;PR;São João do Triunfo;Caixa Econômica Federal;Prefeitura Municipal de São João do Triunfo;Qualificação Viária do Prefeitura Municipal de São João do Triunfo;R$ 74.736,77;R$ 1.419.998,59;R$ 1.494.735,36
Pré-selecionada pelo Gestor da Aplicação;577.2.2009/2017;Qualificação Viária;PR;Palmital;Caixa Econômica Federal;Município de Palmital;Qualificação Viária do Município de Palmital;R$ 250.000,00;R$ 4.750.000,00;R$ 5.000.000,00
Selecionada pelo gestor da aplicação;531.2.1509/2017;Qualificação Viária;SC;Monte Castelo;Caixa Econômica Federal;Prefeitura Municipal de Monte Castelo;Qualificação Viária do Prefeitura Municipal de Monte Castelo;R$ 74.346,66;R$ 1.412.586,50;R$ 1.486.933,16
Pré-selecionada pelo Gestor da Aplicação;532.2.1509/2017;Qualificação Viária;SC;Monte Castelo;Caixa Econômica Federal;Prefeitura Municipal de Monte Castelo;Qualificação Viária do Prefeitura Municipal de Monte Castelo;R$ 95.225,15;R$ 1.809.277,67;R$ 1.904.502,82
Não enquadrada pelo Agente Financeiro;550.2.1809/2017;Qualificação Viária;SC;Riqueza;Caixa Econômica Federal;Prefeitura Municipal de Riqueza;Qualificação Viária do Prefeitura Municipal de Riqueza;R$ 159.584,72;R$ 3.032.109,54;R$ 3.191.694,26
Em análise de enquadramento;601.2.2109/2017;Qualificação Viária;MG;Serro;Caixa Econômica Federal;Prefeitura Municipal de Serro;Qualificação Viária do Prefeitura Municipal de Serro;R$ 168.935,88;R$ 3.209.781,62;R$ 3.378.717,50
Não enquadrada pelo Agente Financeiro;740.2.0410/2017;Qualificação Viária;PR;Andirá;Fomento Paraná;Prefeitura Municipal de Andirá;Qualificação Viária do Prefeitura Municipal de Andirá;R$ 83.169,80;R$ 1.580.226,12;R$ 1.663.395,92
Em análise de enquadramento;530.245.1509/2017;Qualificação Viária;SC;Criciúma;Banco Regional de Desenvolvimento do Extremo Sul – BRDE;Prefeitura Municipal de Criciúma;Qualificação Viária do Prefeitura Municipal de Criciúma;R$ 1.555.000,00;R$ 29.545.000,00;R$ 31.100.000,00
Selecionada pelo gestor da aplicação;529.2.1509/2017;Qualificação Viária;SP;Atibaia;Caixa Econômica Federal;Prefeitura Municipal de Atibaia;Qualificação Viária do Prefeitura Municipal de Atibaia;R$ 1.805.474,27;R$ 30.000.000,00;R$ 31.805.474,27
Pré-selecionada pelo Gestor da Aplicação;3467.24.1206/2018;Qualificação Viária;PI;São João da Serra;Caixa Econômica Federal;Prefeitura Municipal de São João da Serra;Qualificação Viária do Prefeitura Municipal de São João da Serra;R$ 103.000,00;R$ 1.897.000,00;R$ 2.000.000,00
Em análise de enquadramento;1274.2.1112/2017;Qualificação Viária;SC;Lontras;Caixa Econômica Federal;Prefeitura Municipal de Lontras;Qualificação Viária do Prefeitura Municipal de Lontras;R$ 249.993,56;R$ 4.630.006,44;R$ 4.880.000,00
Em análise de enquadramento;603.24.2109/2017;Qualificação Viária;PR;Rolândia;Caixa Econômica Federal;Prefeitura Municipal de Rolândia;Qualificação Viária do Prefeitura Municipal de Rolândia;R$ 229.219,00;R$ 4.355.161,00;R$ 4.584.380,00
Selecionada pelo gestor da aplicação;726.3.0310/2017;Transporte Não Motorizado;SC;Guatambú;Caixa Econômica Federal;Prefeitura Municipal de Guatambu;Transporte Não Motorizado do Prefeitura Municipal de Guatambu;R$ 89.982,40;R$ 1.200.000,00;R$ 1.289.982,40
Em análise de enquadramento;621.2.2209/2017;Qualificação Viária;MA;São João do Paraíso;Caixa Econômica Federal;Prefeitura Municipal de São João do Paraíso;Qualificação Viária do Prefeitura Municipal de São João do Paraíso;R$ 243.091,94;R$ 4.618.746,74;R$ 4.861.838,68
Não enquadrada pelo Agente Financeiro;709.2.0210/2017;Qualificação Viária;RS;São Pedro da Serra;Caixa Econômica Federal;Prefeitura Municipal de São Pedro da Serra;Qualificação Viária do Prefeitura Municipal de São Pedro da Serra;R$ 87.843,58;R$ 1.669.027,86;R$ 1.756.871,44
Devolvida ao Proponente;3638.245.1907/2018;Qualificação Viária;ES;Linhares;Caixa Econômica Federal;Prefeitura Municipal de Linhares;Qualificação Viária do Prefeitura Municipal de Linhares;R$ 1.500.000,00;R$ 28.500.000,00;R$ 30.000.000,00
Em análise de enquadramento;536.2.1509/2017;Qualificação Viária;SP;Penápolis;Agência de Desenvolvimento Paulista – Desenvolve SP;Prefeitura Municipal de Penápolis;Qualificação Viária do Prefeitura Municipal de Penápolis;R$ 249.436,00;R$ 4.739.284,00;R$ 4.988.720,00
Validação devolvida ao Agente Financeiro;545.24.1809/2017;Qualificação Viária;RS;Rio Pardo;Caixa Econômica Federal;Prefeitura Municipal de Rio Pardo;Qualificação Viária do Prefeitura Municipal de Rio Pardo;R$ 659.707,56;R$ 12.534.443,57;R$ 13.194.151,13
Não enquadrada pelo Agente Financeiro;474.3.0609/2017;Transporte Não Motorizado;PR;Icaraíma;Caixa Econômica Federal;Prefeitura Municipal de Icaraíma;Transporte Não Motorizado do Prefeitura Municipal de Icaraíma;R$ 27.500,00;R$ 522.500,00;R$ 550.000,00
Não enquadrada pelo Agente Financeiro;85.2.1008/2017;Qualificação Viária;RS;Tupanci do Sul;Caixa Econômica Federal;Prefeitura Municipal de Tupanci do Sul;Qualificação Viária do Prefeitura Municipal de Tupanci do Sul;R$ 97.000,00;R$ 1.843.000,00;R$ 1.940.000,00
Não enquadrada pelo Agente Financeiro;553.2.1809/2017;Qualificação Viária;PR;Jesuítas;Caixa Econômica Federal;Prefeitura Municipal de Jesuítas;Qualificação Viária do Prefeitura Municipal de Jesuítas;R$ 222.875,00;R$ 4.234.625,00;R$ 4.457.500,00
Pré-selecionada pelo Gestor da Aplicação;845.24.1710/2017;Qualificação Viária;SC;Seara;Caixa Econômica Federal;Prefeitura Municipal de Seara;Qualificação Viária do Prefeitura Municipal de Seara;R$ 233.173,52;R$ 4.430.296,84;R$ 4.663.470,36
Não enquadrada pelo Agente Financeiro;703.2.2909/2017;Qualificação Viária;PR;Pitanga;Banco Regional de Desenvolvimento do Extremo Sul – BRDE;Prefeitura Municipal de Pitanga;Qualificação Viária do Prefeitura Municipal de Pitanga;R$ 52.695,00;R$ 1.001.205,00;R$ 1.053.900,00
Não enquadrada pelo Agente Financeiro;640.2.2609/2017;Qualificação Viária;PR;Pérola;Caixa Econômica Federal;Prefeitura Municipal de Pérola;Qualificação Viária do Prefeitura Municipal de Pérola;R$ 74.932,20;R$ 1.423.711,80;R$ 1.498.644,00
Pré-selecionada pelo Gestor da Aplicação;704.2.2909/2017;Qualificação Viária;SC;Dionísio Cerqueira;Caixa Econômica Federal;Prefeitura Municipal de Dionísio Cerqueira;Qualificação Viária do Prefeitura Municipal de Dionísio Cerqueira;R$ 250.000,00;R$ 4.750.000,00;R$ 5.000.000,00
Não enquadrada pelo Agente Financeiro;583.2.2109/2017;Qualificação Viária;PE;Terra Nova;Caixa Econômica Federal;Prefeitura Municipal de Terra Nova;Qualificação Viária do Prefeitura Municipal de Terra Nova;R$ 250.000,00;R$ 4.750.000,00;R$ 5.000.000,00
Selecionada pelo gestor da aplicação;626.2.2509/2017;Qualificação Viária;PR;Pitanga;Caixa Econômica Federal;Prefeitura Municipal de Pitanga;Qualificação Viária do Prefeitura Municipal de Pitanga;R$ 101.000,00;R$ 1.912.848,00;R$ 2.013.848,00
Não enquadrada pelo Agente Financeiro;546.24.1809/2017;Qualificação Viária;MG;Santo Antônio do Aventureiro;Caixa Econômica Federal;Prefeitura Municipal de Santo Antônio do Aventureiro;Qualificação Viária do Prefeitura Municipal de Santo Antônio do Aventureiro;R$ 75.000,00;R$ 1.425.000,00;R$ 1.500.000,00
Selecionada pelo gestor da aplicação;739.2.0410/2017;Qualificação Viária;RS;Não-Me-Toque;Banco Regional de Desenvolvimento do Extremo Sul – BRDE;Prefeitura Municipal de Não-Me-Toque;Qualificação Viária do Prefeitura Municipal de Não-Me-Toque;R$ 263.150,00;R$ 4.999.850,00;R$ 5.263.000,00
Em análise de enquadramento;283.2.2508/2017;Qualificação Viária;SC;Botuverá;Caixa Econômica Federal;Prefeitura Municipal de Botuverá;Qualificação Viária do Prefeitura Municipal de Botuverá;R$ 72.427,41;R$ 1.376.120,63;R$ 1.448.548,04
Em análise de enquadramento;650.2.2709/2017;Qualificação Viária;SP;Santa Bárbara d'Oeste;Caixa Econômica Federal;Prefeitura Municipal de Santa Bárbara d'Oeste;Qualificação Viária do Prefeitura Municipal de Santa Bárbara d'Oeste;R$ 59.500,00;R$ 1.130.500,00;R$ 1.190.000,00
Pré-selecionada pelo Gestor da Aplicação;668.24.2709/2017;Qualificação Viária;SC;Lindóia do Sul;Caixa Econômica Federal;Prefeitura Municipal de Lindóia do Sul;Qualificação Viária do Prefeitura Municipal de Lindóia do Sul;R$ 228.546,35;R$ 4.342.380,65;R$ 4.570.927,00
Em análise de enquadramento;602.2.2109/2017;Qualificação Viária;MG;Serro;Caixa Econômica Federal;Prefeitura Municipal de Serro;Qualificação Viária do Prefeitura Municipal de Serro;R$ 73.809,99;R$ 1.402.389,73;R$ 1.476.199,72
Em análise de enquadramento;639.2.2609/2017;Qualificação Viária;RS;Barão;Caixa Econômica Federal;Prefeitura Municipal de Barão;Qualificação Viária do Prefeitura Municipal de Barão;R$ 249.280,00;R$ 4.736.320,00;R$ 4.985.600,00
Em análise de enquadramento;589.2.2109/2017;Qualificação Viária;PR;Iguatu;Caixa Econômica Federal;Prefeitura Municipal de Iguatu;Qualificação Viária do Prefeitura Municipal de Iguatu;R$ 51.050,00;R$ 969.950,00;R$ 1.021.000,00
Pré-selecionada pelo Gestor da Aplicação;861.2.1910/2017;Qualificação Viária;SC;Balneário Rincão;Caixa Econômica Federal;Prefeitura Municipal de Balneário Rincão;Qualificação Viária do Prefeitura Municipal de Balneário Rincão;R$ 247.585,40;R$ 4.704.122,56;R$ 4.951.707,96
Não enquadrada pelo Agente Financeiro;442.2.0409/2017;Qualificação Viária;PA;Canaã dos Carajás;Caixa Econômica Federal;Prefeitura Municipal de Canaã dos Carajás;Qualificação Viária do Prefeitura Municipal de Canaã dos Carajás;R$ 750.000,00;R$ 14.250.000,00;R$ 15.000.000,00
Em análise de enquadramento;613.2.2209/2017;Qualificação Viária;GO;Mineiros;Caixa Econômica Federal;Prefeitura Municipal de Mineiros;Qualificação Viária do Prefeitura Municipal de Mineiros;R$ 653.142,61;R$ 12.409.709,45;R$ 13.062.852,06
Não enquadrada pelo Agente Financeiro;611.24.2209/2017;Qualificação Viária;PE;Moreilândia;Caixa Econômica Federal;Prefeitura Municipal de Moreilândia;Qualificação Viária do Prefeitura Municipal de Moreilândia;R$ 166.950,00;R$ 3.172.050,00;R$ 3.339.000,00
Em análise de enquadramento;615.2.2209/2017;Qualificação Viária;SC;Mirim Doce;Caixa Econômica Federal;Prefeitura Municipal de Mirim Doce;Qualificação Viária do Prefeitura Municipal de Mirim Doce;R$ 76.727,25;R$ 1.457.817,75;R$ 1.534.545,00
Selecionada pelo gestor da aplicação;574.2.2009/2017;Qualificação Viária;SC;Garopaba;Banco Regional de Desenvolvimento do Extremo Sul – BRDE;Prefeitura Municipal de Garopaba;Qualificação Viária do Prefeitura Municipal de Garopaba;R$ 789.000,00;R$ 14.991.000,00;R$ 15.780.000,00
Pré-selecionada pelo Gestor da Aplicação;669.34.2809/2017;Transporte Não Motorizado;PR;Pato Branco;Caixa Econômica Federal;Prefeitura Municipal de Pato Branco;Transporte Não Motorizado do Prefeitura Municipal de Pato Branco;R$ 70.000,00;R$ 1.330.000,00;R$ 1.400.000,00
Pré-selecionada pelo Gestor da Aplicação;3470.2.0906/2018;Qualificação Viária;MG;São Roque de Minas;Caixa Econômica Federal;Prefeitura Municipal de São Roque de Minas;Qualificação Viária do Prefeitura Municipal de São Roque de Minas;R$ 111.170,90;R$ 2.112.247,03;R$ 2.223.417,93
Selecionada pelo gestor da aplicação;659.2.2709/2017;Qualificação Viária;SC;Araquari;Caixa Econômica Federal;Prefeitura Municipal de Araquari;Qualificação Viária do Prefeitura Municipal de Araquari;R$ 749.986,52;R$ 14.249.743,86;R$ 14.999.730,38
Em análise de enquadramento;612.2.2209/2017;Qualificação Viária;PR;Araruna;Caixa Econômica Federal;Prefeitura Municipal de Araruna;Qualificação Viária do Prefeitura Municipal de Araruna;R$ 120.000,00;R$ 2.280.000,00;R$ 2.400.000,00
Não enquadrada pelo Agente Financeiro;651.3.2709/2017;Transporte Não Motorizado;ES;Linhares;Caixa Econômica Federal;Prefeitura Municipal de Linhares;Transporte Não Motorizado do Prefeitura Municipal de Linhares;R$ 1.500.000,00;R$ 28.500.000,00;R$ 30.000.000,00
Em análise de enquadramento;586.2.2109/2017;Qualificação Viária;PR;Formosa do Oeste;Caixa Econômica Federal;Prefeitura Municipal de Formosa do Oeste;Qualificação Viária do Prefeitura Municipal de Formosa do Oeste;R$ 199.500,00;R$ 3.790.500,00;R$ 3.990.000,00
Não enquadrada pelo Agente Financeiro;665.25.2709/2017;Qualificação Viária;GO;Formosa;Caixa Econômica Federal;Prefeitura Municipal de Formosa;Qualificação Viária do Prefeitura Municipal de Formosa;R$ 867.659,00;R$ 16.485.521,00;R$ 17.353.180,00
Selecionada pelo gestor da aplicação;675.2.2809/2017;Qualificação Viária;GO;Bom Jesus de Goiás;Caixa Econômica Federal;Prefeitura Municipal de Bom Jesus de Goiás;Qualificação Viária do Prefeitura Municipal de Bom Jesus de Goiás;R$ 249.000,00;R$ 4.731.000,00;R$ 4.980.000,00
Em análise de enquadramento;268.2.2508/2017;Qualificação Viária;SC;Gaspar;Caixa Econômica Federal;Prefeitura Municipal de Gaspar;Qualificação Viária do Prefeitura Municipal de Gaspar;R$ 1.000.000,00;R$ 19.000.000,00;R$ 20.000.000,00
Não enquadrada pelo Agente Financeiro;655.2.2709/2017;Qualificação Viária;SC;Balneário Piçarras;Caixa Econômica Federal;Prefeitura Municipal de Balneário Piçarras;Qualificação Viária do Prefeitura Municipal de Balneário Piçarras;R$ 248.078,29;R$ 4.713.487,41;R$ 4.961.565,70
Em análise de enquadramento;727.2.0310/2017;Qualificação Viária;PR;Formosa do Oeste;Caixa Econômica Federal;Prefeitura Municipal de Formosa do Oeste;Qualificação Viária do Prefeitura Municipal de Formosa do Oeste;R$ 130.000,00;R$ 2.470.000,00;R$ 2.600.000,00
Pré-selecionada pelo Gestor da Aplicação;673.24.2809/2017;Qualificação Viária;PR;Pato Branco;Caixa Econômica Federal;Prefeitura Municipal de Pato Branco;Qualificação Viária do Prefeitura Municipal de Pato Branco;R$ 280.000,00;R$ 5.320.000,00;R$ 5.600.000,00
Em análise de enquadramento;733.2.0410/2017;Qualificação Viária;PR;São Miguel do Iguaçu;Caixa Econômica Federal;Prefeitura Municipal de São Miguel do Iguaçu;Qualificação Viária do Prefeitura Municipal de São Miguel do Iguaçu;R$ 225.500,00;R$ 4.284.500,00;R$ 4.510.000,00
Selecionada pelo gestor da aplicação;680.2.2809/2017;Qualificação Viária;SC;Entre Rios;Caixa Econômica Federal;Prefeitura Municipal de Entre Rios;Qualificação Viária do Prefeitura Municipal de Entre Rios;R$ 142.550,00;R$ 2.708.450,00;R$ 2.851.000,00
Selecionada pelo gestor da aplicação;219.2.2308/2017;Qualificação Viária;SC;Pouso Redondo;Caixa Econômica Federal;Prefeitura Municipal de Pouso Redondo;Qualificação Viária do Prefeitura Municipal de Pouso Redondo;R$ 463.837,00;R$ 5.000.000,00;R$ 5.463.837,00
Selecionada pelo gestor da aplicação;638.2.2609/2017;Qualificação Viária;SC;Rio Negrinho;Caixa Econômica Federal;Prefeitura Municipal de Rio Negrinho;Qualificação Viária do Prefeitura Municipal de Rio Negrinho;R$ 59.100,45;R$ 1.122.908,50;R$ 1.182.008,95
Em análise de enquadramento;715.3.0210/2017;Transporte Não Motorizado;RS;São Francisco de Assis;Caixa Econômica Federal;Prefeitura Municipal de São Francisco de Assis;Transporte Não Motorizado do Prefeitura Municipal de São Francisco de Assis;R$ 46.439,35;R$ 882.347,50;R$ 928.786,85
Em análise de enquadramento;984.2.0611/2017;Qualificação Viária;PR;Sarandi;Caixa Econômica Federal;Prefeitura Municipal de Sarandi;Qualificação Viária do Prefeitura Municipal de Sarandi;R$ 156.203,16;R$ 2.967.860,01;R$ 3.124.063,17
Pré-selecionada pelo Gestor da Aplicação;825.2.1210/2017;Qualificação Viária;RS;Capitão;Caixa Econômica Federal;Município de Capitão;Qualificação Viária do Município de Capitão;R$ 58.065,65;R$ 1.103.247,35;R$ 1.161.313,00
Pré-selecionada pelo Gestor da Aplicação;720.2.0310/2017;Qualificação Viária;SC;Camboriú;Caixa Econômica Federal;Prefeitura Municipal de Camboriú;Qualificação Viária do Prefeitura Municipal de Camboriú;R$ 843.600,00;R$ 16.028.400,00;R$ 16.872.000,00
Pré-selecionada pelo Gestor da Aplicação;684.2.2809/2017;Qualificação Viária;SC;Chapecó;Caixa Econômica Federal;Prefeitura Municipal de Chapecó;Qualificação Viária do Prefeitura Municipal de Chapecó;R$ 1.500.000,00;R$ 28.500.000,00;R$ 30.000.000,00
Não enquadrada pelo Agente Financeiro;730.2.0410/2017;Qualificação Viária;SC;Timbé do Sul;Caixa Econômica Federal;Prefeitura Municipal de Timbé do Sul;Qualificação Viária do Prefeitura Municipal de Timbé do Sul;R$ 127.121,49;R$ 2.415.308,20;R$ 2.542.429,69
Em análise de enquadramento;1030.2.1011/2017;Qualificação Viária;MA;São Bernardo;Caixa Econômica Federal;Prefeitura Municipal de São Bernardo;Qualificação Viária do Prefeitura Municipal de São Bernardo;R$ 586.784,98;R$ 11.148.914,54;R$ 11.735.699,52
Em análise de enquadramento;708.2.2909/2017;Qualificação Viária;PR;São Miguel do Iguaçu;Caixa Econômica Federal;Prefeitura Municipal de São Miguel do Iguaçu;Qualificação Viária do Prefeitura Municipal de São Miguel do Iguaçu;R$ 123.090,00;R$ 2.338.710,00;R$ 2.461.800,00
Enquadrada pelo Agente Financeiro;663.2.2709/2017;Qualificação Viária;MS;Corumbá;Caixa Econômica Federal;Prefeitura Municipal de Corumbá;Qualificação Viária do Prefeitura Municipal de Corumbá;R$ 1.248.439,50;R$ 23.720.350,50;R$ 24.968.790,00
Em análise de enquadramento;718.2.0210/2017;Qualificação Viária;SC;Gaspar;Caixa Econômica Federal;Prefeitura Municipal de Gaspar;Qualificação Viária do Prefeitura Municipal de Gaspar;R$ 1.059.557,07;R$ 20.000.000,00;R$ 21.059.557,07
Pré-selecionada pelo Gestor da Aplicação;780.2.0610/2017;Qualificação Viária;PR;Nova Tebas;Caixa Econômica Federal;Prefeitura Municipal de Nova Tebas;Qualificação Viária do Prefeitura Municipal de Nova Tebas;R$ 250.000,00;R$ 4.750.000,00;R$ 5.000.000,00
Selecionada pelo gestor da aplicação;633.2.2609/2017;Qualificação Viária;RS;Gramado dos Loureiros;Banco Regional de Desenvolvimento do Extremo Sul – BRDE;Prefeitura Municipal de Gramado dos Loureiros;Qualificação Viária do Prefeitura Municipal de Gramado dos Loureiros;R$ 133.850,00;R$ 2.543.150,00;R$ 2.677.000,00
Selecionada pelo gestor da aplicação;779.245.0610/2017;Qualificação Viária;MG;Poços de Caldas;Caixa Econômica Federal;Prefeitura Municipal de Poços de Caldas;Qualificação Viária do Prefeitura Municipal de Poços de Caldas;R$ 1.416.993,30;R$ 26.922.872,67;R$ 28.339.865,97
Não enquadrada pelo Agente Financeiro;271.2.2508/2017;Qualificação Viária;RJ;Silva Jardim;Caixa Econômica Federal;Prefeitura Municipal de Silva Jardim;Qualificação Viária do Prefeitura Municipal de Silva Jardim;R$ 787.293,77;R$ 14.958.581,56;R$ 15.745.875,33
Pré-selecionada pelo Gestor da Aplicação;33.2.0208/2017;Qualificação Viária;SC;Rio Negrinho;Caixa Econômica Federal;Prefeitura Municipal de Rio Negrinho;Qualificação Viária do Prefeitura Municipal de Rio Negrinho;R$ 150.000,00;R$ 2.850.000,00;R$ 3.000.000,00
Selecionada pelo gestor da aplicação;788.2.0910/2017;Qualificação Viária;MS;Maracaju;Caixa Econômica Federal;Prefeitura Municipal de Maracaju;Qualificação Viária do Prefeitura Municipal de Maracaju;R$ 350.000,00;R$ 6.650.000,00;R$ 7.000.000,00
Em análise de enquadramento;322.2.2508/2017;Qualificação Viária;PR;Sarandi;Caixa Econômica Federal;Prefeitura Municipal de Sarandi;Qualificação Viária do Prefeitura Municipal de Sarandi;R$ 163.841,35;R$ 3.112.985,57;R$ 3.276.826,92
Não enquadrada pelo Agente Financeiro;737.2.0410/2017;Qualificação Viária;SC;Turvo;Caixa Econômica Federal;Prefeitura Municipal de Turvo;Qualificação Viária do Prefeitura Municipal de Turvo;R$ 241.040,00;R$ 4.579.760,00;R$ 4.820.800,00
Em análise de enquadramento;645.3.2609/2017;Transporte Não Motorizado;PR;Rolândia;Caixa Econômica Federal;Prefeitura Municipal de Rolândia;Transporte Não Motorizado do Prefeitura Municipal de Rolândia;R$ 125.000,00;R$ 2.375.000,00;R$ 2.500.000,00
Não enquadrada pelo Agente Financeiro;1073.2.1411/2017;Qualificação Viária;SP;Rio Claro;Caixa Econômica Federal;Prefeitura Municipal de Rio Claro;Qualificação Viária do Prefeitura Municipal de Rio Claro;R$ 99.132,05;R$ 1.883.508,95;R$ 1.982.641,00
Em análise de enquadramento;738.2.0410/2017;Qualificação Viária;SC;Pomerode;Caixa Econômica Federal;Prefeitura Municipal de Pomerode;Qualificação Viária do Prefeitura Municipal de Pomerode;R$ 789.450,00;R$ 14.999.550,00;R$ 15.789.000,00
Em análise pelo administrador do Agente Financeiro;724.2.0310/2017;Qualificação Viária;SC;Pomerode;Caixa Econômica Federal;Prefeitura Municipal de Pomerode;Qualificação Viária do Prefeitura Municipal de Pomerode;R$ 789.450,00;R$ 14.999.550,00;R$ 15.789.000,00
Em análise de enquadramento;683.2.2809/2017;Qualificação Viária;GO;Mineiros;Caixa Econômica Federal;Prefeitura Municipal de Mineiros;Qualificação Viária do Prefeitura Municipal de Mineiros;R$ 653.142,61;R$ 12.409.709,45;R$ 13.062.852,06
Não enquadrada pelo Agente Financeiro;671.2.2809/2017;Qualificação Viária;PR;Ivaiporã;Banco Regional de Desenvolvimento do Extremo Sul – BRDE;Prefeitura Municipal de Ivaiporã;Qualificação Viária do Prefeitura Municipal de Ivaiporã;R$ 459.266,84;R$ 8.726.069,94;R$ 9.185.336,78
Não enquadrada pelo Agente Financeiro;1072.2.1411/2017;Qualificação Viária;SP;Rio Claro;Caixa Econômica Federal;Prefeitura Municipal de Rio Claro;Qualificação Viária do Prefeitura Municipal de Rio Claro;R$ 70.883,68;R$ 1.346.789,86;R$ 1.417.673,54
Não enquadrada pelo Agente Financeiro;731.2.0410/2017;Qualificação Viária;PE;Palmares;Caixa Econômica Federal;Prefeitura Municipal de Palmares;Qualificação Viária do Prefeitura Municipal de Palmares;R$ 466.613,96;R$ 8.865.665,15;R$ 9.332.279,11
Em análise de enquadramento;667.2.2709/2017;Qualificação Viária;PR;Iguatu;Caixa Econômica Federal;Prefeitura Municipal de Iguatu;Qualificação Viária do Prefeitura Municipal de Iguatu;R$ 51.250,00;R$ 973.750,00;R$ 1.025.000,00
Não enquadrada pelo Agente Financeiro;717.2.0210/2017;Qualificação Viária;PE;Bodocó;Caixa Econômica Federal;Prefeitura Municipal de Bodocó;Qualificação Viária do Prefeitura Municipal de Bodocó;R$ 362.406,88;R$ 6.885.730,65;R$ 7.248.137,53
Não enquadrada pelo Agente Financeiro;891.2.2410/2017;Qualificação Viária;RS;Guaíba;Caixa Econômica Federal;Prefeitura Municipal de Guaíba;Qualificação Viária do Prefeitura Municipal de Guaíba;R$ 999.916,64;R$ 18.998.416,15;R$ 19.998.332,79
Em análise de enquadramento;837.2.1610/2017;Qualificação Viária;PR;Cruzeiro do Iguaçu;Caixa Econômica Federal;Prefeitura Municipal de Cruzeiro do Iguaçu;Qualificação Viária do Prefeitura Municipal de Cruzeiro do Iguaçu;R$ 250.000,00;R$ 4.750.000,00;R$ 5.000.000,00
Pré-selecionada pelo Gestor da Aplicação;792.2.0910/2017;Qualificação Viária;SC;Mirim Doce;Caixa Econômica Federal;Prefeitura Municipal de Mirim Doce;Qualificação Viária do Prefeitura Municipal de Mirim Doce;R$ 76.727,25;R$ 1.457.817,75;R$ 1.534.545,00
Em análise de enquadramento;382.2.2808/2017;Qualificação Viária;SC;Guabiruba;Caixa Econômica Federal;Prefeitura Municipal de Guabiruba;Qualificação Viária do Prefeitura Municipal de Guabiruba;R$ 497.120,43;R$ 9.445.288,01;R$ 9.942.408,44
Pré-selecionada pelo Gestor da Aplicação;676.2.2809/2017;Qualificação Viária;SC;Penha;Banco Regional de Desenvolvimento do Extremo Sul – BRDE;Prefeitura Municipal de Penha;Qualificação Viária do Prefeitura Municipal de Penha;R$ 187.808,88;R$ 3.568.368,64;R$ 3.756.177,52
Não enquadrada pelo Agente Financeiro;917.2.2610/2017;Qualificação Viária;MT;Matupá;Banco do Brasil;Prefeitura Municipal de Matupá;Qualificação Viária do Prefeitura Municipal de Matupá;R$ 226.006,26;R$ 4.294.118,90;R$ 4.520.125,16
Selecionada pelo gestor da aplicação;622.2.2209/2017;Qualificação Viária;SP;Registro;Caixa Econômica Federal;Prefeitura Municipal de Registro;Qualificação Viária do Prefeitura Municipal de Registro;R$ 751.086,39;R$ 14.270.641,37;R$ 15.021.727,76
Não enquadrada pelo Agente Financeiro;755.24.0510/2017;Qualificação Viária;SC;Urussanga;Agência de Fomento de Santa Catarina - Badesc;Prefeitura Municipal de Urussanga;Qualificação Viária do Prefeitura Municipal de Urussanga;R$ 341.500,00;R$ 6.488.500,00;R$ 6.830.000,00
Em análise de enquadramento;756.2.0510/2017;Qualificação Viária;SC;Balneário Camboriú;Caixa Econômica Federal;Prefeitura Municipal de Balneário Camboriú;Qualificação Viária do Prefeitura Municipal de Balneário Camboriú;R$ 390.122,58;R$ 7.412.328,96;R$ 7.802.451,54
Em análise de enquadramento;757.2.0510/2017;Qualificação Viária;SC;Balneário Camboriú;Caixa Econômica Federal;Prefeitura Municipal de Balneário Camboriú;Qualificação Viária do Prefeitura Municipal de Balneário Camboriú;R$ 445.041,07;R$ 8.455.780,22;R$ 8.900.821,29
Em análise de enquadramento;758.2.0510/2017;Qualificação Viária;SC;Balneário Camboriú;Caixa Econômica Federal;Prefeitura Municipal de Balneário Camboriú;Qualificação Viária do Prefeitura Municipal de Balneário Camboriú;R$ 500.893,22;R$ 9.516.971,05;R$ 10.017.864,27
Em análise de enquadramento;765.2.0510/2017;Qualificação Viária;PR;São Miguel do Iguaçu;Caixa Econômica Federal;Prefeitura Municipal de São Miguel do Iguaçu;Qualificação Viária do Prefeitura Municipal de São Miguel do Iguaçu;R$ 230.000,00;R$ 4.370.000,00;R$ 4.600.000,00
Não enquadrada pelo Agente Financeiro;582.35.2109/2017;Transporte Não Motorizado;SP;Marília;Caixa Econômica Federal;Prefeitura Municipal de Marília;Transporte Não Motorizado do Prefeitura Municipal de Marília;R$ 200.000,00;R$ 3.625.000,00;R$ 3.825.000,00
Em análise de enquadramento;784.2.0610/2017;Qualificação Viária;ES;São Mateus;Caixa Econômica Federal;Prefeitura Municipal de São Mateus;Qualificação Viária do Prefeitura Municipal de São Mateus;R$ 499.292,92;R$ 9.486.565,33;R$ 9.985.858,25
Selecionada pelo gestor da aplicação;750.2.0510/2017;Qualificação Viária;GO;Mineiros;Caixa Econômica Federal;Prefeitura Municipal de Mineiros;Qualificação Viária do Prefeitura Municipal de Mineiros;R$ 653.142,61;R$ 12.409.709,45;R$ 13.062.852,06
Selecionada pelo gestor da aplicação;662.2.2709/2017;Qualificação Viária;SC;Riqueza;Caixa Econômica Federal;Prefeitura Municipal de Riqueza;Qualificação Viária do Prefeitura Municipal de Riqueza;R$ 175.543,19;R$ 3.335.320,50;R$ 3.510.863,69
Em análise de enquadramento;985.2.0611/2017;Qualificação Viária;PR;Sarandi;Caixa Econômica Federal;Prefeitura Municipal de Sarandi;Qualificação Viária do Prefeitura Municipal de Sarandi;R$ 163.841,35;R$ 3.112.985,57;R$ 3.276.826,92
Pré-selecionada pelo Gestor da Aplicação;746.5.0510/2017;Plano de Mobilidade Urbana;SP;Barretos;Caixa Econômica Federal;Prefeitura Municipal de Barretos;Plano de Mobilidade Urbana do Prefeitura Municipal de Barretos;R$ 52.631,58;R$ 1.000.000,00;R$ 1.052.631,58
Em análise de enquadramento;986.2.0611/2017;Qualificação Viária;PR;Sarandi;Caixa Econômica Federal;Prefeitura Municipal de Sarandi;Qualificação Viária do Prefeitura Municipal de Sarandi;R$ 154.442,31;R$ 2.934.403,71;R$ 3.088.846,02
Não enquadrada pelo Agente Financeiro;745.2.0510/2017;Qualificação Viária;PR;Pérola;Caixa Econômica Federal;Prefeitura Municipal de Pérola;Qualificação Viária do Prefeitura Municipal de Pérola;R$ 123.131,21;R$ 2.339.492,79;R$ 2.462.624,00
Em análise de enquadramento;1091.24.1611/2017;Qualificação Viária;RS;Pinhal da Serra;Caixa Econômica Federal;Prefeitura Municipal de Pinhal da Serra;Qualificação Viária do Prefeitura Municipal de Pinhal da Serra;R$ 100.000,00;R$ 1.796.000,00;R$ 1.896.000,00
Pré-selecionada pelo Gestor da Aplicação;771.3.0610/2017;Transporte Não Motorizado;SC;Doutor Pedrinho;Caixa Econômica Federal;Prefeitura Municipal de Doutor Pedrinho;Transporte Não Motorizado do Prefeitura Municipal de Doutor Pedrinho;R$ 194.981,10;R$ 3.704.640,73;R$ 3.899.621,83
Pré-selecionada pelo Gestor da Aplicação;749.2.0510/2017;Qualificação Viária;SC;Gaspar;Caixa Econômica Federal;Prefeitura Municipal de Gaspar;Qualificação Viária do Prefeitura Municipal de Gaspar;R$ 1.059.557,07;R$ 20.000.000,00;R$ 21.059.557,07
Pré-selecionada pelo Gestor da Aplicação;781.2.0610/2017;Qualificação Viária;PR;Irati;Caixa Econômica Federal;Prefeitura Municipal de Irati;Qualificação Viária do Prefeitura Municipal de Irati;R$ 472.817,27;R$ 8.983.528,11;R$ 9.456.345,38
Não enquadrada pelo Agente Financeiro;777.3.0610/2017;Transporte Não Motorizado;CE;Ibiapina;Banco do Brasil;Prefeitura Municipal de Ibiapina;Transporte Não Motorizado do Prefeitura Municipal de Ibiapina;R$ 60.000,00;R$ 1.140.000,00;R$ 1.200.000,00
Não enquadrada pelo Agente Financeiro;661.2.2709/2017;Qualificação Viária;PR;Lapa;Caixa Econômica Federal;Prefeitura Municipal de Lapa;Qualificação Viária do Prefeitura Municipal de Lapa;R$ 299.484,98;R$ 5.690.214,53;R$ 5.989.699,51
Não enquadrada pelo Agente Financeiro;761.2.0510/2017;Qualificação Viária;CE;Ibiapina;Banco do Brasil;Prefeitura Municipal de Ibiapina;Qualificação Viária do Prefeitura Municipal de Ibiapina;R$ 180.000,00;R$ 3.420.000,00;R$ 3.600.000,00
Não enquadrada pelo Agente Financeiro;762.2.0510/2017;Qualificação Viária;RS;Muliterno;Caixa Econômica Federal;Prefeitura Municipal de Muliterno;Qualificação Viária do Prefeitura Municipal de Muliterno;R$ 250.000,00;R$ 3.750.000,00;R$ 4.000.000,00
Pré-selecionada pelo Gestor da Aplicação;790.2.0910/2017;Qualificação Viária;MS;Maracaju;Caixa Econômica Federal;Prefeitura Municipal de Maracaju;Qualificação Viária do Prefeitura Municipal de Maracaju;R$ 100.000,00;R$ 1.900.000,00;R$ 2.000.000,00
Em análise de enquadramento;796.2.0910/2017;Qualificação Viária;SC;Balneário Rincão;Banco Regional de Desenvolvimento do Extremo Sul – BRDE;Prefeitura Municipal de Balneário Rincão;Qualificação Viária do Prefeitura Municipal de Balneário Rincão;R$ 228.102,65;R$ 4.333.950,24;R$ 4.562.052,89
Não enquadrada pelo Agente Financeiro;769.2.0610/2017;Qualificação Viária;SC;Morro Grande;Caixa Econômica Federal;Prefeitura Municipal de Morro Grande;Qualificação Viária do Prefeitura Municipal de Morro Grande;R$ 115.345,24;R$ 2.191.559,47;R$ 2.306.904,71
Não enquadrada pelo Agente Financeiro;814.25.1110/2017;Qualificação Viária;BA;Itabuna;Caixa Econômica Federal;Prefeitura Municipal de Itabuna;Qualificação Viária do Prefeitura Municipal de Itabuna;R$ 243.880,95;R$ 4.633.737,97;R$ 4.877.618,92
Não enquadrada pelo Agente Financeiro;770.2.0610/2017;Qualificação Viária;BA;Mata de São João;Caixa Econômica Federal;Prefeitura Municipal de Mata de São João;Qualificação Viária do Prefeitura Municipal de Mata de São João;R$ 153.500,00;R$ 2.916.500,00;R$ 3.070.000,00
Não enquadrada pelo Agente Financeiro;786.2.0710/2017;Qualificação Viária;SC;São Ludgero;Banco Regional de Desenvolvimento do Extremo Sul – BRDE;Prefeitura Municipal de São Ludgero;Qualificação Viária do Prefeitura Municipal de São Ludgero;R$ 123.127,77;R$ 2.339.427,59;R$ 2.462.555,36
Não enquadrada pelo Agente Financeiro;902.2.2510/2017;Qualificação Viária;SP;Monte Aprazível;Caixa Econômica Federal;Prefeitura Municipal de Monte Aprazível;Qualificação Viária do Prefeitura Municipal de Monte Aprazível;R$ 134.500,00;R$ 2.555.500,00;R$ 2.690.000,00
Não enquadrada pelo Agente Financeiro;754.24.0510/2017;Qualificação Viária;MG;Itabirito;Caixa Econômica Federal;Prefeitura Municipal de Itabirito;Qualificação Viária do Prefeitura Municipal de Itabirito;R$ 750.000,00;R$ 14.250.000,00;R$ 15.000.000,00
Pré-selecionada pelo Gestor da Aplicação;752.2.0510/2017;Qualificação Viária;SC;Guabiruba;Caixa Econômica Federal;Prefeitura Municipal de Guabiruba;Qualificação Viária do Prefeitura Municipal de Guabiruba;R$ 497.120,43;R$ 9.445.288,01;R$ 9.942.408,44
Pré-selecionada pelo Gestor da Aplicação;896.2.2410/2017;Qualificação Viária;RS;Barros Cassal;Caixa Econômica Federal;Prefeitura Municipal de Barros Cassal;Qualificação Viária do Prefeitura Municipal de Barros Cassal;R$ 250.000,00;R$ 4.750.000,00;R$ 5.000.000,00
Em análise de enquadramento;783.2.0610/2017;Qualificação Viária;ES;São Mateus;Caixa Econômica Federal;Prefeitura Municipal de São Mateus;Qualificação Viária do Prefeitura Municipal de São Mateus;R$ 70.115,48;R$ 1.332.194,07;R$ 1.402.309,55
Em análise de enquadramento;787.2.0710/2017;Qualificação Viária;ES;São Mateus;Caixa Econômica Federal;Prefeitura Municipal de São Mateus;Qualificação Viária do Prefeitura Municipal de São Mateus;R$ 133.775,85;R$ 2.541.741,01;R$ 2.675.516,86
Selecionada pelo gestor da aplicação;722.2.0310/2017;Qualificação Viária;SC;Itá;Caixa Econômica Federal;Prefeitura Municipal de Itá;Qualificação Viária do Prefeitura Municipal de Itá;R$ 36.421,53;R$ 692.008,99;R$ 728.430,52
Pré-selecionada pelo Gestor da Aplicação;859.2.1810/2017;Qualificação Viária;CE;Nova Olinda;Caixa Econômica Federal;Prefeitura Municipal de Nova Olinda;Qualificação Viária do Prefeitura Municipal de Nova Olinda;R$ 235.000,00;R$ 4.465.000,00;R$ 4.700.000,00
Selecionada pelo gestor da aplicação;679.2.2809/2017;Qualificação Viária;MS;Bonito;Caixa Econômica Federal;Prefeitura Municipal de Bonito;Qualificação Viária do Prefeitura Municipal de Bonito;R$ 94.704,33;R$ 1.799.382,13;R$ 1.894.086,46
Pré-selecionada pelo Gestor da Aplicação;900.2.2510/2017;Qualificação Viária;RS;Carlos Barbosa;Caixa Econômica Federal;Prefeitura Municipal de Carlos Barbosa;Qualificação Viária do Prefeitura Municipal de Carlos Barbosa;R$ 206.787,20;R$ 3.928.956,68;R$ 4.135.743,88
Não enquadrada pelo Agente Financeiro;799.35.0910/2017;Transporte Não Motorizado;PR;Pinhais;Caixa Econômica Federal;Prefeitura Municipal de Pinhais;Transporte Não Motorizado do Prefeitura Municipal de Pinhais;R$ 252.500,00;R$ 4.797.500,00;R$ 5.050.000,00
Em análise de enquadramento;882.2.2310/2017;Qualificação Viária;PR;Andirá;Fomento Paraná;Prefeitura Municipal de Andirá;Qualificação Viária do Prefeitura Municipal de Andirá;R$ 80.485,97;R$ 1.529.233,29;R$ 1.609.719,26
Pré-selecionada pelo Gestor da Aplicação;791.2.0910/2017;Qualificação Viária;MS;Maracaju;Caixa Econômica Federal;Prefeitura Municipal de Maracaju;Qualificação Viária do Prefeitura Municipal de Maracaju;R$ 225.000,00;R$ 4.275.000,00;R$ 4.500.000,00
Selecionada pelo gestor da aplicação;995.2.0711/2017;Qualificação Viária;RS;Arroio do Meio;Caixa Econômica Federal;Prefeitura Municipal de Arroio do Meio;Qualificação Viária do Prefeitura Municipal de Arroio do Meio;R$ 270.835,82;R$ 5.145.880,46;R$ 5.416.716,28
Pré-selecionada pelo Gestor da Aplicação;887.2.2410/2017;Qualificação Viária;SC;Ascurra;Caixa Econômica Federal;Prefeitura Municipal de Ascurra;Qualificação Viária do Prefeitura Municipal de Ascurra;R$ 125.000,00;R$ 2.375.000,00;R$ 2.500.000,00
Selecionada pelo gestor da aplicação;772.2.0610/2017;Qualificação Viária;PR;São Miguel do Iguaçu;Caixa Econômica Federal;Prefeitura Municipal de São Miguel do Iguaçu;Qualificação Viária do Prefeitura Municipal de São Miguel do Iguaçu;R$ 230.000,00;R$ 4.370.000,00;R$ 4.600.000,00
Pré-selecionada pelo Gestor da Aplicação;767.3.0610/2017;Transporte Não Motorizado;RS;São Francisco de Assis;Caixa Econômica Federal;Prefeitura Municipal de São Francisco de Assis;Transporte Não Motorizado do Prefeitura Municipal de São Francisco de Assis;R$ 46.439,35;R$ 882.347,50;R$ 928.786,85
Não enquadrada pelo Agente Financeiro;774.2.0610/2017;Qualificação Viária;CE;Ibiapina;Banco do Brasil;Prefeitura Municipal de Ibiapina;Qualificação Viária do Prefeitura Municipal de Ibiapina;R$ 180.000,00;R$ 3.420.000,00;R$ 3.600.000,00
Pré-selecionada pelo Gestor da Aplicação;1426.2.2712/2017;Qualificação Viária;RS;Guaporé;Caixa Econômica Federal;Prefeitura Municipal de Guaporé;Qualificação Viária do Prefeitura Municipal de Guaporé;R$ 750.000,00;R$ 14.250.000,00;R$ 15.000.000,00
Em análise de enquadramento;818.2.1110/2017;Qualificação Viária;PR;Mamborê;Caixa Econômica Federal;Prefeitura Municipal de Mamborê;Qualificação Viária do Prefeitura Municipal de Mamborê;R$ 250.000,00;R$ 4.750.000,00;R$ 5.000.000,00
Não enquadrada pelo Agente Financeiro;807.2.1010/2017;Qualificação Viária;SC;Imbituba;Caixa Econômica Federal;Prefeitura Municipal de Imbituba;Qualificação Viária do Prefeitura Municipal de Imbituba;R$ 750.000,00;R$ 14.250.000,00;R$ 15.000.000,00
Não enquadrada pelo Agente Financeiro;883.24.2310/2017;Qualificação Viária;MG;Cana Verde;Caixa Econômica Federal;Prefeitura Municipal de Cana Verde;Qualificação Viária do Prefeitura Municipal de Cana Verde;R$ 68.250,00;R$ 1.296.750,00;R$ 1.365.000,00
Não enquadrada pelo Agente Financeiro;1106.2.1711/2017;Qualificação Viária;SP;Chavantes;Caixa Econômica Federal;Prefeitura Municipal de Chavantes;Qualificação Viária do Prefeitura Municipal de Chavantes;R$ 155.500,00;R$ 2.954.500,00;R$ 3.110.000,00
Em análise de enquadramento;798.2.0910/2017;Qualificação Viária;MG;Bueno Brandão;Caixa Econômica Federal;Prefeitura Municipal de Bueno Brandão;Qualificação Viária do Prefeitura Municipal de Bueno Brandão;R$ 38.366,50;R$ 728.963,40;R$ 767.329,90
Em análise de enquadramento;819.2.1110/2017;Qualificação Viária;CE;Aracati;Caixa Econômica Federal;Prefeitura Municipal de Aracati;Qualificação Viária do Prefeitura Municipal de Aracati;R$ 983.506,50;R$ 18.686.623,50;R$ 19.670.130,00
Em análise de enquadramento;878.2.2310/2017;Qualificação Viária;PR;Lapa;Caixa Econômica Federal;Prefeitura Municipal de Lapa;Qualificação Viária do Prefeitura Municipal de Lapa;R$ 299.484,98;R$ 5.690.214,53;R$ 5.989.699,51
Em análise de enquadramento;875.2.2310/2017;Qualificação Viária;PR;Lapa;Caixa Econômica Federal;Prefeitura Municipal de Lapa;Qualificação Viária do Prefeitura Municipal de Lapa;R$ 450.514,94;R$ 8.559.783,70;R$ 9.010.298,64
Não enquadrada pelo Agente Financeiro;803.2.1010/2017;Qualificação Viária;RS;Lindolfo Collor;Caixa Econômica Federal;Prefeitura Municipal de Lindolfo Collor;Qualificação Viária do Prefeitura Municipal de Lindolfo Collor;R$ 110.732,48;R$ 2.103.917,01;R$ 2.214.649,49
Não enquadrada pelo Agente Financeiro;399.2.2908/2017;Qualificação Viária;RN;Macaíba;Caixa Econômica Federal;Prefeitura Municipal de Macaíba;Qualificação Viária do Prefeitura Municipal de Macaíba;R$ 999.928,22;R$ 18.998.636,07;R$ 19.998.564,29
Não enquadrada pelo Agente Financeiro;898.2.2410/2017;Qualificação Viária;SP;Araçatuba;Caixa Econômica Federal;Prefeitura Municipal de Araçatuba;Qualificação Viária do Prefeitura Municipal de Araçatuba;R$ 420.000,00;R$ 7.980.000,00;R$ 8.400.000,00
Selecionada pelo gestor da aplicação;962.24.0111/2017;Qualificação Viária;MS;Sonora;Caixa Econômica Federal;Prefeitura Municipal de Sonora;Qualificação Viária do Prefeitura Municipal de Sonora;R$ 262.500,00;R$ 4.987.500,00;R$ 5.250.000,00
Não enquadrada pelo Agente Financeiro;151.2.1808/2017;Qualificação Viária;RS;Doutor Maurício Cardoso;Caixa Econômica Federal;Prefeitura Municipal de Doutor Maurício Cardoso;Qualificação Viária do Prefeitura Municipal de Doutor Maurício Cardoso;R$ 121.539,76;R$ 2.309.255,28;R$ 2.430.795,04
Não enquadrada pelo Agente Financeiro;696.2.2909/2017;Qualificação Viária;RS;São José do Ouro;Caixa Econômica Federal;Prefeitura Municipal de São José do Ouro;Qualificação Viária do Prefeitura Municipal de São José do Ouro;R$ 65.000,00;R$ 1.235.000,00;R$ 1.300.000,00
Não enquadrada pelo Agente Financeiro;237.2.2408/2017;Qualificação Viária;RN;Caicó;Caixa Econômica Federal;Prefeitura Municipal de Caicó;Qualificação Viária do Prefeitura Municipal de Caicó;R$ 473.000,00;R$ 8.987.000,00;R$ 9.460.000,00
Selecionada pelo gestor da aplicação;800.245.0910/2017;Qualificação Viária;MG;Pouso Alegre;Caixa Econômica Federal;Prefeitura Municipal de Pouso Alegre;Qualificação Viária do Prefeitura Municipal de Pouso Alegre;R$ 2.992.985,02;R$ 30.000.000,00;R$ 32.992.985,02
Não enquadrada pelo Agente Financeiro;167.2.1908/2017;Qualificação Viária;RN;Brejinho;Caixa Econômica Federal;Prefeitura Municipal de Brejinho;Qualificação Viária do Prefeitura Municipal de Brejinho;R$ 120.000,00;R$ 2.280.000,00;R$ 2.400.000,00
Pré-selecionada pelo Gestor da Aplicação;821.2.1110/2017;Qualificação Viária;SP;Santana de Parnaíba;Caixa Econômica Federal;Prefeitura Municipal de Santana de Parnaíba;Qualificação Viária do Prefeitura Municipal de Santana de Parnaíba;R$ 806.938,06;R$ 15.331.823,13;R$ 16.138.761,19
Em análise de enquadramento;842.2.1610/2017;Qualificação Viária;CE;Miraíma;Caixa Econômica Federal;Prefeitura Municipal de Miraíma;Qualificação Viária do Prefeitura Municipal de Miraíma;R$ 241.110,00;R$ 4.581.090,00;R$ 4.822.200,00
Pré-selecionada pelo Gestor da Aplicação;1095.2.1611/2017;Qualificação Viária;MG;Ipaba;Caixa Econômica Federal;Prefeitura Municipal de Ipaba;Qualificação Viária do Prefeitura Municipal de Ipaba;R$ 224.242,91;R$ 4.172.676,92;R$ 4.396.919,83
Selecionada pelo gestor da aplicação;764.2.0510/2017;Qualificação Viária;SC;Pomerode;Caixa Econômica Federal;Prefeitura Municipal de Pomerode;Qualificação Viária do Prefeitura Municipal de Pomerode;R$ 789.450,00;R$ 14.999.550,00;R$ 15.789.000,00
Selecionada pelo gestor da aplicação;776.2.0610/2017;Qualificação Viária;RS;Sinimbu;Caixa Econômica Federal;Prefeitura Municipal de Sinimbu;Qualificação Viária do Prefeitura Municipal de Sinimbu;R$ 137.815,16;R$ 2.618.487,90;R$ 2.756.303,06
Pré-selecionada pelo Gestor da Aplicação;937.24.2710/2017;Qualificação Viária;MS;Jardim;Caixa Econômica Federal;Prefeitura Municipal de Jardim;Qualificação Viária do Prefeitura Municipal de Jardim;R$ 739.930,38;R$ 14.058.677,04;R$ 14.798.607,42
Em análise de enquadramento;849.2.1710/2017;Qualificação Viária;MG;Itapeva;Caixa Econômica Federal;Prefeitura Municipal de Itapeva;Qualificação Viária do Prefeitura Municipal de Itapeva;R$ 189.050,00;R$ 3.591.950,00;R$ 3.781.000,00
Em análise de enquadramento;813.2.1110/2017;Qualificação Viária;PR;Farol;Caixa Econômica Federal;Prefeitura Municipal de Farol;Qualificação Viária do Prefeitura Municipal de Farol;R$ 75.000,00;R$ 1.425.000,00;R$ 1.500.000,00
Em análise de enquadramento;998.2.0711/2017;Qualificação Viária;PR;Toledo;Caixa Econômica Federal;Prefeitura Municipal de Toledo;Qualificação Viária do Prefeitura Municipal de Toledo;R$ 925.000,00;R$ 17.575.000,00;R$ 18.500.000,00
Não enquadrada pelo Agente Financeiro;254.2.2408/2017;Qualificação Viária;SC;Entre Rios;Caixa Econômica Federal;Prefeitura Municipal de Entre Rios;Qualificação Viária do Prefeitura Municipal de Entre Rios;R$ 50.940,00;R$ 967.860,00;R$ 1.018.800,00
Em análise de enquadramento;1223.2.0512/2017;Qualificação Viária;SC;Rancho Queimado;Caixa Econômica Federal;Prefeitura Municipal de Rancho Queimado;Qualificação Viária do Prefeitura Municipal de Rancho Queimado;R$ 123.074,75;R$ 2.082.525,25;R$ 2.205.600,00
Em análise de enquadramento;910.2.2610/2017;Qualificação Viária;PE;Itapissuma;Caixa Econômica Federal;Prefeitura Municipal de Itapissuma;Qualificação Viária do Prefeitura Municipal de Itapissuma;R$ 249.949,25;R$ 4.749.035,59;R$ 4.998.984,84
Não enquadrada pelo Agente Financeiro;959.2.3110/2017;Qualificação Viária;CE;Horizonte;Caixa Econômica Federal;Prefeitura Municipal de Horizonte;Qualificação Viária do Prefeitura Municipal de Horizonte;R$ 999.917,00;R$ 18.998.423,00;R$ 19.998.340,00
Selecionada pelo gestor da aplicação;924.2.2610/2017;Qualificação Viária;PR;Porto Vitória;Caixa Econômica Federal;Prefeitura Municipal de Porto Vitória;Qualificação Viária do Prefeitura Municipal de Porto Vitória;R$ 82.043,50;R$ 1.558.826,50;R$ 1.640.870,00
Em análise de enquadramento;880.2.2310/2017;Qualificação Viária;PR;Faxinal;Caixa Econômica Federal;Prefeitura Municipal de Faxinal;Qualificação Viária do Prefeitura Municipal de Faxinal;R$ 200.000,00;R$ 3.800.000,00;R$ 4.000.000,00
Pré-selecionada pelo Gestor da Aplicação;916.2.2610/2017;Qualificação Viária;RS;Rolante;Caixa Econômica Federal;Prefeitura Municipal de Rolante;Qualificação Viária do Prefeitura Municipal de Rolante;R$ 705.473,86;R$ 13.404.003,14;R$ 14.109.477,00
Em análise de enquadramento;1383.2.2112/2017;Qualificação Viária;RS;Veranópolis;Caixa Econômica Federal;Prefeitura Municipal de Veranópolis;Qualificação Viária do Prefeitura Municipal de Veranópolis;R$ 167.081,41;R$ 3.174.546,70;R$ 3.341.628,11
Não enquadrada pelo Agente Financeiro;940.2.2710/2017;Qualificação Viária;SC;Imbituba;Caixa Econômica Federal;Prefeitura Municipal de Imbituba;Qualificação Viária do Prefeitura Municipal de Imbituba;R$ 750.000,00;R$ 14.250.000,00;R$ 15.000.000,00
Não enquadrada pelo Agente Financeiro;1036.24.1111/2017;Qualificação Viária;GO;Trindade;Caixa Econômica Federal;Prefeitura Municipal de Trindade;Qualificação Viária do Prefeitura Municipal de Trindade;R$ 600.000,00;R$ 11.400.000,00;R$ 12.000.000,00
Em análise de enquadramento;873.2.2210/2017;Qualificação Viária;PR;Florestópolis;Caixa Econômica Federal;Prefeitura Municipal de Florestópolis;Qualificação Viária do Prefeitura Municipal de Florestópolis;R$ 47.000,00;R$ 893.000,00;R$ 940.000,00
Selecionada pelo gestor da aplicação;908.2.2610/2017;Qualificação Viária;SC;Itá;Caixa Econômica Federal;Prefeitura Municipal de Itá;Qualificação Viária do Prefeitura Municipal de Itá;R$ 161.575,62;R$ 3.067.936,78;R$ 3.229.512,40
Pré-selecionada pelo Gestor da Aplicação;1297.2.1312/2017;Qualificação Viária;RS;Travesseiro;Banco Regional de Desenvolvimento do Extremo Sul – BRDE;Prefeitura Municipal de Travesseiro;Qualificação Viária do Prefeitura Municipal de Travesseiro;R$ 254.066,55;R$ 2.073.189,55;R$ 2.327.256,10
Pré-selecionada pelo Gestor da Aplicação;953.2.3110/2017;Qualificação Viária;SC;União do Oeste;Caixa Econômica Federal;Prefeitura Municipal de União do Oeste;Qualificação Viária do Prefeitura Municipal de União do Oeste;R$ 52.500,00;R$ 997.500,00;R$ 1.050.000,00
Em análise de enquadramento;911.3.2610/2017;Transporte Não Motorizado;PR;Cafelândia;Caixa Econômica Federal;Prefeitura Municipal de Cafelândia;Transporte Não Motorizado do Prefeitura Municipal de Cafelândia;R$ 48.750,00;R$ 926.250,00;R$ 975.000,00
Não enquadrada pelo Agente Financeiro;921.2.2610/2017;Qualificação Viária;MG;Barão de Cocais;Caixa Econômica Federal;Prefeitura Municipal de Barão de Cocais;Qualificação Viária do Prefeitura Municipal de Barão de Cocais;R$ 750.000,00;R$ 14.250.000,00;R$ 15.000.000,00
Não enquadrada pelo Agente Financeiro;406.2.3008/2017;Qualificação Viária;SC;Braço do Norte;Banco Regional de Desenvolvimento do Extremo Sul – BRDE;Prefeitura Municipal de Braço do Norte;Qualificação Viária do Prefeitura Municipal de Braço do Norte;R$ 784.632,66;R$ 14.908.020,45;R$ 15.692.653,11
Em análise de enquadramento;94.2.1108/2017;Qualificação Viária;RS;Vale do Sol;Caixa Econômica Federal;Município de Vale do Sol;Qualificação Viária do Município de Vale do Sol;R$ 187.500,00;R$ 3.562.500,00;R$ 3.750.000,00
Em análise de enquadramento;913.3.2610/2017;Transporte Não Motorizado;PR;Cafelândia;Caixa Econômica Federal;Prefeitura Municipal de Cafelândia;Transporte Não Motorizado do Prefeitura Municipal de Cafelândia;R$ 56.250,00;R$ 1.068.750,00;R$ 1.125.000,00
Em análise de enquadramento;919.2.2610/2017;Qualificação Viária;RS;Camargo;Banco Regional de Desenvolvimento do Extremo Sul – BRDE;MUNICIPIO DE CAMARGO;Qualificação Viária do MUNICIPIO DE CAMARGO;R$ 61.859,88;R$ 1.175.337,61;R$ 1.237.197,49
Pré-selecionada pelo Gestor da Aplicação;928.2.2710/2017;Qualificação Viária;PR;Porto Vitória;Caixa Econômica Federal;Prefeitura Municipal de Porto Vitória;Qualificação Viária do Prefeitura Municipal de Porto Vitória;R$ 55.576,50;R$ 1.055.953,50;R$ 1.111.530,00
Pré-selecionada pelo Gestor da Aplicação;942.2.3010/2017;Qualificação Viária;RS;Vale do Sol;Caixa Econômica Federal;Município de Vale do Sol;Qualificação Viária do Município de Vale do Sol;R$ 187.500,00;R$ 3.562.500,00;R$ 3.750.000,00
Pré-selecionada pelo Gestor da Aplicação;884.2.2310/2017;Qualificação Viária;RS;Muliterno;Caixa Econômica Federal;Prefeitura Municipal de Muliterno;Qualificação Viária do Prefeitura Municipal de Muliterno;R$ 300.000,00;R$ 4.550.000,00;R$ 4.850.000,00
Selecionada pelo gestor da aplicação;944.2.3010/2017;Qualificação Viária;PR;Lapa;Caixa Econômica Federal;Prefeitura Municipal de Lapa;Qualificação Viária do Prefeitura Municipal de Lapa;R$ 299.484,98;R$ 5.690.214,53;R$ 5.989.699,51
Em análise de enquadramento;946.24.3010/2017;Qualificação Viária;RS;Tupanci do Sul;Caixa Econômica Federal;Prefeitura Municipal de Tupanci do Sul;Qualificação Viária do Prefeitura Municipal de Tupanci do Sul;R$ 80.787,50;R$ 1.534.962,50;R$ 1.615.750,00
Selecionada pelo gestor da aplicação;901.2.2510/2017;Qualificação Viária;MG;Serrania;Caixa Econômica Federal;Prefeitura Municipal de Serrania;Qualificação Viária do Prefeitura Municipal de Serrania;R$ 236.454,56;R$ 4.492.636,62;R$ 4.729.091,18
Em análise de enquadramento;914.3.2610/2017;Transporte Não Motorizado;PR;Cafelândia;Caixa Econômica Federal;Prefeitura Municipal de Cafelândia;Transporte Não Motorizado do Prefeitura Municipal de Cafelândia;R$ 63.750,00;R$ 1.211.250,00;R$ 1.275.000,00
Em análise de enquadramento;915.3.2610/2017;Transporte Não Motorizado;PR;Cafelândia;Caixa Econômica Federal;Prefeitura Municipal de Cafelândia;Transporte Não Motorizado do Prefeitura Municipal de Cafelândia;R$ 81.475,00;R$ 1.548.025,00;R$ 1.629.500,00
Em análise de enquadramento;1016.2.0911/2017;Qualificação Viária;CE;Pacatuba;Caixa Econômica Federal;Prefeitura Municipal de Pacatuba;Qualificação Viária do Prefeitura Municipal de Pacatuba;R$ 365.075,85;R$ 6.936.441,10;R$ 7.301.516,95
Selecionada pelo gestor da aplicação;1186.2.2911/2017;Qualificação Viária;PR;Prudentópolis;Caixa Econômica Federal;Prefeitura Municipal de Prudentópolis;Qualificação Viária do Prefeitura Municipal de Prudentópolis;R$ 774.771,45;R$ 10.000.000,00;R$ 10.774.771,45
Pré-selecionada pelo Gestor da Aplicação;1006.2.0811/2017;Qualificação Viária;PR;Mercedes;Caixa Econômica Federal;Prefeitura Municipal de Mercedes;Qualificação Viária do Prefeitura Municipal de Mercedes;R$ 52.295,50;R$ 993.614,50;R$ 1.045.910,00
Em análise pelo administrador do Agente Financeiro;1322.2.1812/2017;Qualificação Viária;SP;Ipaussu;Caixa Econômica Federal;Prefeitura Municipal de Ipaussu;Qualificação Viária do Prefeitura Municipal de Ipaussu;R$ 220.208,51;R$ 4.183.961,57;R$ 4.404.170,08
Em análise de enquadramento;961.2.0111/2017;Qualificação Viária;PR;Peabiru;Caixa Econômica Federal;Prefeitura Municipal de Peabiru;Qualificação Viária do Prefeitura Municipal de Peabiru;R$ 82.500,00;R$ 1.567.500,00;R$ 1.650.000,00
Em análise de enquadramento;1018.2.0911/2017;Qualificação Viária;MS;Paraíso das Águas;Caixa Econômica Federal;Prefeitura Municipal de Paraíso das Águas;Qualificação Viária do Prefeitura Municipal de Paraíso das Águas;R$ 250.000,00;R$ 4.680.000,00;R$ 4.930.000,00
Não enquadrada pelo Agente Financeiro;997.2.0711/2017;Qualificação Viária;MT;Nova Santa Helena;Caixa Econômica Federal;Prefeitura Municipal de Nova Santa Helena;Qualificação Viária do Prefeitura Municipal de Nova Santa Helena;R$ 241.585,29;R$ 4.590.120,49;R$ 4.831.705,78
Selecionada pelo gestor da aplicação;993.2.0711/2017;Qualificação Viária;PR;Brasilândia do Sul;Caixa Econômica Federal;Prefeitura Municipal de Brasilândia do Sul;Qualificação Viária do Prefeitura Municipal de Brasilândia do Sul;R$ 100.000,00;R$ 1.900.000,00;R$ 2.000.000,00
Pré-selecionada pelo Gestor da Aplicação;1299.2.1312/2017;Qualificação Viária;PR;Andirá;Fomento Paraná;Prefeitura Municipal de Andirá;Qualificação Viária do Prefeitura Municipal de Andirá;R$ 80.485,97;R$ 1.529.233,29;R$ 1.609.719,26
Em análise de enquadramento;1159.2.2411/2017;Qualificação Viária;MG;Belo Oriente;Caixa Econômica Federal;Prefeitura Municipal de Belo Oriente;Qualificação Viária do Prefeitura Municipal de Belo Oriente;R$ 86.270,00;R$ 1.639.130,00;R$ 1.725.400,00
Pré-selecionada pelo Gestor da Aplicação;1003.2.0711/2017;Qualificação Viária;MG;Bueno Brandão;Caixa Econômica Federal;Prefeitura Municipal de Bueno Brandão;Qualificação Viária do Prefeitura Municipal de Bueno Brandão;R$ 59.866,50;R$ 1.137.463,40;R$ 1.197.329,90
Selecionada pelo gestor da aplicação;958.2.3110/2017;Qualificação Viária;RS;São Sebastião do Caí;Caixa Econômica Federal;Prefeitura Municipal de São Sebastião do Caí;Qualificação Viária do Prefeitura Municipal de São Sebastião do Caí;R$ 144.944,84;R$ 2.753.951,95;R$ 2.898.896,79
Pré-selecionada pelo Gestor da Aplicação;72.25.0808/2017;Qualificação Viária;MG;Sabará;Caixa Econômica Federal;Prefeitura Municipal de Sabará;Qualificação Viária do Prefeitura Municipal de Sabará;R$ 1.315.836,27;R$ 25.000.889,02;R$ 26.316.725,29
Pré-selecionada pelo Gestor da Aplicação;795.2.0910/2017;Qualificação Viária;RS;Agudo;Caixa Econômica Federal;Prefeitura Municipal de Agudo;Qualificação Viária do Prefeitura Municipal de Agudo;R$ 82.670,00;R$ 1.570.730,00;R$ 1.653.400,00
Selecionada pelo gestor da aplicação;992.2.0711/2017;Qualificação Viária;SC;São José do Cerrito;Caixa Econômica Federal;Prefeitura Municipal de São José do Cerrito;Qualificação Viária do Prefeitura Municipal de São José do Cerrito;R$ 149.834,31;R$ 2.846.851,69;R$ 2.996.686,00
Pré-selecionada pelo Gestor da Aplicação;1111.3.2011/2017;Transporte Não Motorizado;PR;Campo Largo;Caixa Econômica Federal;Prefeitura Municipal de Campo Largo;Transporte Não Motorizado do Prefeitura Municipal de Campo Largo;R$ 310.153,62;R$ 5.892.918,58;R$ 6.203.072,20
Em análise de enquadramento;1002.2.0711/2017;Qualificação Viária;PR;Mariópolis;Caixa Econômica Federal;Prefeitura Municipal de Mariópolis;Qualificação Viária do Prefeitura Municipal de Mariópolis;R$ 102.000,00;R$ 1.938.000,00;R$ 2.040.000,00
Não enquadrada pelo Agente Financeiro;310.2.2508/2017;Qualificação Viária;MG;Ouro Preto;Caixa Econômica Federal;Prefeitura Municipal de Ouro Preto;Qualificação Viária do Prefeitura Municipal de Ouro Preto;R$ 90.720,48;R$ 1.723.688,96;R$ 1.814.409,44
Selecionada pelo gestor da aplicação;943.2.3010/2017;Qualificação Viária;PR;Lapa;Caixa Econômica Federal;Prefeitura Municipal de Lapa;Qualificação Viária do Prefeitura Municipal de Lapa;R$ 450.514,94;R$ 8.559.783,70;R$ 9.010.298,64
Em análise de enquadramento;1583.24.2301/2018;Qualificação Viária;PR;Braganey;Caixa Econômica Federal;Prefeitura Municipal de Braganey;Qualificação Viária do Prefeitura Municipal de Braganey;R$ 121.750,00;R$ 2.313.250,00;R$ 2.435.000,00
Selecionada pelo gestor da aplicação;1495.2.0501/2018;Qualificação Viária;RS;Marau;Banco Regional de Desenvolvimento do Extremo Sul – BRDE;Prefeitura Municipal de Marau;Qualificação Viária do Prefeitura Municipal de Marau;R$ 507.000,00;R$ 9.633.000,00;R$ 10.140.000,00
Em análise de enquadramento;1038.2.1311/2017;Qualificação Viária;RS;São Pedro do Butiá;Caixa Econômica Federal;Prefeitura Municipal de São Pedro do Butiá;Qualificação Viária do Prefeitura Municipal de São Pedro do Butiá;R$ 224.313,93;R$ 4.261.964,53;R$ 4.486.278,46
Pré-selecionada pelo Gestor da Aplicação;988.2.0611/2017;Qualificação Viária;MG;Iturama;Caixa Econômica Federal;Prefeitura Municipal de Iturama;Qualificação Viária do Prefeitura Municipal de Iturama;R$ 750.000,00;R$ 14.250.000,00;R$ 15.000.000,00
Selecionada pelo gestor da aplicação;67.25.0808/2017;Qualificação Viária;SC;Brusque;Banco Regional de Desenvolvimento do Extremo Sul – BRDE;Prefeitura Municipal de Brusque;Qualificação Viária do Prefeitura Municipal de Brusque;R$ 1.195.451,01;R$ 22.713.569,12;R$ 23.909.020,13
Não enquadrada pelo Agente Financeiro;1012.24.0811/2017;Qualificação Viária;PR;Paranavaí;Caixa Econômica Federal;Prefeitura Municipal de Paranavaí;Qualificação Viária do Prefeitura Municipal de Paranavaí;R$ 365.265,69;R$ 6.940.048,00;R$ 7.305.313,69
Em análise pelo administrador do Agente Financeiro;991.2.0711/2017;Qualificação Viária;SP;Poá;Caixa Econômica Federal;Prefeitura Municipal de Poá;Qualificação Viária do Prefeitura Municipal de Poá;R$ 1.000.150,00;R$ 19.002.850,00;R$ 20.003.000,00
Em análise de enquadramento;895.2.2410/2017;Qualificação Viária;RS;Candiota;Caixa Econômica Federal;Prefeitura Municipal de Candiota;Qualificação Viária do Prefeitura Municipal de Candiota;R$ 100.000,00;R$ 1.900.000,00;R$ 2.000.000,00
Em análise de enquadramento;1011.2.0811/2017;Qualificação Viária;MG;Rio Casca;Caixa Econômica Federal;Prefeitura Municipal de Rio Casca;Qualificação Viária do Prefeitura Municipal de Rio Casca;R$ 185.967,86;R$ 3.533.389,21;R$ 3.719.357,07
Não enquadrada pelo Agente Financeiro;1005.24.0711/2017;Qualificação Viária;MG;Timóteo;Caixa Econômica Federal;Prefeitura Municipal de Timóteo;Qualificação Viária do Prefeitura Municipal de Timóteo;R$ 1.000.000,00;R$ 19.000.000,00;R$ 20.000.000,00
Selecionada pelo gestor da aplicação;557.2.1909/2017;Qualificação Viária;PR;Pitanga;Caixa Econômica Federal;Prefeitura Municipal de Pitanga;Qualificação Viária do Prefeitura Municipal de Pitanga;R$ 135.907,89;R$ 2.582.249,75;R$ 2.718.157,64
Em análise de enquadramento;1056.2.1411/2017;Qualificação Viária;MG;Catuti;Caixa Econômica Federal;Prefeitura Municipal de Catuti;Qualificação Viária do Prefeitura Municipal de Catuti;R$ 26.500,00;R$ 503.500,00;R$ 530.000,00
Devolvida ao Proponente;1009.2.0811/2017;Qualificação Viária;RS;Manoel Viana;Caixa Econômica Federal;Prefeitura Municipal de Manoel Viana;Qualificação Viária do Prefeitura Municipal de Manoel Viana;R$ 102.500,00;R$ 1.947.500,00;R$ 2.050.000,00
Selecionada pelo gestor da aplicação;635.2.2609/2017;Qualificação Viária;SC;Rio do Sul;Banco Regional de Desenvolvimento do Extremo Sul – BRDE;Prefeitura Municipal de Rio do Sul;Qualificação Viária do Prefeitura Municipal de Rio do Sul;R$ 701.011,06;R$ 13.319.210,00;R$ 14.020.221,06
Selecionada pelo gestor da aplicação;552.2.1809/2017;Qualificação Viária;SC;Jaraguá do Sul;Caixa Econômica Federal;Prefeitura Municipal de Jaraguá do Sul;Qualificação Viária do Prefeitura Municipal de Jaraguá do Sul;R$ 1.499.504,19;R$ 28.490.579,54;R$ 29.990.083,73
Pré-selecionada pelo Gestor da Aplicação;412.24.3008/2017;Qualificação Viária;MS;Bela Vista;Caixa Econômica Federal;Prefeitura Municipal de Bela Vista;Qualificação Viária do Prefeitura Municipal de Bela Vista;R$ 761.337,61;R$ 14.465.414,55;R$ 15.226.752,16
Pré-selecionada pelo Gestor da Aplicação;473.2.0609/2017;Qualificação Viária;SP;Itapira;Caixa Econômica Federal;Prefeitura Municipal de Itapira;Qualificação Viária do Prefeitura Municipal de Itapira;R$ 1.077.000,00;R$ 20.000.000,00;R$ 21.077.000,00
Devolvida ao Proponente;2844.2.0205/2018;Qualificação Viária;RS;Arroio do Tigre;Caixa Econômica Federal;Prefeitura Municipal de Arroio do Tigre;Qualificação Viária do Prefeitura Municipal de Arroio do Tigre;R$ 170.000,00;R$ 2.929.096,00;R$ 3.099.096,00
Enquadrada pelo Agente Financeiro;685.2.2809/2017;Qualificação Viária;RJ;Saquarema;Caixa Econômica Federal;Prefeitura Municipal de Saquarema;Qualificação Viária do Prefeitura Municipal de Saquarema;R$ 1.000.000,00;R$ 19.000.000,00;R$ 20.000.000,00
Enquadrada pelo Agente Financeiro;605.2.2109/2017;Qualificação Viária;PE;Afrânio;Caixa Econômica Federal;Prefeitura Municipal de Afrânio;Qualificação Viária do Prefeitura Municipal de Afrânio;R$ 250.000,00;R$ 4.750.000,00;R$ 5.000.000,00
Enquadrada pelo Agente Financeiro;1001.2.0711/2017;Qualificação Viária;TO;Gurupi;Caixa Econômica Federal;Prefeitura Municipal de Gurupi;Qualificação Viária do Prefeitura Municipal de Gurupi;R$ 1.000.000,00;R$ 19.000.000,00;R$ 20.000.000,00
Enquadrada pelo Agente Financeiro;941.2.3010/2017;Qualificação Viária;SC;Xanxerê;Banco Regional de Desenvolvimento do Extremo Sul – BRDE;Prefeitura Municipal de Xanxerê;Qualificação Viária do Prefeitura Municipal de Xanxerê;R$ 313.300,00;R$ 5.952.700,00;R$ 6.266.000,00
Devolvida ao Agente Financeiro;789.2.0910/2017;Qualificação Viária;SC;Arabutã;Agência de Fomento de Santa Catarina - Badesc;Prefeitura Municipal de Arabutã;Qualificação Viária do Prefeitura Municipal de Arabutã;R$ 250.000,00;R$ 4.750.000,00;R$ 5.000.000,00
Em análise de enquadramento;1303.2.1412/2017;Qualificação Viária;SC;Ilhota;Caixa Econômica Federal;Prefeitura Municipal de Ilhota;Qualificação Viária do Prefeitura Municipal de Ilhota;R$ 115.801,84;R$ 2.200.234,91;R$ 2.316.036,75
Selecionada pelo gestor da aplicação;449.2.0409/2017;Qualificação Viária;RS;Encantado;Caixa Econômica Federal;Prefeitura Municipal de Encantado;Qualificação Viária do Prefeitura Municipal de Encantado;R$ 339.419,89;R$ 6.448.977,89;R$ 6.788.397,78
Selecionada pelo gestor da aplicação;160.24.1808/2017;Qualificação Viária;MG;Itajubá;Caixa Econômica Federal;Prefeitura Municipal de Itajubá;Qualificação Viária do Prefeitura Municipal de Itajubá;R$ 1.046.282,72;R$ 19.879.371,51;R$ 20.925.654,23
Pré-selecionada pelo Gestor da Aplicação;994.2.0711/2017;Qualificação Viária;MS;Corumbá;Caixa Econômica Federal;Prefeitura Municipal de Corumbá;Qualificação Viária do Prefeitura Municipal de Corumbá;R$ 1.248.427,41;R$ 23.720.120,61;R$ 24.968.548,02
Pré-selecionada pelo Gestor da Aplicação;956.25.3110/2017;Qualificação Viária;SC;Lages;Caixa Econômica Federal;Prefeitura Municipal de Lages;Qualificação Viária do Prefeitura Municipal de Lages;R$ 1.500.000,00;R$ 28.500.000,00;R$ 30.000.000,00
Pré-selecionada pelo Gestor da Aplicação;838.2.1610/2017;Qualificação Viária;PR;Assis Chateaubriand;Fomento Paraná;Prefeitura Municipal de Assis Chateaubriand;Qualificação Viária do Prefeitura Municipal de Assis Chateaubriand;R$ 216.500,00;R$ 4.113.500,00;R$ 4.330.000,00
Pré-selecionada pelo Gestor da Aplicação;1040.2.1311/2017;Qualificação Viária;SP;Itupeva;Caixa Econômica Federal;Prefeitura Municipal de Itupeva;Qualificação Viária do Prefeitura Municipal de Itupeva;R$ 545.100,00;R$ 10.356.900,00;R$ 10.902.000,00
Pré-selecionada pelo Gestor da Aplicação;1237.2.0612/2017;Qualificação Viária;PR;Toledo;Caixa Econômica Federal;Prefeitura Municipal de Toledo;Qualificação Viária do Prefeitura Municipal de Toledo;R$ 325.000,00;R$ 6.175.000,00;R$ 6.500.000,00
Enquadrada pelo Agente Financeiro;1248.2.0712/2017;Qualificação Viária;MG;Divino;Caixa Econômica Federal;Prefeitura Municipal de Divino;Qualificação Viária do Prefeitura Municipal de Divino;R$ 53.000,00;R$ 1.007.000,00;R$ 1.060.000,00
Enquadrada pelo Agente Financeiro;276.245.2508/2017;Qualificação Viária;BA;Teixeira de Freitas;Caixa Econômica Federal;Prefeitura Municipal de Teixeira de Freitas;Qualificação Viária do Prefeitura Municipal de Teixeira de Freitas;R$ 1.497.873,88;R$ 28.459.603,53;R$ 29.957.477,41
Pré-selecionada pelo Gestor da Aplicação;1152.2.2411/2017;Qualificação Viária;SP;Rio Claro;Caixa Econômica Federal;Prefeitura Municipal de Rio Claro;Qualificação Viária do Prefeitura Municipal de Rio Claro;R$ 85.667,45;R$ 1.627.681,51;R$ 1.713.348,96
Pré-selecionada pelo Gestor da Aplicação;1175.2.2811/2017;Qualificação Viária;PR;Florestópolis;Caixa Econômica Federal;Prefeitura Municipal de Florestópolis;Qualificação Viária do Prefeitura Municipal de Florestópolis;R$ 46.250,00;R$ 878.750,00;R$ 925.000,00
Enquadrada pelo Agente Financeiro;1182.2.2811/2017;Qualificação Viária;PR;Campo Magro;Banco Regional de Desenvolvimento do Extremo Sul – BRDE;Prefeitura Municipal de Campo Magro;Qualificação Viária do Prefeitura Municipal de Campo Magro;R$ 130.000,00;R$ 2.470.000,00;R$ 2.600.000,00
Pré-selecionada pelo Gestor da Aplicação;1190.3.3011/2017;Transporte Não Motorizado;PR;Terra Roxa;Caixa Econômica Federal;Prefeitura Municipal de Terra Roxa;Transporte Não Motorizado do Prefeitura Municipal de Terra Roxa;R$ 231.000,00;R$ 4.389.000,00;R$ 4.620.000,00
Devolvida ao Agente Financeiro;1193.2.3011/2017;Qualificação Viária;MS;Paraíso das Águas;Caixa Econômica Federal;Prefeitura Municipal de Paraíso das Águas;Qualificação Viária do Prefeitura Municipal de Paraíso das Águas;R$ 250.000,00;R$ 4.730.000,00;R$ 4.980.000,00
Pré-selecionada pelo Gestor da Aplicação;1211.2.0412/2017;Qualificação Viária;RS;São Valentim do Sul;Caixa Econômica Federal;Prefeitura Municipal de São Valentim do Sul;Qualificação Viária do Prefeitura Municipal de São Valentim do Sul;R$ 91.484,02;R$ 1.738.196,21;R$ 1.829.680,23
Selecionada pelo gestor da aplicação;1162.2.2511/2017;Qualificação Viária;MS;Caarapó;Caixa Econômica Federal;Prefeitura Municipal de Caarapó;Qualificação Viária do Prefeitura Municipal de Caarapó;R$ 396.130,19;R$ 7.526.473,52;R$ 7.922.603,71
Pré-selecionada pelo Gestor da Aplicação;1339.245.1912/2017;Qualificação Viária;BA;Teixeira de Freitas;Caixa Econômica Federal;Prefeitura Municipal de Teixeira de Freitas;Qualificação Viária do Prefeitura Municipal de Teixeira de Freitas;R$ 1.497.873,88;R$ 28.459.603,53;R$ 29.957.477,41
Pré-selecionada pelo Gestor da Aplicação;1431.24.2712/2017;Qualificação Viária;PE;Afrânio;Caixa Econômica Federal;Prefeitura Municipal de Afrânio;Qualificação Viária do Prefeitura Municipal de Afrânio;R$ 250.000,00;R$ 4.750.000,00;R$ 5.000.000,00
Pré-selecionada pelo Gestor da Aplicação;1143.24.2311/2017;Qualificação Viária;SC;Urussanga;Banco Regional de Desenvolvimento do Extremo Sul – BRDE;Prefeitura Municipal de Urussanga;Qualificação Viária do Prefeitura Municipal de Urussanga;R$ 348.000,00;R$ 6.612.000,00;R$ 6.960.000,00
Pré-selecionada pelo Gestor da Aplicação;702.3.2909/2017;Transporte Não Motorizado;TO;Araguaína;Caixa Econômica Federal;Prefeitura Municipal de Araguaína;Transporte Não Motorizado do Prefeitura Municipal de Araguaína;R$ 1.167.658,63;R$ 22.185.513,85;R$ 23.353.172,48
Selecionada pelo gestor da aplicação;1107.2.1711/2017;Qualificação Viária;SC;Siderópolis;Banco Regional de Desenvolvimento do Extremo Sul – BRDE;Prefeitura Municipal de Siderópolis;Qualificação Viária do Prefeitura Municipal de Siderópolis;R$ 249.609,80;R$ 4.742.586,05;R$ 4.992.195,85
Selecionada pelo gestor da aplicação;763.2.0510/2017;Qualificação Viária;SC;Braço do Norte;Banco Regional de Desenvolvimento do Extremo Sul – BRDE;Prefeitura Municipal de Braço do Norte;Qualificação Viária do Prefeitura Municipal de Braço do Norte;R$ 748.089,82;R$ 14.213.706,44;R$ 14.961.796,26
Selecionada pelo gestor da aplicação;1255.2.0812/2017;Qualificação Viária;RS;Nova Hartz;Caixa Econômica Federal;Prefeitura Municipal de Nova Hartz;Qualificação Viária do Prefeitura Municipal de Nova Hartz;R$ 749.628,26;R$ 14.242.936,88;R$ 14.992.565,14
Pré-selecionada pelo Gestor da Aplicação;1498.2.0501/2018;Qualificação Viária;RS;Erebango;Caixa Econômica Federal;Prefeitura Municipal de Erebango;Qualificação Viária do Prefeitura Municipal de Erebango;R$ 93.750,00;R$ 1.781.250,00;R$ 1.875.000,00
Selecionada pelo gestor da aplicação;132.2.1608/2017;Qualificação Viária;MG;Paracatu;Caixa Econômica Federal;Prefeitura Municipal de Paracatu;Qualificação Viária do Prefeitura Municipal de Paracatu;R$ 1.000.000,00;R$ 19.000.000,00;R$ 20.000.000,00
Não enquadrada pelo Agente Financeiro;1527.2.1101/2018;Qualificação Viária;RS;Cachoeira do Sul;Caixa Econômica Federal;Prefeitura Municipal de Cachoeira do Sul;Qualificação Viária do Prefeitura Municipal de Cachoeira do Sul;R$ 977.661,39;R$ 18.575.566,36;R$ 19.553.227,75
Pré-selecionada pelo Gestor da Aplicação;1478.2.0301/2018;Qualificação Viária;RS;Itapuca;Caixa Econômica Federal;Prefeitura Municipal de Itapuca;Qualificação Viária do Prefeitura Municipal de Itapuca;R$ 69.776,00;R$ 1.325.744,00;R$ 1.395.520,00
Pré-selecionada pelo Gestor da Aplicação;1447.2.2912/2017;Qualificação Viária;RS;Tuparendi;Caixa Econômica Federal;Prefeitura Municipal de Tuparendi;Qualificação Viária do Prefeitura Municipal de Tuparendi;R$ 245.482,95;R$ 4.664.175,94;R$ 4.909.658,89
Devolvida ao Proponente;1625.2.0102/2018;Qualificação Viária;ES;Cachoeiro de Itapemirim;Caixa Econômica Federal;Prefeitura Municipal de Cachoeiro de Itapemirim;Qualificação Viária do Prefeitura Municipal de Cachoeiro de Itapemirim;R$ 1.500.000,00;R$ 28.500.000,00;R$ 30.000.000,00
Em análise de enquadramento;3336.2.1805/2018;Qualificação Viária;PR;Almirante Tamandaré;Caixa Econômica Federal;Prefeitura Municipal de Almirante Tamandaré;Qualificação Viária do Prefeitura Municipal de Almirante Tamandaré;R$ 473.171,52;R$ 8.990.258,80;R$ 9.463.430,32
Devolvida ao Proponente;484.2.1109/2017;Qualificação Viária;SC;Penha;Banco Regional de Desenvolvimento do Extremo Sul – BRDE;Prefeitura Municipal de Penha;Qualificação Viária do Prefeitura Municipal de Penha;R$ 210.000,00;R$ 3.941.165,12;R$ 4.151.165,12
Devolvida ao Proponente;1624.4.0102/2018;Estudos e Projetos;RS;Porto Alegre;Caixa Econômica Federal;Prefeitura Municipal de Porto Alegre;Estudos e Projetos do Prefeitura Municipal de Porto Alegre;R$ 36.125,00;R$ 686.375,00;R$ 722.500,00
Pré-selecionada pelo Gestor da Aplicação;3097.2.0404/2018;Qualificação Viária;RS;Montenegro;Caixa Econômica Federal;Prefeitura Municipal de Montenegro;Qualificação Viária do Prefeitura Municipal de Montenegro;R$ 487.000,00;R$ 7.156.967,92;R$ 7.643.967,92
Em análise de enquadramento;3742.4.1209/2018;Estudos e Projetos;BA;Jequié;Caixa Econômica Federal;Prefeitura Municipal de Jequié;Estudos e Projetos do Prefeitura Municipal de Jequié;R$ 55.000,00;R$ 1.045.000,00;R$ 1.100.000,00
Pré-selecionada pelo Gestor da Aplicação;3767.25.0110/2018;Qualificação Viária;MG;Patos de Minas;Caixa Econômica Federal;Prefeitura Municipal de Patos de Minas;Qualificação Viária do Prefeitura Municipal de Patos de Minas;R$ 850.760,00;R$ 16.164.440,00;R$ 17.015.200,00
Pré-selecionada pelo Gestor da Aplicação;3343.24.1806/2018;Qualificação Viária;MG;Araguari;Caixa Econômica Federal;Prefeitura Municipal de Araguari;Qualificação Viária do Prefeitura Municipal de Araguari;R$ 350.000,00;R$ 6.650.000,00;R$ 7.000.000,00
Pré-selecionada pelo Gestor da Aplicação;1336.245.1812/2017;Qualificação Viária;SP;Guaratinguetá;Agência de Desenvolvimento Paulista – Desenvolve SP;Prefeitura Municipal de Guaratinguetá;Qualificação Viária do Prefeitura Municipal de Guaratinguetá;R$ 1.400.000,00;R$ 18.350.000,00;R$ 19.750.000,00
Pré-selecionada pelo Gestor da Aplicação;3101.2.2708/2018;Qualificação Viária;RS;Paim Filho;Caixa Econômica Federal;Prefeitura Municipal de Paim Filho;Qualificação Viária do Prefeitura Municipal de Paim Filho;R$ 126.803,60;R$ 2.409.268,40;R$ 2.536.072,00
Devolvida ao Proponente;19.2.0108/2017;Qualificação Viária;SP;Engenheiro Coelho;Agência de Desenvolvimento Paulista – Desenvolve SP;Prefeitura Municipal de Engenheiro Coelho;Qualificação Viária do Prefeitura Municipal de Engenheiro Coelho;R$ 26.500,00;R$ 503.500,00;R$ 530.000,00
Devolvida ao Proponente;3532.2.0208/2018;Qualificação Viária;RJ;São José do Vale do Rio Preto;Caixa Econômica Federal;Prefeitura Municipal de São José do Vale do Rio Preto;Qualificação Viária do Prefeitura Municipal de São José do Vale do Rio Preto;R$ 250.000,00;R$ 4.750.000,00;R$ 5.000.000,00
Em análise de enquadramento;1626.2.2702/2018;Qualificação Viária;BA;Cocos;Caixa Econômica Federal;Prefeitura Municipal de Cocos;Qualificação Viária do Prefeitura Municipal de Cocos;R$ 91.000,00;R$ 1.729.000,00;R$ 1.820.000,00
Não enquadrada pelo Agente Financeiro;3102.2.0203/2018;Qualificação Viária;MG;Santa Juliana;Banco de Desenvolvimento de Minas Gerais – BDMG;Prefeitura Municipal de Santa Juliana;Qualificação Viária do Prefeitura Municipal de Santa Juliana;R$ 250.000,00;R$ 4.750.000,00;R$ 5.000.000,00
Devolvida ao Proponente;5.24.2807/2017;Qualificação Viária;RS;Arroio do Tigre;Caixa Econômica Federal;Prefeitura Municipal de Arroio do Tigre;Qualificação Viária do Prefeitura Municipal de Arroio do Tigre;;R$ 808.000,00;
Pré-selecionada pelo Gestor da Aplicação;345.24.1206/2018;Qualificação Viária;PI;Aroazes;Caixa Econômica Federal;Prefeitura Municipal de Aroazes;Qualificação Viária do Prefeitura Municipal de Aroazes;R$ 153.000,00;R$ 2.847.000,00;R$ 3.000.000,00
Devolvida ao Agente Financeiro;334.245.2508/2017;Qualificação Viária;PA;Castanhal;Caixa Econômica Federal;Prefeitura Municipal de Castanhal;Qualificação Viária do Prefeitura Municipal de Castanhal;R$ 1.021.902,36;R$ 19.416.144,64;R$ 20.438.047,00
Pré-selecionada pelo Gestor da Aplicação;1623.2.0602/2018;Qualificação Viária;SC;Otacílio Costa;Caixa Econômica Federal;Prefeitura Municipal de Otacílio Costa;Qualificação Viária do Prefeitura Municipal de Otacílio Costa;R$ 247.632,00;R$ 4.705.008,00;R$ 4.952.640,00
Devolvida ao Proponente;1593.2.2501/2018;Qualificação Viária;SC;Sombrio;Banco Regional de Desenvolvimento do Extremo Sul – BRDE;Prefeitura Municipal de Sombrio;Qualificação Viária do Prefeitura Municipal de Sombrio;R$ 378.500,00;R$ 7.191.500,00;R$ 7.570.000,00
Pré-selecionada pelo Gestor da Aplicação;3627.2.2507/2018;Qualificação Viária;RJ;Barra do Piraí;Caixa Econômica Federal;Prefeitura Municipal de Barra do Piraí;Qualificação Viária do Prefeitura Municipal de Barra do Piraí;R$ 982.482,48;R$ 18.667.167,08;R$ 19.649.649,56
Em análise de enquadramento;3577.2.0407/2018;Qualificação Viária;PI;Alto Longá;Caixa Econômica Federal;Prefeitura Municipal de Alto Longá;Qualificação Viária do Prefeitura Municipal de Alto Longá;R$ 80.500,00;R$ 1.529.500,00;R$ 1.610.000,00
Selecionada pelo gestor da aplicação;7.2.2807/2017;Qualificação Viária;SC;Fraiburgo;Banco Regional de Desenvolvimento do Extremo Sul – BRDE;Prefeitura Municipal de Fraiburgo;Qualificação Viária do Prefeitura Municipal de Fraiburgo;R$ 426.734,40;R$ 8.107.953,60;R$ 8.534.688,00
Pré-selecionada pelo Gestor da Aplicação;3480.24.1206/2018;Qualificação Viária;SP;Itaberá;Caixa Econômica Federal;Prefeitura Municipal de Itaberá;Qualificação Viária do Prefeitura Municipal de Itaberá;R$ 129.721,80;R$ 2.464.714,20;R$ 2.594.436,00
Pré-selecionada pelo Gestor da Aplicação;3741.24.1409/2018;Qualificação Viária;PE;Dormentes;Caixa Econômica Federal;Prefeitura Municipal de Dormentes;Qualificação Viária do Prefeitura Municipal de Dormentes;R$ 250.000,00;R$ 4.750.000,00;R$ 5.000.000,00
Pré-selecionada pelo Gestor da Aplicação;3345.24.1805/2018;Qualificação Viária;PE;Cabrobó;Caixa Econômica Federal;Prefeitura Municipal de Cabrobó;Qualificação Viária do Prefeitura Municipal de Cabrobó;R$ 393.343,37;R$ 7.473.523,93;R$ 7.866.867,30
Pré-selecionada pelo Gestor da Aplicação;245.2.2408/2017;Qualificação Viária;SP;Vargem Grande do Sul;Agência de Desenvolvimento Paulista – Desenvolve SP;Prefeitura Municipal de Vargem Grande do Sul;Qualificação Viária do Prefeitura Municipal de Vargem Grande do Sul;R$ 151.636,22;R$ 2.881.088,02;R$ 3.032.724,24
Pré-selecionada pelo Gestor da Aplicação;1625.24.2202/2018;Qualificação Viária;PR;Rolândia;Banco Regional de Desenvolvimento do Extremo Sul – BRDE;Prefeitura Municipal de Rolândia;Qualificação Viária do Prefeitura Municipal de Rolândia;R$ 354.219,00;R$ 6.730.161,00;R$ 7.084.380,00
Devolvida ao Proponente;3394.2.3005/2018;Qualificação Viária;BA;Salvador;Caixa Econômica Federal;Prefeitura Municipal de Salvador;Qualificação Viária do Prefeitura Municipal de Salvador;R$ 736.042,02;R$ 13.984.798,34;R$ 14.720.840,36
Devolvida ao Proponente;482.2.1109/2017;Qualificação Viária;SC;Penha;Banco Regional de Desenvolvimento do Extremo Sul – BRDE;Prefeitura Municipal de Penha;Qualificação Viária do Prefeitura Municipal de Penha;R$ 91.590,80;R$ 1.740.225,09;R$ 1.831.815,89
Pré-selecionada pelo Gestor da Aplicação;3661.24.0108/2018;Qualificação Viária;PI;João Costa;Caixa Econômica Federal;Prefeitura Municipal de João Costa;Qualificação Viária do Prefeitura Municipal de João Costa;R$ 114.500,00;R$ 2.175.500,00;R$ 2.290.000,00
Pré-selecionada pelo Gestor da Aplicação;3047.2.2003/2018;Qualificação Viária;SP;Rio Claro;Caixa Econômica Federal;Prefeitura Municipal de Rio Claro;Qualificação Viária do Prefeitura Municipal de Rio Claro;R$ 89.990,04;R$ 1.709.810,75;R$ 1.799.800,79
Em análise de enquadramento;3225.2.1604/2018;Qualificação Viária;MG;São Roque de Minas;Banco de Desenvolvimento de Minas Gerais – BDMG;Prefeitura Municipal de São Roque de Minas;Qualificação Viária do Prefeitura Municipal de São Roque de Minas;R$ 95.822,52;R$ 1.820.627,84;R$ 1.916.450,36
Devolvida ao Proponente;3897.2.0401/2019;Qualificação Viária;MG;Contagem;Caixa Econômica Federal;Prefeitura Municipal de Contagem;Qualificação Viária do Prefeitura Municipal de Contagem;R$ 9.000.000,00;R$ 171.000.000,00;R$ 180.000.000,00
Pré-selecionada pelo Gestor da Aplicação;850.345.1710/2017;Transporte Não Motorizado;RJ;Nova Friburgo;Caixa Econômica Federal;Prefeitura Municipal de Nova Friburgo;Transporte Não Motorizado do Prefeitura Municipal de Nova Friburgo;R$ 248.500,00;R$ 4.721.500,00;R$ 4.970.000,00
Pré-selecionada pelo Gestor da Aplicação;1365.2.2012/2017;Qualificação Viária;PA;Ulianópolis;Caixa Econômica Federal;Prefeitura Municipal de Ulianópolis;Qualificação Viária do Prefeitura Municipal de Ulianópolis;R$ 751.000,00;R$ 14.249.000,00;R$ 15.000.000,00
Pré-selecionada pelo Gestor da Aplicação;1625.24.0502/2018;Qualificação Viária;MG;Itabirito;Caixa Econômica Federal;Prefeitura Municipal de Itabirito;Qualificação Viária do Prefeitura Municipal de Itabirito;R$ 750.000,00;R$ 14.250.000,00;R$ 15.000.000,00
Devolvida ao Proponente;1627.4.0102/2018;Estudos e Projetos;RS;Porto Alegre;Caixa Econômica Federal;Prefeitura Municipal de Porto Alegre;Estudos e Projetos do Prefeitura Municipal de Porto Alegre;R$ 22.236,09;R$ 422.485,57;R$ 444.721,66
Pré-selecionada pelo Gestor da Aplicação;864.2.2010/2017;Qualificação Viária;SP;Bebedouro;Agência de Desenvolvimento Paulista – Desenvolve SP;Prefeitura Municipal de Bebedouro;Qualificação Viária do Prefeitura Municipal de Bebedouro;R$ 197.423,00;R$ 3.751.036,75;R$ 3.948.459,75
Selecionada pelo gestor da aplicação;689.2.2809/2017;Qualificação Viária;RS;Doutor Ricardo;Caixa Econômica Federal;Prefeitura Municipal de Doutor Ricardo;Qualificação Viária do Prefeitura Municipal de Doutor Ricardo;R$ 81.560,51;R$ 1.549.649,68;R$ 1.631.210,19
Pré-selecionada pelo Gestor da Aplicação;1624.2.0513/2018;Qualificação Viária;SC;Armazém;Caixa Econômica Federal;Prefeitura Municipal de Armazém;Qualificação Viária do Prefeitura Municipal de Armazém;R$ 249.300,90;R$ 4.736.717,06;R$ 4.986.017,96
Não enquadrada pelo Agente Financeiro;1623.2.0202/2018;Qualificação Viária;SC;São João do Sul;Caixa Econômica Federal;Prefeitura Municipal de São João do Sul;Qualificação Viária do Prefeitura Municipal de São João do Sul;R$ 246.676,91;R$ 4.686.861,09;R$ 4.933.538,00
Selecionada pelo gestor da aplicação;1628.2.0202/2018;Qualificação Viária;PR;Assis Chateaubriand;Banco Regional de Desenvolvimento do Extremo Sul – BRDE;Prefeitura Municipal de Assis Chateaubriand;Qualificação Viária do Prefeitura Municipal de Assis Chateaubriand;R$ 216.500,00;R$ 4.113.500,00;R$ 4.330.000,00
Pré-selecionada pelo Gestor da Aplicação;3789.2.0910/2018;Qualificação Viária;SC;Bocaina do Sul;Caixa Econômica Federal;Prefeitura Municipal de Bocaina do Sul;Qualificação Viária do Prefeitura Municipal de Bocaina do Sul;R$ 142.883,81;R$ 2.714.792,19;R$ 2.857.676,00
Pré-selecionada pelo Gestor da Aplicação;3023.24.1106/2018;Qualificação Viária;PI;Buriti dos Montes;Caixa Econômica Federal;Prefeitura Municipal de Buriti dos Montes;Qualificação Viária do Prefeitura Municipal de Buriti dos Montes;R$ 252.000,00;R$ 4.748.000,00;R$ 5.000.000,00
Pré-selecionada pelo Gestor da Aplicação;1502.2.0801/2018;Qualificação Viária;SP;Poá;Caixa Econômica Federal;Prefeitura Municipal de Poá;Qualificação Viária do Prefeitura Municipal de Poá;R$ 1.000.150,00;R$ 19.002.850,00;R$ 20.003.000,00
Pré-selecionada pelo Gestor da Aplicação;3151.2.2004/2018;Qualificação Viária;RS;Nova Santa Rita;Banco Regional de Desenvolvimento do Extremo Sul – BRDE;Prefeitura Municipal de Nova Santa Rita;Qualificação Viária do Prefeitura Municipal de Nova Santa Rita;R$ 180.000,00;R$ 3.420.000,00;R$ 3.600.000,00
Não enquadrada pelo Agente Financeiro;1624.2.0602/2018;Qualificação Viária;MG;Alto Jequitibá;Caixa Econômica Federal;Prefeitura Municipal de Alto Jequitibá;Qualificação Viária do Prefeitura Municipal de Alto Jequitibá;R$ 116.510,62;R$ 2.213.701,66;R$ 2.330.212,28
Em análise de enquadramento;3477.2.1106/2018;Qualificação Viária;RJ;Porciúncula;Caixa Econômica Federal;Prefeitura Municipal de Porciúncula;Qualificação Viária do Prefeitura Municipal de Porciúncula;R$ 109.440,00;R$ 2.079.360,00;R$ 2.188.800,00
Pré-selecionada pelo Gestor da Aplicação;2567.24.0706/2018;Qualificação Viária;PI;Porto;Caixa Econômica Federal;Prefeitura Municipal de Porto;Qualificação Viária do Prefeitura Municipal de Porto;R$ 235.500,00;R$ 4.473.927,80;R$ 4.709.427,80
Pré-selecionada pelo Gestor da Aplicação;3048.2.1804/2018;Qualificação Viária;SC;Major Gercino;Caixa Econômica Federal;Prefeitura Municipal de Major Gercino;Qualificação Viária do Prefeitura Municipal de Major Gercino;R$ 249.976,26;R$ 4.749.548,75;R$ 4.999.525,01
Pré-selecionada pelo Gestor da Aplicação;2272.2.2603/2018;Qualificação Viária;RS;Torres;Banco Regional de Desenvolvimento do Extremo Sul – BRDE;Prefeitura Municipal de Torres;Qualificação Viária do Prefeitura Municipal de Torres;R$ 455.000,00;R$ 8.637.576,57;R$ 9.092.576,57
Pré-selecionada pelo Gestor da Aplicação;806.2.1010/2017;Qualificação Viária;SP;Indaiatuba;Caixa Econômica Federal;Prefeitura Municipal de Indaiatuba;Qualificação Viária do Prefeitura Municipal de Indaiatuba;R$ 432.500,00;R$ 8.217.500,00;R$ 8.650.000,00
Pré-selecionada pelo Gestor da Aplicação;1704.24.0507/2018;Qualificação Viária;PI;Monsenhor Gil;Caixa Econômica Federal;Prefeitura Municipal de Monsenhor Gil;Qualificação Viária do Prefeitura Municipal de Monsenhor Gil;R$ 239.332,86;R$ 4.439.699,34;R$ 4.679.032,20
Devolvida ao Proponente;25.24.0108/2017;Qualificação Viária;RS;Pinhal Grande;Banco Regional de Desenvolvimento do Extremo Sul – BRDE;PREFEITURA MUNICIPAL;Qualificação Viária do PREFEITURA MUNICIPAL;R$ 76.250,00;R$ 1.448.750,00;R$ 1.525.000,00
Devolvida ao Proponente;692.2.2909/2017;Qualificação Viária;RS;Dona Francisca;Banco Regional de Desenvolvimento do Extremo Sul – BRDE;Prefeitura Municipal de Dona Francisca;Qualificação Viária do Prefeitura Municipal de Dona Francisca;R$ 88.475,98;R$ 1.681.043,51;R$ 1.769.519,49
Selecionada pelo gestor da aplicação;1187.2.2911/2017;Qualificação Viária;RS;Camargo;Banco Regional de Desenvolvimento do Extremo Sul – BRDE;MUNICIPIO DE CAMARGO;Qualificação Viária do MUNICIPIO DE CAMARGO;R$ 61.859,88;R$ 1.175.337,61;R$ 1.237.197,49
Pré-selecionada pelo Gestor da Aplicação;1635.24.0203/2018;Qualificação Viária;SP;Jaguariúna;Caixa Econômica Federal;Prefeitura Municipal de Jaguariúna;Qualificação Viária do Prefeitura Municipal de Jaguariúna;R$ 525.000,00;R$ 9.975.000,00;R$ 10.500.000,00
Selecionada pelo gestor da aplicação;1192.24.3011/2017;Qualificação Viária;GO;Trindade;Caixa Econômica Federal;Prefeitura Municipal de Trindade;Qualificação Viária do Prefeitura Municipal de Trindade;R$ 790.000,00;R$ 14.910.000,00;R$ 15.700.000,00
Em análise de enquadramento;3581.2.0507/2018;Qualificação Viária;PI;Fartura do Piauí;Caixa Econômica Federal;Prefeitura Municipal de Fartura do Piauí;Qualificação Viária do Prefeitura Municipal de Fartura do Piauí;R$ 44.000,00;R$ 818.940,00;R$ 862.940,00
Devolvida ao Proponente;978.24.0611/2017;Qualificação Viária;PR;Campo do Tenente;Banco Regional de Desenvolvimento do Extremo Sul – BRDE;Prefeitura Municipal de Campo do Tenente;Qualificação Viária do Prefeitura Municipal de Campo do Tenente;R$ 128.700,00;R$ 2.445.300,00;R$ 2.574.000,00
Devolvida ao Proponente;1154.2.2411/2017;Qualificação Viária;MG;Mantena;Caixa Econômica Federal;Prefeitura Municipal de Mantena;Qualificação Viária do Prefeitura Municipal de Mantena;R$ 344.564,17;R$ 6.546.719,19;R$ 6.891.283,36
Pré-selecionada pelo Gestor da Aplicação;3049.2.2003/2018;Qualificação Viária;SP;Rio Claro;Caixa Econômica Federal;Prefeitura Municipal de Rio Claro;Qualificação Viária do Prefeitura Municipal de Rio Claro;R$ 100.860,19;R$ 1.916.343,51;R$ 2.017.203,70
Devolvida ao Proponente;3386.2.3005/2018;Qualificação Viária;BA;Salvador;Caixa Econômica Federal;Prefeitura Municipal de Salvador;Qualificação Viária do Prefeitura Municipal de Salvador;R$ 3.062.017,03;R$ 58.178.323,53;R$ 61.240.340,56
Devolvida ao Proponente;548.2.1809/2017;Qualificação Viária;SP;Penápolis;Agência de Desenvolvimento Paulista – Desenvolve SP;Prefeitura Municipal de Penápolis;Qualificação Viária do Prefeitura Municipal de Penápolis;R$ 262.936,00;R$ 4.995.784,00;R$ 5.258.720,00
Devolvida ao Proponente;18.24.0108/2017;Qualificação Viária;SP;Engenheiro Coelho;Agência de Desenvolvimento Paulista – Desenvolve SP;Prefeitura Municipal de Engenheiro Coelho;Qualificação Viária do Prefeitura Municipal de Engenheiro Coelho;R$ 85.750,00;R$ 1.629.250,00;R$ 1.715.000,00
Em análise de enquadramento;3576.2.0407/2018;Qualificação Viária;PI;Alto Longá;Caixa Econômica Federal;Prefeitura Municipal de Alto Longá;Qualificação Viária do Prefeitura Municipal de Alto Longá;R$ 230.000,00;R$ 4.370.000,00;R$ 4.600.000,00
Pré-selecionada pelo Gestor da Aplicação;3745.2.1309/2018;Qualificação Viária;MT;Vale de São Domingos;Caixa Econômica Federal;Prefeitura Municipal de Vale de São Domingos;Qualificação Viária do Prefeitura Municipal de Vale de São Domingos;R$ 74.714,00;R$ 1.419.566,00;R$ 1.494.280,00
Devolvida ao Proponente;1623.2.0502/2018;Qualificação Viária;BA;Alcobaça;Caixa Econômica Federal;Prefeitura Municipal de Alcobaça;Qualificação Viária do Prefeitura Municipal de Alcobaça;R$ 250.000,00;R$ 4.750.000,00;R$ 5.000.000,00
Em análise de enquadramento;3579.2.0407/2018;Qualificação Viária;PI;Alto Longá;Caixa Econômica Federal;Prefeitura Municipal de Alto Longá;Qualificação Viária do Prefeitura Municipal de Alto Longá;R$ 113.500,00;R$ 2.156.500,00;R$ 2.270.000,00
Não enquadrada pelo Agente Financeiro;352.2.2508/2017;Qualificação Viária;BA;Brumado;Caixa Econômica Federal;Prefeitura Municipal de Brumado;Qualificação Viária do Prefeitura Municipal de Brumado;R$ 250.000,00;R$ 4.750.000,00;R$ 5.000.000,00
Enquadrada pelo Agente Financeiro;3586.24.1307/2018;Qualificação Viária;MG;Sabará;Caixa Econômica Federal;Prefeitura Municipal de Sabará;Qualificação Viária do Prefeitura Municipal de Sabará;R$ 396.165,43;R$ 4.999.110,98;R$ 5.395.276,41
Selecionada pelo gestor da aplicação;3192.2.2703/2018;Qualificação Viária;MS;Paraíso das Águas;Caixa Econômica Federal;Prefeitura Municipal de Paraíso das Águas;Qualificação Viária do Prefeitura Municipal de Paraíso das Águas;R$ 250.000,00;R$ 4.750.000,00;R$ 5.000.000,00
Em análise de enquadramento;3729.2.2609/2018;Qualificação Viária;RO;Buritis;Caixa Econômica Federal;Prefeitura Municipal de Buritis;Qualificação Viária do Prefeitura Municipal de Buritis;R$ 543.200,64;R$ 10.320.812,14;R$ 10.864.012,78
Pré-selecionada pelo Gestor da Aplicação;3479.24.1206/2018;Qualificação Viária;PI;Rio Grande do Piauí;Caixa Econômica Federal;Prefeitura Municipal de Rio Grande do Piauí;Qualificação Viária do Prefeitura Municipal de Rio Grande do Piauí;R$ 158.000,00;R$ 2.842.000,00;R$ 3.000.000,00
Em análise de enquadramento;1633.24.0103/2018;Qualificação Viária;MT;Primavera do Leste;Caixa Econômica Federal;Prefeitura Municipal de Primavera do Leste;Qualificação Viária do Prefeitura Municipal de Primavera do Leste;R$ 263.748,37;R$ 5.011.218,98;R$ 5.274.967,35
Pré-selecionada pelo Gestor da Aplicação;3708.2.2908/2018;Qualificação Viária;SC;Paraíso;Caixa Econômica Federal;MUNICÍPIO DE PARAISO;Qualificação Viária do MUNICÍPIO DE PARAISO;R$ 250.000,00;R$ 4.750.000,00;R$ 5.000.000,00
Devolvida ao Proponente;3771.24.2709/2018;Qualificação Viária;MT;Cáceres;Caixa Econômica Federal;Prefeitura Municipal de Cáceres;Qualificação Viária do Prefeitura Municipal de Cáceres;R$ 1.000.000,00;R$ 18.806.821,60;R$ 19.806.821,60
Em análise de enquadramento;1630.2.0103/2018;Qualificação Viária;SP;Jaguariúna;Caixa Econômica Federal;Prefeitura Municipal de Jaguariúna;Qualificação Viária do Prefeitura Municipal de Jaguariúna;R$ 126.161,47;R$ 2.397.067,85;R$ 2.523.229,32
Devolvida ao Proponente;3120.24.2903/2018;Qualificação Viária;PR;Turvo;Caixa Econômica Federal;Prefeitura Municipal de Turvo;Qualificação Viária do Prefeitura Municipal de Turvo;R$ 197.294,91;R$ 3.748.603,09;R$ 3.945.898,00
Pré-selecionada pelo Gestor da Aplicação;1623.2.0613/2018;Qualificação Viária;SC;Ilhota;Caixa Econômica Federal;Prefeitura Municipal de Ilhota;Qualificação Viária do Prefeitura Municipal de Ilhota;R$ 171.860,02;R$ 3.265.340,24;R$ 3.437.200,26
Não Validada pelo Agente Financeiro;3747.2.1409/2018;Qualificação Viária;MG;São João Evangelista;Caixa Econômica Federal;Prefeitura Municipal de São João Evangelista;Qualificação Viária do Prefeitura Municipal de São João Evangelista;R$ 247.500,00;R$ 4.702.500,00;R$ 4.950.000,00
Devolvida ao Proponente;429.24.0109/2017;Qualificação Viária;SP;Monte Mor;Caixa Econômica Federal;Prefeitura Municipal de Monte Mor;Qualificação Viária do Prefeitura Municipal de Monte Mor;R$ 241.500,00;R$ 4.588.500,00;R$ 4.830.000,00
Devolvida ao Proponente;3194.2.2205/2018;Qualificação Viária;SP;Cotia;Caixa Econômica Federal;Prefeitura Municipal de Cotia;Qualificação Viária do Prefeitura Municipal de Cotia;R$ 329.713,78;R$ 6.264.561,71;R$ 6.594.275,49
Devolvida ao Proponente;4040.2.2806/2019;Qualificação Viária;CE;Fortaleza;Caixa Econômica Federal;Prefeitura Municipal de Fortaleza;Qualificação Viária do Prefeitura Municipal de Fortaleza;R$ 1.000.000,00;R$ 19.000.000,00;R$ 20.000.000,00
Pré-selecionada pelo Gestor da Aplicação;3157.24.1203/2018;Qualificação Viária;SP;Guararema;Caixa Econômica Federal;Prefeitura Municipal de Guararema;Qualificação Viária do Prefeitura Municipal de Guararema;R$ 427.500,00;R$ 8.122.500,00;R$ 8.550.000,00
Pré-selecionada pelo Gestor da Aplicação;1427.2.2712/2017;Qualificação Viária;MG;Serro;Caixa Econômica Federal;Prefeitura Municipal de Serro;Qualificação Viária do Prefeitura Municipal de Serro;R$ 279.913,65;R$ 5.318.359,20;R$ 5.598.272,85
Devolvida ao Proponente;1621.24.2102/2018;Qualificação Viária;RN;Nísia Floresta;Caixa Econômica Federal;Prefeitura Municipal de Nísia Floresta;Qualificação Viária do Prefeitura Municipal de Nísia Floresta;R$ 479.416,35;R$ 9.108.910,50;R$ 9.588.326,85
Devolvida ao Proponente;3640.2.2307/2018;Qualificação Viária;PR;Ariranha do Ivaí;Banco Regional de Desenvolvimento do Extremo Sul – BRDE;Prefeitura Municipal de Ariranha do Ivaí;Qualificação Viária do Prefeitura Municipal de Ariranha do Ivaí;R$ 71.793,65;R$ 1.364.079,30;R$ 1.435.872,95
Devolvida ao Proponente;3333.2.1105/2018;Qualificação Viária;BA;Salvador;Caixa Econômica Federal;Prefeitura Municipal de Salvador;Qualificação Viária do Prefeitura Municipal de Salvador;R$ 386.058,01;R$ 7.335.102,13;R$ 7.721.160,14
Devolvida ao Proponente;1290.235.1212/2017;Qualificação Viária;RJ;Belford Roxo;Caixa Econômica Federal;Prefeitura Municipal de Belford Roxo;Qualificação Viária do Prefeitura Municipal de Belford Roxo;R$ 1.407.506,47;R$ 26.742.622,90;R$ 28.150.129,37
Devolvida ao Proponente;430.24.0109/2017;Qualificação Viária;SP;Monte Mor;Caixa Econômica Federal;Prefeitura Municipal de Monte Mor;Qualificação Viária do Prefeitura Municipal de Monte Mor;R$ 83.000,00;R$ 1.577.000,00;R$ 1.660.000,00
Devolvida ao Proponente;1627.2.2302/2018;Qualificação Viária;PR;Umuarama;Caixa Econômica Federal;Prefeitura Municipal de Umuarama;Qualificação Viária do Prefeitura Municipal de Umuarama;R$ 155.600,00;R$ 2.956.400,00;R$ 3.112.000,00
Não enquadrada pelo Agente Financeiro;1623.2.0802/2018;Qualificação Viária;SC;Jaguaruna;Caixa Econômica Federal;Prefeitura Municipal de Jaguaruna;Qualificação Viária do Prefeitura Municipal de Jaguaruna;R$ 249.237,93;R$ 4.735.520,58;R$ 4.984.758,51
Pré-selecionada pelo Gestor da Aplicação;3201.2.2303/2018;Qualificação Viária;SP;Jaguariúna;Agência de Desenvolvimento Paulista – Desenvolve SP;Prefeitura Municipal de Jaguariúna;Qualificação Viária do Prefeitura Municipal de Jaguariúna;R$ 126.211,37;R$ 2.398.015,95;R$ 2.524.227,32
Devolvida ao Proponente;3746.24.2609/2018;Qualificação Viária;GO;São Luís de Montes Belos;Caixa Econômica Federal;Prefeitura Municipal de São Luís de Montes Belos;Qualificação Viária do Prefeitura Municipal de São Luís de Montes Belos;R$ 300.000,00;R$ 4.545.696,00;R$ 4.845.696,00
Pré-selecionada pelo Gestor da Aplicação;3103.2.1603/2018;Qualificação Viária;PR;Ibaiti;Caixa Econômica Federal;Prefeitura Municipal de Ibaiti;Qualificação Viária do Prefeitura Municipal de Ibaiti;R$ 163.464,57;R$ 3.105.826,82;R$ 3.269.291,39
Pré-selecionada pelo Gestor da Aplicação;1443.2.2812/2017;Qualificação Viária;SP;Penápolis;Agência de Desenvolvimento Paulista – Desenvolve SP;Prefeitura Municipal de Penápolis;Qualificação Viária do Prefeitura Municipal de Penápolis;R$ 400.000,00;R$ 7.600.000,00;R$ 8.000.000,00
Em análise pelo administrador do Agente Financeiro;351.2.2508/2017;Qualificação Viária;BA;Brumado;Caixa Econômica Federal;Prefeitura Municipal de Brumado;Qualificação Viária do Prefeitura Municipal de Brumado;R$ 55.000,00;R$ 1.045.000,00;R$ 1.100.000,00
Pré-selecionada pelo Gestor da Aplicação;497.245.1209/2017;Qualificação Viária;BA;Alagoinhas;Caixa Econômica Federal;Prefeitura Municipal de Alagoinhas;Qualificação Viária do Prefeitura Municipal de Alagoinhas;R$ 1.500.000,00;R$ 28.500.000,00;R$ 30.000.000,00
Pré-selecionada pelo Gestor da Aplicação;3259.2.1005/2018;Qualificação Viária;SC;Paial;Caixa Econômica Federal;Municipio de Paial;Qualificação Viária do Municipio de Paial;R$ 99.266,61;R$ 1.886.065,58;R$ 1.985.332,19
Devolvida ao Proponente;3202.2.2303/2018;Qualificação Viária;RS;São Nicolau;Badesul Desenvolvimento S. A.;Prefeitura Municipal de São Nicolau;Qualificação Viária do Prefeitura Municipal de São Nicolau;R$ 133.725,00;R$ 2.540.775,00;R$ 2.674.500,00
Em análise de enquadramento;3578.2.0407/2018;Qualificação Viária;PI;Alto Longá;Caixa Econômica Federal;Prefeitura Municipal de Alto Longá;Qualificação Viária do Prefeitura Municipal de Alto Longá;R$ 207.500,00;R$ 3.942.500,00;R$ 4.150.000,00
Pré-selecionada pelo Gestor da Aplicação;743.2.0410/2017;Qualificação Viária;SP;Lins;Agência de Desenvolvimento Paulista – Desenvolve SP;Prefeitura Municipal de Lins;Qualificação Viária do Prefeitura Municipal de Lins;R$ 198.476,29;R$ 3.771.049,34;R$ 3.969.525,63
Em análise de enquadramento;3161.2.1303/2018;Qualificação Viária;SP;Santa Branca;Banco Santander;Município de Santa Branca;Qualificação Viária do Município de Santa Branca;R$ 248.984,50;R$ 4.730.705,50;R$ 4.979.690,00
Em análise pelo administrador do Agente Financeiro;357.2.2508/2017;Qualificação Viária;BA;Brumado;Caixa Econômica Federal;Prefeitura Municipal de Brumado;Qualificação Viária do Prefeitura Municipal de Brumado;R$ 175.000,00;R$ 3.325.000,00;R$ 3.500.000,00
Selecionada pelo gestor da aplicação;1629.24.0103/2018;Qualificação Viária;MS;Vicentina;Caixa Econômica Federal;Prefeitura Municipal de Vicentina;Qualificação Viária do Prefeitura Municipal de Vicentina;R$ 226.878,43;R$ 4.310.690,16;R$ 4.537.568,59
Devolvida ao Proponente;3054.2.1203/2018;Qualificação Viária;RS;Ponte Preta;Caixa Econômica Federal;Prefeitura Municipal de Ponte Preta;Qualificação Viária do Prefeitura Municipal de Ponte Preta;R$ 250.000,00;R$ 4.750.000,00;R$ 5.000.000,00
Em análise de enquadramento;3618.2.1307/2018;Qualificação Viária;PI;São Lourenço do Piauí;Caixa Econômica Federal;Prefeitura Municipal de São Lourenço do Piauí;Qualificação Viária do Prefeitura Municipal de São Lourenço do Piauí;R$ 53.416,20;R$ 1.014.906,81;R$ 1.068.323,01
Devolvida ao Proponente;1606.2.1402/2018;Qualificação Viária;RS;Esteio;Caixa Econômica Federal;Prefeitura Municipal de Esteio;Qualificação Viária do Prefeitura Municipal de Esteio;R$ 973.442,96;R$ 18.495.416,18;R$ 19.468.859,14
Pré-selecionada pelo Gestor da Aplicação;1607.2.1402/2018;Qualificação Viária;SP;São Lourenço da Serra;Caixa Econômica Federal;Prefeitura Municipal de São Lourenço da Serra;Qualificação Viária do Prefeitura Municipal de São Lourenço da Serra;R$ 250.000,00;R$ 4.750.000,00;R$ 5.000.000,00
Devolvida ao Proponente;3163.24.1403/2018;Qualificação Viária;BA;Mirangaba;Caixa Econômica Federal;Prefeitura Municipal de Mirangaba;Qualificação Viária do Prefeitura Municipal de Mirangaba;R$ 71.550,00;R$ 1.359.450,00;R$ 1.431.000,00
Não enquadrada pelo Agente Financeiro;3197.2.2203/2018;Qualificação Viária;MG;Cantagalo;Caixa Econômica Federal;Prefeitura Municipal de Cantagalo;Qualificação Viária do Prefeitura Municipal de Cantagalo;R$ 105.000,00;R$ 1.995.000,00;R$ 2.100.000,00
Em análise de enquadramento;3104.24.0503/2018;Qualificação Viária;RS;Arvorezinha;Caixa Econômica Federal;Prefeitura Municipal de Arvorezinha;Qualificação Viária do Prefeitura Municipal de Arvorezinha;R$ 161.871,71;R$ 3.075.562,29;R$ 3.237.434,00
Em análise de enquadramento;1612.3.1602/2018;Transporte Não Motorizado;PR;Cafelândia;Caixa Econômica Federal;Prefeitura Municipal de Cafelândia;Transporte Não Motorizado do Prefeitura Municipal de Cafelândia;R$ 75.000,00;R$ 1.425.000,00;R$ 1.500.000,00
Em análise de enquadramento;1608.2.1502/2018;Qualificação Viária;PR;Rio Azul;Fomento Paraná;Prefeitura Municipal de Rio Azul;Qualificação Viária do Prefeitura Municipal de Rio Azul;R$ 50.000,00;R$ 950.000,00;R$ 1.000.000,00
Devolvida ao Proponente;1628.2.2302/2018;Qualificação Viária;PR;Umuarama;Caixa Econômica Federal;Prefeitura Municipal de Umuarama;Qualificação Viária do Prefeitura Municipal de Umuarama;R$ 200.000,00;R$ 3.800.000,00;R$ 4.000.000,00
Devolvida ao Proponente;3052.2.0504/2018;Qualificação Viária;SC;Praia Grande;Banco Regional de Desenvolvimento do Extremo Sul – BRDE;Prefeitura Municipal de Praia Grande;Qualificação Viária do Prefeitura Municipal de Praia Grande;R$ 227.305,09;R$ 4.318.796,58;R$ 4.546.101,67
Devolvida ao Proponente;3656.2.2707/2018;Qualificação Viária;MG;Pratinha;Caixa Econômica Federal;Prefeitura Municipal de Pratinha;Qualificação Viária do Prefeitura Municipal de Pratinha;R$ 26.350,00;R$ 500.650,00;R$ 527.000,00
Em análise de enquadramento;1616.2.1902/2018;Qualificação Viária;RS;Ibiraiaras;Banco do Estado do Rio Grande do Sul – Banrisul;Prefeitura Municipal de Ibiraiaras;Qualificação Viária do Prefeitura Municipal de Ibiraiaras;R$ 250.000,00;R$ 4.750.000,00;R$ 5.000.000,00
Devolvida ao Proponente;1614.2.1602/2018;Qualificação Viária;RS;Tabaí;Banco Regional de Desenvolvimento do Extremo Sul – BRDE;Prefeitura Municipal de Tabaí;Qualificação Viária do Prefeitura Municipal de Tabaí;R$ 247.824,67;R$ 4.708.668,64;R$ 4.956.493,31
Pré-selecionada pelo Gestor da Aplicação;964.2.0111/2017;Qualificação Viária;SP;Itupeva;Agência de Desenvolvimento Paulista – Desenvolve SP;Prefeitura Municipal de Itupeva;Qualificação Viária do Prefeitura Municipal de Itupeva;R$ 204.900,00;R$ 3.893.100,00;R$ 4.098.000,00
Em análise de enquadramento;3209.2.2703/2018;Qualificação Viária;MG;São Roque de Minas;Banco de Desenvolvimento de Minas Gerais – BDMG;Prefeitura Municipal de São Roque de Minas;Qualificação Viária do Prefeitura Municipal de São Roque de Minas;R$ 111.170,90;R$ 2.112.247,03;R$ 2.223.417,93
Selecionada pelo gestor da aplicação;3753.2.1809/2018;Qualificação Viária;SC;Guabiruba;Banco Regional de Desenvolvimento do Extremo Sul – BRDE;Prefeitura Municipal de Guabiruba;Qualificação Viária do Prefeitura Municipal de Guabiruba;R$ 347.790,56;R$ 6.608.020,51;R$ 6.955.811,07
Devolvida ao Proponente;1626.4.0102/2018;Estudos e Projetos;RS;Porto Alegre;Caixa Econômica Federal;Prefeitura Municipal de Porto Alegre;Estudos e Projetos do Prefeitura Municipal de Porto Alegre;R$ 390.207,63;R$ 7.413.944,79;R$ 7.804.152,42
Pré-selecionada pelo Gestor da Aplicação;3755.2.2809/2018;Qualificação Viária;PR;Quatro Barras;Caixa Econômica Federal;Prefeitura Municipal de Quatro Barras;Qualificação Viária do Prefeitura Municipal de Quatro Barras;R$ 473.218,75;R$ 8.991.156,25;R$ 9.464.375,00
Pré-selecionada pelo Gestor da Aplicação;3162.2.1303/2018;Qualificação Viária;RS;Arvorezinha;Caixa Econômica Federal;Prefeitura Municipal de Arvorezinha;Qualificação Viária do Prefeitura Municipal de Arvorezinha;R$ 152.871,71;R$ 2.904.562,29;R$ 3.057.434,00
Em análise pelo administrador do Agente Financeiro;354.2.2508/2017;Qualificação Viária;BA;Brumado;Caixa Econômica Federal;Prefeitura Municipal de Brumado;Qualificação Viária do Prefeitura Municipal de Brumado;R$ 90.000,00;R$ 1.710.000,00;R$ 1.800.000,00
Pré-selecionada pelo Gestor da Aplicação;3591.24.1807/2018;Qualificação Viária;PI;Canto do Buriti;Caixa Econômica Federal;Prefeitura Municipal de Canto do Buriti;Qualificação Viária do Prefeitura Municipal de Canto do Buriti;R$ 250.000,00;R$ 4.750.000,00;R$ 5.000.000,00
Pré-selecionada pelo Gestor da Aplicação;516.24.0507/2018;Qualificação Viária;PI;Júlio Borges;Caixa Econômica Federal;Prefeitura Municipal de Júlio Borges;Qualificação Viária do Prefeitura Municipal de Júlio Borges;R$ 154.500,00;R$ 2.935.500,00;R$ 3.090.000,00
Devolvida ao Proponente;3164.24.1403/2018;Qualificação Viária;BA;Mirangaba;Caixa Econômica Federal;Prefeitura Municipal de Mirangaba;Qualificação Viária do Prefeitura Municipal de Mirangaba;R$ 63.900,00;R$ 1.214.100,00;R$ 1.278.000,00
Selecionada pelo gestor da aplicação;3756.25.1909/2018;Qualificação Viária;BA;Barreiras;Caixa Econômica Federal;Prefeitura Municipal de Barreiras;Qualificação Viária do Prefeitura Municipal de Barreiras;R$ 1.110.000,00;R$ 21.060.000,00;R$ 22.170.000,00
Selecionada pelo gestor da aplicação;1636.2.0203/2018;Qualificação Viária;MS;São Gabriel do Oeste;Caixa Econômica Federal;Prefeitura Municipal de São Gabriel do Oeste;Qualificação Viária do Prefeitura Municipal de São Gabriel do Oeste;R$ 264.000,00;R$ 4.999.763,91;R$ 5.263.763,91
Em análise de enquadramento;1613.3.1602/2018;Transporte Não Motorizado;PR;Cafelândia;Caixa Econômica Federal;Prefeitura Municipal de Cafelândia;Transporte Não Motorizado do Prefeitura Municipal de Cafelândia;R$ 56.250,00;R$ 1.068.750,00;R$ 1.125.000,00
Em análise de enquadramento;1614.3.1602/2018;Transporte Não Motorizado;PR;Cafelândia;Caixa Econômica Federal;Prefeitura Municipal de Cafelândia;Transporte Não Motorizado do Prefeitura Municipal de Cafelândia;R$ 65.000,00;R$ 1.235.000,00;R$ 1.300.000,00
Pré-selecionada pelo Gestor da Aplicação;3525.2.2106/2018;Qualificação Viária;SC;Herval d'Oeste;Caixa Econômica Federal;Prefeitura Municipal de Herval d'Oeste;Qualificação Viária do Prefeitura Municipal de Herval d'Oeste;R$ 100.000,00;R$ 1.900.000,00;R$ 2.000.000,00
Pré-selecionada pelo Gestor da Aplicação;3064.24.1203/2018;Qualificação Viária;MS;Nioaque;Caixa Econômica Federal;Prefeitura Municipal de Nioaque;Qualificação Viária do Prefeitura Municipal de Nioaque;R$ 242.695,42;R$ 4.611.212,92;R$ 4.853.908,34
Devolvida ao Proponente;45.2.0308/2017;Qualificação Viária;MG;Cruzeiro da Fortaleza;Caixa Econômica Federal;Prefeitura Municipal de Cruzeiro da Fortaleza;Qualificação Viária do Prefeitura Municipal de Cruzeiro da Fortaleza;R$ 50.000,00;R$ 950.000,00;R$ 1.000.000,00
Em análise de enquadramento;3041.2.0504/2018;Qualificação Viária;SP;Mongaguá;Agência de Desenvolvimento Paulista – Desenvolve SP;Prefeitura Municipal de Mongaguá;Qualificação Viária do Prefeitura Municipal de Mongaguá;R$ 396.774,82;R$ 7.000.000,00;R$ 7.396.774,82
Pré-selecionada pelo Gestor da Aplicação;3262.2.0405/2018;Qualificação Viária;RS;Cacique Doble;Banco Regional de Desenvolvimento do Extremo Sul – BRDE;Prefeitura Municipal de Cacique Doble;Qualificação Viária do Prefeitura Municipal de Cacique Doble;R$ 48.000,00;R$ 902.000,00;R$ 950.000,00
Em análise de enquadramento;1294.24.1312/2017;Qualificação Viária;CE;Aquiraz;Caixa Econômica Federal;Prefeitura Municipal de Aquiraz;Qualificação Viária do Prefeitura Municipal de Aquiraz;R$ 52.669,23;R$ 1.000.715,26;R$ 1.053.384,49
Pré-selecionada pelo Gestor da Aplicação;1513.2.0901/2018;Qualificação Viária;RJ;Resende;Caixa Econômica Federal;Prefeitura Municipal de Resende;Qualificação Viária do Prefeitura Municipal de Resende;R$ 349.302,95;R$ 6.636.756,05;R$ 6.986.059,00
Em análise de enquadramento;3588.2.0507/2018;Qualificação Viária;PI;Geminiano;Caixa Econômica Federal;Prefeitura Municipal de Geminiano;Qualificação Viária do Prefeitura Municipal de Geminiano;R$ 63.000,00;R$ 1.197.000,00;R$ 1.260.000,00
Devolvida ao Proponente;3543.2.2706/2018;Qualificação Viária;GO;Água Limpa;Caixa Econômica Federal;Prefeitura Municipal de Água Limpa;Qualificação Viária do Prefeitura Municipal de Água Limpa;R$ 26.339,13;R$ 500.443,37;R$ 526.782,50
Em análise de enquadramento;3934.2.0702/2019;Qualificação Viária;SP;Juquiá;Caixa Econômica Federal;Prefeitura Municipal de Juquiá;Qualificação Viária do Prefeitura Municipal de Juquiá;R$ 27.500,00;R$ 522.500,00;R$ 550.000,00
Devolvida ao Proponente;367.2.2808/2017;Qualificação Viária;PR;Adrianópolis;Caixa Econômica Federal;Prefeitura Municipal de Adrianópolis;Qualificação Viária do Prefeitura Municipal de Adrianópolis;R$ 247.500,00;R$ 4.702.500,00;R$ 4.950.000,00
Devolvida ao Proponente;1634.2.0103/2018;Qualificação Viária;MT;Primavera do Leste;Caixa Econômica Federal;Prefeitura Municipal de Primavera do Leste;Qualificação Viária do Prefeitura Municipal de Primavera do Leste;R$ 305.158,39;R$ 5.798.009,36;R$ 6.103.167,75
Pré-selecionada pelo Gestor da Aplicação;2478.245.2603/2018;Qualificação Viária;RJ;Barra Mansa;Caixa Econômica Federal;Prefeitura Municipal de Barra Mansa;Qualificação Viária do Prefeitura Municipal de Barra Mansa;R$ 1.375.000,00;R$ 26.125.000,00;R$ 27.500.000,00
Pré-selecionada pelo Gestor da Aplicação;3583.2.0507/2018;Qualificação Viária;PI;Cocal de Telha;Caixa Econômica Federal;Prefeitura Municipal de Cocal de Telha;Qualificação Viária do Prefeitura Municipal de Cocal de Telha;R$ 92.272,00;R$ 1.753.168,00;R$ 1.845.440,00
Pré-selecionada pelo Gestor da Aplicação;3647.2.2507/2018;Qualificação Viária;PE;Jatobá;Caixa Econômica Federal;Prefeitura Municipal de Jatobá;Qualificação Viária do Prefeitura Municipal de Jatobá;R$ 185.500,00;R$ 3.123.586,53;R$ 3.309.086,53
Em análise de enquadramento;3589.2.0507/2018;Qualificação Viária;PI;Fartura do Piauí;Caixa Econômica Federal;Prefeitura Municipal de Fartura do Piauí;Qualificação Viária do Prefeitura Municipal de Fartura do Piauí;R$ 90.000,00;R$ 1.710.000,00;R$ 1.800.000,00
Devolvida ao Proponente;3332.2.1105/2018;Qualificação Viária;PR;Pitanga;Caixa Econômica Federal;Prefeitura Municipal de Pitanga;Qualificação Viária do Prefeitura Municipal de Pitanga;R$ 68.392,73;R$ 1.299.461,82;R$ 1.367.854,55
Selecionada pelo gestor da aplicação;209.2.2308/2017;Qualificação Viária;SC;Balneário Gaivota;Banco Regional de Desenvolvimento do Extremo Sul – BRDE;Prefeitura Municipal de Balneário Gaivota;Qualificação Viária do Prefeitura Municipal de Balneário Gaivota;R$ 248.675,73;R$ 4.724.838,84;R$ 4.973.514,57
Pré-selecionada pelo Gestor da Aplicação;3547.2.2706/2018;Qualificação Viária;PR;Almirante Tamandaré;Banco Regional de Desenvolvimento do Extremo Sul – BRDE;Prefeitura Municipal de Almirante Tamandaré;Qualificação Viária do Prefeitura Municipal de Almirante Tamandaré;R$ 249.726,78;R$ 4.744.808,78;R$ 4.994.535,56
Devolvida ao Proponente;3364.23.2505/2018;Qualificação Viária;SP;Santo André;Caixa Econômica Federal;Prefeitura Municipal de Santo André;Qualificação Viária do Prefeitura Municipal de Santo André;R$ 3.502.756,66;R$ 66.552.376,42;R$ 70.055.133,08
Em análise de enquadramento;3524.24.2206/2018;Qualificação Viária;MA;Santa Inês;Caixa Econômica Federal;Prefeitura Municipal de Santa Inês;Qualificação Viária do Prefeitura Municipal de Santa Inês;R$ 1.307.702,31;R$ 24.846.343,74;R$ 26.154.046,05
Pré-selecionada pelo Gestor da Aplicação;1424.2.2712/2017;Qualificação Viária;MG;Serro;Caixa Econômica Federal;Prefeitura Municipal de Serro;Qualificação Viária do Prefeitura Municipal de Serro;R$ 205.905,93;R$ 3.912.212,63;R$ 4.118.118,56
Devolvida ao Proponente;1618.4.3101/2018;Estudos e Projetos;RS;Porto Alegre;Caixa Econômica Federal;Prefeitura Municipal de Porto Alegre;Estudos e Projetos do Prefeitura Municipal de Porto Alegre;R$ 76.000,00;R$ 1.444.000,00;R$ 1.520.000,00
Em análise de enquadramento;2441.2.1505/2018;Qualificação Viária;MG;Araguari;Caixa Econômica Federal;Prefeitura Municipal de Araguari;Qualificação Viária do Prefeitura Municipal de Araguari;R$ 310.100,00;R$ 5.891.900,00;R$ 6.202.000,00
Devolvida ao Proponente;3166.24.1403/2018;Qualificação Viária;BA;Mirangaba;Caixa Econômica Federal;Prefeitura Municipal de Mirangaba;Qualificação Viária do Prefeitura Municipal de Mirangaba;R$ 33.300,00;R$ 632.700,00;R$ 666.000,00
Em análise de enquadramento;3590.2.0507/2018;Qualificação Viária;PI;Fartura do Piauí;Caixa Econômica Federal;Prefeitura Municipal de Fartura do Piauí;Qualificação Viária do Prefeitura Municipal de Fartura do Piauí;R$ 56.000,00;R$ 1.045.799,00;R$ 1.101.799,00
Pré-selecionada pelo Gestor da Aplicação;3734.2.1009/2018;Qualificação Viária;RS;Santa Vitória do Palmar;Banco Regional de Desenvolvimento do Extremo Sul – BRDE;Prefeitura Municipal de Santa Vitória do Palmar;Qualificação Viária do Prefeitura Municipal de Santa Vitória do Palmar;R$ 244.426,56;R$ 4.644.104,55;R$ 4.888.531,11
Devolvida ao Proponente;1621.4.3101/2018;Estudos e Projetos;RS;Porto Alegre;Caixa Econômica Federal;Prefeitura Municipal de Porto Alegre;Estudos e Projetos do Prefeitura Municipal de Porto Alegre;R$ 320.000,00;R$ 6.080.000,00;R$ 6.400.000,00
Devolvida ao Proponente;48.24.0308/2017;Qualificação Viária;RS;Pedras Altas;Banco Regional de Desenvolvimento do Extremo Sul – BRDE;Prefeitura Municipal de Pedras Altas;Qualificação Viária do Prefeitura Municipal de Pedras Altas;R$ 64.000,00;R$ 1.216.000,00;R$ 1.280.000,00
Devolvida ao Proponente;4034.2.1906/2019;Qualificação Viária;RJ;São João de Meriti;Caixa Econômica Federal;Prefeitura Municipal de São João de Meriti;Qualificação Viária do Prefeitura Municipal de São João de Meriti;R$ 339.750,00;R$ 6.455.250,00;R$ 6.795.000,00
Devolvida ao Proponente;4042.2.2806/2019;Qualificação Viária;CE;Fortaleza;Caixa Econômica Federal;Prefeitura Municipal de Fortaleza;Qualificação Viária do Prefeitura Municipal de Fortaleza;R$ 2.000.000,00;R$ 38.000.000,00;R$ 40.000.000,00
Devolvida ao Proponente;1195.2.3011/2017;Qualificação Viária;PR;Mallet;Caixa Econômica Federal;Prefeitura Municipal de Mallet;Qualificação Viária do Prefeitura Municipal de Mallet;R$ 249.154,01;R$ 4.733.926,01;R$ 4.983.080,02
Devolvida ao Proponente;3168.24.1403/2018;Qualificação Viária;BA;Mirangaba;Caixa Econômica Federal;Prefeitura Municipal de Mirangaba;Qualificação Viária do Prefeitura Municipal de Mirangaba;R$ 29.750,00;R$ 565.250,00;R$ 595.000,00
Pré-selecionada pelo Gestor da Aplicação;3158.2.1203/2018;Qualificação Viária;SC;Palmeira;Caixa Econômica Federal;Prefeitura Municipal de Palmeira;Qualificação Viária do Prefeitura Municipal de Palmeira;R$ 249.970,95;R$ 4.749.447,88;R$ 4.999.418,83
Em análise de enquadramento;3663.2.0208/2018;Qualificação Viária;RO;Machadinho D'Oeste;Caixa Econômica Federal;Prefeitura Municipal de Machadinho D'Oeste;Qualificação Viária do Prefeitura Municipal de Machadinho D'Oeste;R$ 759.821,61;R$ 14.436.610,46;R$ 15.196.432,07
Não enquadrada pelo Agente Financeiro;3304.3.2604/2018;Transporte Não Motorizado;MG;Uruana de Minas;Caixa Econômica Federal;Prefeitura Municipal de Uruana de Minas;Transporte Não Motorizado do Prefeitura Municipal de Uruana de Minas;R$ 27.500,00;R$ 522.500,00;R$ 550.000,00
Pré-selecionada pelo Gestor da Aplicação;3486.24.1406/2018;Qualificação Viária;PI;Cabeceiras do Piauí;Caixa Econômica Federal;Prefeitura Municipal de Cabeceiras do Piauí;Qualificação Viária do Prefeitura Municipal de Cabeceiras do Piauí;R$ 201.673,49;R$ 3.831.796,21;R$ 4.033.469,70
Devolvida ao Proponente;38.24.0308/2017;Qualificação Viária;BA;Maiquinique;Caixa Econômica Federal;Prefeitura Municipal de Maiquinique;Qualificação Viária do Prefeitura Municipal de Maiquinique;R$ 236.369,67;R$ 4.491.023,72;R$ 4.727.393,39
Devolvida ao Proponente;3212.2.2205/2018;Qualificação Viária;SP;Cotia;Caixa Econômica Federal;Prefeitura Municipal de Cotia;Qualificação Viária do Prefeitura Municipal de Cotia;R$ 229.080,49;R$ 4.352.529,24;R$ 4.581.609,73
Pré-selecionada pelo Gestor da Aplicação;3634.3.2509/2018;Transporte Não Motorizado;RJ;Rio Bonito;Caixa Econômica Federal;Prefeitura Municipal de Rio Bonito;Transporte Não Motorizado do Prefeitura Municipal de Rio Bonito;R$ 366.893,20;R$ 6.970.970,00;R$ 7.337.863,20
Devolvida ao Proponente;1075.23.1411/2017;Qualificação Viária;SP;Bauru;Caixa Econômica Federal;Prefeitura Municipal de Bauru;Qualificação Viária do Prefeitura Municipal de Bauru;R$ 740.000,00;R$ 14.060.000,00;R$ 14.800.000,00
Em análise de enquadramento;3231.24.0404/2018;Qualificação Viária;PR;Paranavaí;Caixa Econômica Federal;Prefeitura Municipal de Paranavaí;Qualificação Viária do Prefeitura Municipal de Paranavaí;R$ 325.141,70;R$ 6.177.692,12;R$ 6.502.833,82
Pré-selecionada pelo Gestor da Aplicação;3159.24.1203/2018;Qualificação Viária;SP;Guararema;Caixa Econômica Federal;Prefeitura Municipal de Guararema;Qualificação Viária do Prefeitura Municipal de Guararema;R$ 126.750,00;R$ 2.408.250,00;R$ 2.535.000,00
Devolvida ao Proponente;3169.24.1403/2018;Qualificação Viária;BA;Mirangaba;Caixa Econômica Federal;Prefeitura Municipal de Mirangaba;Qualificação Viária do Prefeitura Municipal de Mirangaba;R$ 44.512,50;R$ 845.737,50;R$ 890.250,00
Selecionada pelo gestor da aplicação;360.2.2808/2017;Qualificação Viária;SC;Rio Fortuna;Banco Regional de Desenvolvimento do Extremo Sul – BRDE;Prefeitura Municipal de Rio Fortuna;Qualificação Viária do Prefeitura Municipal de Rio Fortuna;R$ 97.533,07;R$ 1.853.128,16;R$ 1.950.661,23
Pré-selecionada pelo Gestor da Aplicação;3302.24.2504/2018;Qualificação Viária;SP;Presidente Prudente;Caixa Econômica Federal;Município de Presidente Prudente;Qualificação Viária do Município de Presidente Prudente;R$ 251.215,00;R$ 4.773.085,00;R$ 5.024.300,00
Selecionada pelo gestor da aplicação;1506.2.0801/2018;Qualificação Viária;RS;Bom Retiro do Sul;Banco Regional de Desenvolvimento do Extremo Sul – BRDE;Prefeitura Municipal de Bom Retiro do Sul;Qualificação Viária do Prefeitura Municipal de Bom Retiro do Sul;R$ 226.745,46;R$ 4.308.163,71;R$ 4.534.909,17
Pré-selecionada pelo Gestor da Aplicação;3179.2.2706/2018;Qualificação Viária;GO;Ouro Verde de Goiás;Caixa Econômica Federal;Prefeitura Municipal de Ouro Verde de Goiás;Qualificação Viária do Prefeitura Municipal de Ouro Verde de Goiás;R$ 78.000,00;R$ 1.482.000,00;R$ 1.560.000,00
Devolvida ao Proponente;3307.2.0205/2018;Qualificação Viária;RS;Nova Ramada;Caixa Econômica Federal;Município  de Nova Ramada;Qualificação Viária do Município  de Nova Ramada;R$ 225.000,00;R$ 4.275.000,00;R$ 4.500.000,00
Selecionada pelo gestor da aplicação;3305.2.2604/2018;Qualificação Viária;RS;Serafina Corrêa;Caixa Econômica Federal;Prefeitura Municipal de Serafina Corrêa;Qualificação Viária do Prefeitura Municipal de Serafina Corrêa;R$ 133.696,90;R$ 2.540.240,91;R$ 2.673.937,81
Pré-selecionada pelo Gestor da Aplicação;3299.24.2504/2018;Qualificação Viária;SC;Treviso;Caixa Econômica Federal;Prefeitura Municipal de Treviso;Qualificação Viária do Prefeitura Municipal de Treviso;R$ 178.741,17;R$ 3.396.082,04;R$ 3.574.823,21
Pré-selecionada pelo Gestor da Aplicação;3306.2.2704/2018;Qualificação Viária;RS;Santa Clara do Sul;Banco Regional de Desenvolvimento do Extremo Sul – BRDE;Prefeitura Municipal de Santa Clara do Sul;Qualificação Viária do Prefeitura Municipal de Santa Clara do Sul;R$ 171.451,35;R$ 3.257.575,64;R$ 3.429.026,99
Selecionada pelo gestor da aplicação;1560.24.1701/2018;Qualificação Viária;SC;Lauro Muller;Banco Regional de Desenvolvimento do Extremo Sul – BRDE;Prefeitura Municipal de Lauro Muller;Qualificação Viária do Prefeitura Municipal de Lauro Muller;R$ 300.000,00;R$ 5.000.000,00;R$ 5.300.000,00
Devolvida ao Proponente;3272.2.0506/2018;Qualificação Viária;MG;Tombos;Caixa Econômica Federal;Prefeitura Municipal de Tombos;Qualificação Viária do Prefeitura Municipal de Tombos;R$ 32.413,50;R$ 615.856,50;R$ 648.270,00
Devolvida ao Proponente;3238.2.0604/2018;Qualificação Viária;RS;Jaguari;Banco Regional de Desenvolvimento do Extremo Sul – BRDE;Prefeitura Municipal de Jaguari;Qualificação Viária do Prefeitura Municipal de Jaguari;R$ 212.050,00;R$ 4.028.950,00;R$ 4.241.000,00
Pré-selecionada pelo Gestor da Aplicação;1612.24.3001/2018;Qualificação Viária;RS;Tramandaí;Banco Regional de Desenvolvimento do Extremo Sul – BRDE;Prefeitura Municipal de Tramandaí;Qualificação Viária do Prefeitura Municipal de Tramandaí;R$ 568.767,76;R$ 10.656.587,38;R$ 11.225.355,14
Em análise de enquadramento;3229.2.2505/2018;Qualificação Viária;PR;Barbosa Ferraz;Fomento Paraná;Prefeitura Municipal de Barbosa Ferraz;Qualificação Viária do Prefeitura Municipal de Barbosa Ferraz;R$ 105.000,00;R$ 1.995.000,00;R$ 2.100.000,00
Pré-selecionada pelo Gestor da Aplicação;3308.24.2604/2018;Qualificação Viária;RJ;Iguaba Grande;Caixa Econômica Federal;Prefeitura Municipal de Iguaba Grande;Qualificação Viária do Prefeitura Municipal de Iguaba Grande;R$ 747.167,50;R$ 14.196.182,50;R$ 14.943.350,00
Pré-selecionada pelo Gestor da Aplicação;3173.2.2603/2018;Qualificação Viária;BA;Ibirapuã;Caixa Econômica Federal;Prefeitura Municipal de Ibirapuã;Qualificação Viária do Prefeitura Municipal de Ibirapuã;R$ 80.610,60;R$ 1.531.601,33;R$ 1.612.211,93
Devolvida ao Proponente;3112.2.1103/2018;Qualificação Viária;PI;Teresina;Caixa Econômica Federal;Prefeitura Municipal de Teresina;Qualificação Viária do Prefeitura Municipal de Teresina;R$ 1.257.669,89;R$ 23.895.727,85;R$ 25.153.397,74
Devolvida ao Proponente;3241.2.1204/2018;Qualificação Viária;GO;Amorinópolis;Caixa Econômica Federal;Prefeitura Municipal de Amorinópolis;Qualificação Viária do Prefeitura Municipal de Amorinópolis;R$ 78.200,00;R$ 1.485.800,00;R$ 1.564.000,00
Pré-selecionada pelo Gestor da Aplicação;3732.25.1109/2018;Qualificação Viária;BA;Jequié;Caixa Econômica Federal;Prefeitura Municipal de Jequié;Qualificação Viária do Prefeitura Municipal de Jequié;R$ 1.231.727,83;R$ 23.402.828,67;R$ 24.634.556,50
Pré-selecionada pelo Gestor da Aplicação;4099.2.0312/2019;Qualificação Viária;BA;Uibaí;Caixa Econômica Federal;Prefeitura Municipal de Uibaí;Qualificação Viária do Prefeitura Municipal de Uibaí;R$ 250.000,00;R$ 4.750.000,00;R$ 5.000.000,00
Pré-selecionada pelo Gestor da Aplicação;4095.2.0810/2019;Qualificação Viária;MS;Itaporã;Caixa Econômica Federal;Prefeitura Municipal de Itaporã;Qualificação Viária do Prefeitura Municipal de Itaporã;R$ 131.578,66;R$ 2.499.994,37;R$ 2.631.573,03
Pré-selecionada pelo Gestor da Aplicação;3233.24.0404/2018;Qualificação Viária;PR;Paranavaí;Caixa Econômica Federal;Prefeitura Municipal de Paranavaí;Qualificação Viária do Prefeitura Municipal de Paranavaí;R$ 325.141,70;R$ 6.177.692,12;R$ 6.502.833,82
Devolvida ao Proponente;3220.2.0905/2018;Qualificação Viária;RS;Porto Alegre;Caixa Econômica Federal;Prefeitura Municipal de Porto Alegre;Qualificação Viária do Prefeitura Municipal de Porto Alegre;R$ 1.334.741,99;R$ 25.360.097,70;R$ 26.694.839,69
Devolvida ao Proponente;1599.5.2601/2018;Plano de Mobilidade Urbana;ES;Vitória;Caixa Econômica Federal;Prefeitura Municipal de Vitória;Plano de Mobilidade Urbana do Prefeitura Municipal de Vitória;R$ 315.440,00;R$ 5.993.360,00;R$ 6.308.800,00
Devolvida ao Proponente;547.24.1809/2017;Qualificação Viária;GO;Ivolândia;Caixa Econômica Federal;Prefeitura Municipal de Ivolândia;Qualificação Viária do Prefeitura Municipal de Ivolândia;R$ 87.500,00;R$ 1.662.500,00;R$ 1.750.000,00
Pré-selecionada pelo Gestor da Aplicação;4096.2.0411/2019;Qualificação Viária;MT;Arenápolis;Caixa Econômica Federal;Prefeitura Municipal de Arenápolis;Qualificação Viária do Prefeitura Municipal de Arenápolis;R$ 110.000,00;R$ 2.090.000,00;R$ 2.200.000,00
Pré-selecionada pelo Gestor da Aplicação;3391.24.3005/2018;Qualificação Viária;SP;Itararé;Caixa Econômica Federal;Prefeitura Municipal de Itararé;Qualificação Viária do Prefeitura Municipal de Itararé;R$ 280.000,00;R$ 5.320.000,00;R$ 5.600.000,00
Pré-selecionada pelo Gestor da Aplicação;3181.2.2504/2018;Qualificação Viária;RS;Três Arroios;Badesul Desenvolvimento S. A.;Prefeitura Municipal de Três Arroios;Qualificação Viária do Prefeitura Municipal de Três Arroios;R$ 93.519,00;R$ 1.776.861,00;R$ 1.870.380,00
Devolvida ao Proponente;424.2.3108/2017;Qualificação Viária;RS;Maquiné;Caixa Econômica Federal;Prefeitura Municipal de Maquiné;Qualificação Viária do Prefeitura Municipal de Maquiné;R$ 140.022,27;R$ 2.660.423,02;R$ 2.800.445,29
Devolvida ao Proponente;1367.23.2012/2017;Qualificação Viária;SP;Suzano;Caixa Econômica Federal;Prefeitura Municipal de Suzano;Qualificação Viária do Prefeitura Municipal de Suzano;R$ 1.017.116,00;R$ 19.325.204,00;R$ 20.342.320,00
Pré-selecionada pelo Gestor da Aplicação;3392.24.1206/2018;Qualificação Viária;PI;Ribeiro Gonçalves;Caixa Econômica Federal;Prefeitura Municipal de Ribeiro Gonçalves;Qualificação Viária do Prefeitura Municipal de Ribeiro Gonçalves;R$ 260.000,00;R$ 4.740.000,00;R$ 5.000.000,00
Em análise de validação;1244.2.0712/2017;Qualificação Viária;PA;Belém;Caixa Econômica Federal;Prefeitura Municipal de Belém;Qualificação Viária do Prefeitura Municipal de Belém;R$ 1.633.190,32;R$ 31.030.616,08;R$ 32.663.806,40
Devolvida ao Proponente;1351.23.1912/2017;Qualificação Viária;SP;Suzano;Caixa Econômica Federal;Prefeitura Municipal de Suzano;Qualificação Viária do Prefeitura Municipal de Suzano;R$ 402.187,50;R$ 7.641.562,50;R$ 8.043.750,00
Devolvida ao Proponente;3263.2.0506/2018;Qualificação Viária;RS;Soledade;Badesul Desenvolvimento S. A.;Prefeitura Municipal de Soledade;Qualificação Viária do Prefeitura Municipal de Soledade;R$ 314.190,46;R$ 5.969.618,57;R$ 6.283.809,03
Devolvida ao Proponente;1402.2.2212/2017;Qualificação Viária;SC;Blumenau;Banco Regional de Desenvolvimento do Extremo Sul – BRDE;Prefeitura Municipal de Blumenau;Qualificação Viária do Prefeitura Municipal de Blumenau;R$ 2.498.000,00;R$ 47.462.000,00;R$ 49.960.000,00
Pré-selecionada pelo Gestor da Aplicação;183.2.2108/2017;Qualificação Viária;SP;Tatuí;Agência de Desenvolvimento Paulista – Desenvolve SP;Prefeitura Municipal de Tatuí;Qualificação Viária do Prefeitura Municipal de Tatuí;R$ 519.795,79;R$ 9.876.119,90;R$ 10.395.915,69
Em análise de validação;1222.2.0512/2017;Qualificação Viária;PA;Belém;Caixa Econômica Federal;Prefeitura Municipal de Belém;Qualificação Viária do Prefeitura Municipal de Belém;R$ 7.367.519,74;R$ 139.982.875,03;R$ 147.350.394,77
Pré-selecionada pelo Gestor da Aplicação;1041.2.1311/2017;Qualificação Viária;MG;Sem-Peixe;Caixa Econômica Federal;PREFEITURA MUNICIPAL DE SEM PEIXE;Qualificação Viária do PREFEITURA MUNICIPAL DE SEM PEIXE;R$ 51.000,00;R$ 969.000,00;R$ 1.020.000,00
Pré-selecionada pelo Gestor da Aplicação;1458.2.2912/2017;Qualificação Viária;BA;Curaçá;Caixa Econômica Federal;Prefeitura Municipal de Curaçá;Qualificação Viária do Prefeitura Municipal de Curaçá;R$ 261.070,60;R$ 4.960.341,26;R$ 5.221.411,86
Pré-selecionada pelo Gestor da Aplicação;3758.2.3010/2018;Qualificação Viária;RO;Jaru;Caixa Econômica Federal;Prefeitura Municipal de Jaru;Qualificação Viária do Prefeitura Municipal de Jaru;R$ 700.175,60;R$ 13.303.336,37;R$ 14.003.511,97
Em análise de enquadramento;3635.2.1807/2018;Qualificação Viária;PI;Francisco Macedo;Caixa Econômica Federal;Prefeitura Municipal de Francisco Macedo;Qualificação Viária do Prefeitura Municipal de Francisco Macedo;R$ 240.411,88;R$ 4.567.825,62;R$ 4.808.237,50
Devolvida ao Proponente;879.2.2310/2017;Qualificação Viária;RS;Capão da Canoa;Caixa Econômica Federal;Prefeitura Municipal de Capão da Canoa;Qualificação Viária do Prefeitura Municipal de Capão da Canoa;R$ 436.518,45;R$ 8.293.850,49;R$ 8.730.368,94
Devolvida ao Proponente;4070.2.2307/2019;Qualificação Viária;RO;Nova Brasilândia D'Oeste;Caixa Econômica Federal;Prefeitura Municipal de Nova Brasilândia D'Oeste;Qualificação Viária do Prefeitura Municipal de Nova Brasilândia D'Oeste;R$ 350.000,00;R$ 6.650.000,00;R$ 7.000.000,00
Pré-selecionada pelo Gestor da Aplicação;3812.2.2910/2018;Qualificação Viária;PR;Mercedes;Caixa Econômica Federal;Prefeitura Municipal de Mercedes;Qualificação Viária do Prefeitura Municipal de Mercedes;R$ 62.620,00;R$ 1.189.780,00;R$ 1.252.400,00
Devolvida ao Proponente;3665.24.1708/2018;Qualificação Viária;RS;Eldorado do Sul;Caixa Econômica Federal;Prefeitura Municipal de Eldorado do Sul;Qualificação Viária do Prefeitura Municipal de Eldorado do Sul;R$ 299.963,53;R$ 5.699.306,89;R$ 5.999.270,42
Pré-selecionada pelo Gestor da Aplicação;3840.2.1811/2018;Qualificação Viária;RS;Ivoti;Banco Regional de Desenvolvimento do Extremo Sul – BRDE;Prefeitura Municipal de Ivoti;Qualificação Viária do Prefeitura Municipal de Ivoti;R$ 138.818,46;R$ 2.637.550,54;R$ 2.776.369,00
Em análise de enquadramento;3645.2.2407/2018;Qualificação Viária;RS;Mormaço;Caixa Econômica Federal;Prefeitura Municipal de Mormaço;Qualificação Viária do Prefeitura Municipal de Mormaço;R$ 78.897,45;R$ 1.499.051,49;R$ 1.577.948,94
Selecionada pelo gestor da aplicação;816.2.1110/2017;Qualificação Viária;PR;Ivaí;Caixa Econômica Federal;Prefeitura Municipal de Ivaí;Qualificação Viária do Prefeitura Municipal de Ivaí;R$ 250.000,00;R$ 4.750.000,00;R$ 5.000.000,00
Em análise de enquadramento;4069.34.0508/2019;Transporte Não Motorizado;PR;Agudos do Sul;Fomento Paraná;Prefeitura Municipal de Agudos do Sul;Transporte Não Motorizado do Prefeitura Municipal de Agudos do Sul;R$ 28.500,00;R$ 541.500,00;R$ 570.000,00
Devolvida ao Proponente;3947.2.1403/2019;Qualificação Viária;MG;São Vicente de Minas;Caixa Econômica Federal;Prefeitura Municipal de São Vicente de Minas;Qualificação Viária do Prefeitura Municipal de São Vicente de Minas;R$ 65.000,00;R$ 1.235.000,00;R$ 1.300.000,00
Pré-selecionada pelo Gestor da Aplicação;716.2.0210/2017;Qualificação Viária;PR;Assis Chateaubriand;Caixa Econômica Federal;Prefeitura Municipal de Assis Chateaubriand;Qualificação Viária do Prefeitura Municipal de Assis Chateaubriand;R$ 216.500,00;R$ 4.113.500,00;R$ 4.330.000,00
Selecionada pelo gestor da aplicação;80.2.0908/2017;Qualificação Viária;RS;Santa Margarida do Sul;Caixa Econômica Federal;Prefeitura Municipal de Santa Margarida do Sul;Qualificação Viária do Prefeitura Municipal de Santa Margarida do Sul;R$ 243.175,00;R$ 4.620.325,00;R$ 4.863.500,00
Pré-selecionada pelo Gestor da Aplicação;3800.24.3010/2018;Qualificação Viária;PR;Turvo;Caixa Econômica Federal;Prefeitura Municipal de Turvo;Qualificação Viária do Prefeitura Municipal de Turvo;R$ 186.980,00;R$ 3.552.616,00;R$ 3.739.596,00
Pré-selecionada pelo Gestor da Aplicação;3666.2.0608/2018;Qualificação Viária;MS;Douradina;Caixa Econômica Federal;Prefeitura Municipal de Douradina;Qualificação Viária do Prefeitura Municipal de Douradina;R$ 26.396,63;R$ 501.535,88;R$ 527.932,51
Pré-selecionada pelo Gestor da Aplicação;3813.24.3010/2018;Qualificação Viária;MT;Lambari D'Oeste;Caixa Econômica Federal;Prefeitura Municipal de Lambari D'Oeste;Qualificação Viária do Prefeitura Municipal de Lambari D'Oeste;R$ 262.498,82;R$ 4.987.477,52;R$ 5.249.976,34
Pré-selecionada pelo Gestor da Aplicação;3395.2.2708/2018;Qualificação Viária;RS;Maximiliano de Almeida;Caixa Econômica Federal;Prefeitura Municipal de Maximiliano de Almeida;Qualificação Viária do Prefeitura Municipal de Maximiliano de Almeida;R$ 202.810,50;R$ 3.853.399,50;R$ 4.056.210,00
Pré-selecionada pelo Gestor da Aplicação;1580.2.2301/2018;Qualificação Viária;RS;Crissiumal;Caixa Econômica Federal;Prefeitura Municipal de Crissiumal;Qualificação Viária do Prefeitura Municipal de Crissiumal;R$ 111.500,00;R$ 2.118.500,00;R$ 2.230.000,00
Selecionada pelo gestor da aplicação;1370.2.2012/2017;Qualificação Viária;RS;Jaquirana;Caixa Econômica Federal;Prefeitura Municipal de Jaquirana;Qualificação Viária do Prefeitura Municipal de Jaquirana;R$ 127.081,73;R$ 2.414.552,77;R$ 2.541.634,50
Pré-selecionada pelo Gestor da Aplicação;3669.2.0808/2018;Qualificação Viária;RS;Candiota;Caixa Econômica Federal;Prefeitura Municipal de Candiota;Qualificação Viária do Prefeitura Municipal de Candiota;R$ 249.537,47;R$ 4.741.211,83;R$ 4.990.749,30
Devolvida ao Proponente;1394.245.2212/2017;Qualificação Viária;MA;Imperatriz;Caixa Econômica Federal;Prefeitura Municipal de Imperatriz;Qualificação Viária do Prefeitura Municipal de Imperatriz;R$ 1.185.000,00;R$ 22.515.000,00;R$ 23.700.000,00
Selecionada pelo gestor da aplicação;869.2.2010/2017;Qualificação Viária;SC;Passos Maia;Caixa Econômica Federal;Prefeitura Municipal de Passos Maia;Qualificação Viária do Prefeitura Municipal de Passos Maia;R$ 108.788,70;R$ 2.066.985,19;R$ 2.175.773,89
Pré-selecionada pelo Gestor da Aplicação;3396.2.3005/2018;Qualificação Viária;MT;Confresa;Caixa Econômica Federal;Prefeitura Municipal de Confresa;Qualificação Viária do Prefeitura Municipal de Confresa;R$ 444.937,57;R$ 8.453.813,74;R$ 8.898.751,31
Selecionada pelo gestor da aplicação;398.2.2908/2017;Qualificação Viária;SP;Elias Fausto;Caixa Econômica Federal;Prefeitura Municipal de Elias Fausto;Qualificação Viária do Prefeitura Municipal de Elias Fausto;R$ 250.000,00;R$ 4.750.000,00;R$ 5.000.000,00
Em análise de enquadramento;3603.24.0907/2018;Qualificação Viária;PI;Campo Grande do Piauí;Caixa Econômica Federal;Prefeitura Municipal de Campo Grande do Piauí;Qualificação Viária do Prefeitura Municipal de Campo Grande do Piauí;R$ 51.500,00;R$ 978.500,00;R$ 1.030.000,00
Selecionada pelo gestor da aplicação;3187.2.2303/2018;Qualificação Viária;SP;Itu;Caixa Econômica Federal;Prefeitura Municipal de Itu;Qualificação Viária do Prefeitura Municipal de Itu;R$ 1.497.324,34;R$ 28.449.162,36;R$ 29.946.486,70
Devolvida ao Proponente;3340.2.1707/2018;Qualificação Viária;RS;Flores da Cunha;Caixa Econômica Federal;Prefeitura Municipal de Flores da Cunha;Qualificação Viária do Prefeitura Municipal de Flores da Cunha;R$ 200.240,37;R$ 3.804.566,88;R$ 4.004.807,25
Selecionada pelo gestor da aplicação;73.2.0808/2017;Qualificação Viária;SC;Iporã do Oeste;Caixa Econômica Federal;Prefeitura Municipal de Iporã do Oeste;Qualificação Viária do Prefeitura Municipal de Iporã do Oeste;R$ 250.000,00;R$ 4.750.000,00;R$ 5.000.000,00
Em análise de enquadramento;3339.2.1605/2018;Qualificação Viária;MG;São Francisco;Caixa Econômica Federal;Prefeitura de São Francisco;Qualificação Viária do Prefeitura de São Francisco;R$ 476.484,45;R$ 9.053.204,45;R$ 9.529.688,90
Devolvida ao Proponente;3668.24.1012/2018;Qualificação Viária;BA;Jandaíra;Caixa Econômica Federal;Prefeitura Municipal de Jandaíra;Qualificação Viária do Prefeitura Municipal de Jandaíra;R$ 238.815,85;R$ 4.537.500,78;R$ 4.776.316,63
Selecionada pelo gestor da aplicação;187.2.2208/2017;Qualificação Viária;MS;Aparecida do Taboado;Caixa Econômica Federal;Prefeitura Municipal de Aparecida do Taboado;Qualificação Viária do Prefeitura Municipal de Aparecida do Taboado;R$ 749.992,58;R$ 14.249.858,85;R$ 14.999.851,43
Devolvida ao Proponente;4092.2.2609/2019;Qualificação Viária;BA;Salvador;Caixa Econômica Federal;Prefeitura Municipal de Salvador;Qualificação Viária do Prefeitura Municipal de Salvador;R$ 1.107.821,65;R$ 21.048.611,31;R$ 22.156.432,96
Em análise de enquadramento;3324.2.1405/2018;Qualificação Viária;BA;Santa Rita de Cássia;Caixa Econômica Federal;Prefeitura Municipal de Santa Rita de Cássia;Qualificação Viária do Prefeitura Municipal de Santa Rita de Cássia;R$ 245.000,00;R$ 4.655.000,00;R$ 4.900.000,00
Devolvida ao Proponente;3235.2.3005/2018;Qualificação Viária;SC;Blumenau;Banco Regional de Desenvolvimento do Extremo Sul – BRDE;Prefeitura Municipal de Blumenau;Qualificação Viária do Prefeitura Municipal de Blumenau;R$ 5.000.000,00;R$ 49.311.242,21;R$ 54.311.242,21
Devolvida ao Proponente;3351.2.2205/2018;Qualificação Viária;SP;Cotia;Caixa Econômica Federal;Prefeitura Municipal de Cotia;Qualificação Viária do Prefeitura Municipal de Cotia;R$ 319.340,31;R$ 5.486.847,12;R$ 5.806.187,43
Pré-selecionada pelo Gestor da Aplicação;1263.24.0606/2018;Qualificação Viária;PI;Avelino Lopes;Caixa Econômica Federal;Prefeitura Municipal de Avelino Lopes;Qualificação Viária do Prefeitura Municipal de Avelino Lopes;R$ 185.000,00;R$ 3.515.000,00;R$ 3.700.000,00
Devolvida ao Proponente;1629.234.2802/2018;Qualificação Viária;RJ;São João de Meriti;Caixa Econômica Federal;Prefeitura Municipal de São João de Meriti;Qualificação Viária do Prefeitura Municipal de São João de Meriti;R$ 974.875,75;R$ 18.522.639,10;R$ 19.497.514,85
Em análise de enquadramento;3350.24.1805/2018;Qualificação Viária;RJ;Três Rios;Agência Estadual de Fomento – AgeRio;Prefeitura Municipal de Três Rios;Qualificação Viária do Prefeitura Municipal de Três Rios;R$ 699.097,50;R$ 13.282.852,50;R$ 13.981.950,00
Devolvida ao Proponente;3890.25.2712/2018;Qualificação Viária;BA;Vitória da Conquista;Caixa Econômica Federal;Prefeitura Municipal de Vitória da Conquista;Qualificação Viária do Prefeitura Municipal de Vitória da Conquista;R$ 784.361,02;R$ 14.902.859,24;R$ 15.687.220,26
Pré-selecionada pelo Gestor da Aplicação;672.2.2809/2017;Qualificação Viária;SP;Sertãozinho;Agência de Desenvolvimento Paulista – Desenvolve SP;Prefeitura Municipal de Sertãozinho;Qualificação Viária do Prefeitura Municipal de Sertãozinho;R$ 222.514,00;R$ 4.227.765,98;R$ 4.450.279,98
Pré-selecionada pelo Gestor da Aplicação;3398.2.3005/2018;Qualificação Viária;SC;Benedito Novo;Banco Regional de Desenvolvimento do Extremo Sul – BRDE;Prefeitura Municipal de Benedito Novo;Qualificação Viária do Prefeitura Municipal de Benedito Novo;R$ 45.467,81;R$ 863.888,22;R$ 909.356,03
Pré-selecionada pelo Gestor da Aplicação;3694.2.1209/2018;Qualificação Viária;MT;São José dos Quatro Marcos;Caixa Econômica Federal;Prefeitura Municipal de São José dos Quatro Marcos;Qualificação Viária do Prefeitura Municipal de São José dos Quatro Marcos;R$ 239.500,00;R$ 4.550.500,00;R$ 4.790.000,00
Não Validada pelo Agente Financeiro;3420.2.0606/2018;Qualificação Viária;SP;Igarapava;Caixa Econômica Federal;Prefeitura Municipal de Igarapava;Qualificação Viária do Prefeitura Municipal de Igarapava;R$ 249.214,50;R$ 4.735.075,34;R$ 4.984.289,84
Devolvida ao Proponente;3513.24.1806/2018;Qualificação Viária;AL;Olho d'Água Grande;Caixa Econômica Federal;Prefeitura Municipal de Olho d'Água Grande;Qualificação Viária do Prefeitura Municipal de Olho d'Água Grande;R$ 475.000,00;R$ 4.525.000,00;R$ 5.000.000,00
Devolvida ao Proponente;1247.2.0712/2017;Qualificação Viária;PR;Honório Serpa;Caixa Econômica Federal;Prefeitura Municipal de Honório Serpa;Qualificação Viária do Prefeitura Municipal de Honório Serpa;R$ 250.000,00;R$ 4.750.000,00;R$ 5.000.000,00
Pré-selecionada pelo Gestor da Aplicação;3416.2.0606/2018;Qualificação Viária;PI;São João do Piauí;Caixa Econômica Federal;Prefeitura Municipal de São João do Piauí;Qualificação Viária do Prefeitura Municipal de São João do Piauí;R$ 212.930,98;R$ 4.045.688,38;R$ 4.258.619,36
Pré-selecionada pelo Gestor da Aplicação;3492.3.1506/2018;Transporte Não Motorizado;PR;Cafelândia;Banco Regional de Desenvolvimento do Extremo Sul – BRDE;Prefeitura Municipal de Cafelândia;Transporte Não Motorizado do Prefeitura Municipal de Cafelândia;R$ 65.000,00;R$ 1.235.000,00;R$ 1.300.000,00
Selecionada pelo gestor da aplicação;3411.2.0606/2018;Qualificação Viária;PI;Floriano;Caixa Econômica Federal;Prefeitura Municipal de Floriano;Qualificação Viária do Prefeitura Municipal de Floriano;R$ 772.496,40;R$ 14.186.696,10;R$ 14.959.192,50
Em análise de enquadramento;3488.24.1506/2018;Qualificação Viária;RJ;Três Rios;Agência Estadual de Fomento – AgeRio;Prefeitura Municipal de Três Rios;Qualificação Viária do Prefeitura Municipal de Três Rios;R$ 747.100,00;R$ 14.194.900,00;R$ 14.942.000,00
Devolvida ao Proponente;1618.24.2002/2018;Qualificação Viária;SP;Ubatuba;Caixa Econômica Federal;Prefeitura Municipal de Ubatuba;Qualificação Viária do Prefeitura Municipal de Ubatuba;;R$ 14.669.928,50;
Em análise de enquadramento;4049.2.1807/2019;Qualificação Viária;SP;Jaguariúna;Agência de Desenvolvimento Paulista – Desenvolve SP;Prefeitura Municipal de Jaguariúna;Qualificação Viária do Prefeitura Municipal de Jaguariúna;R$ 117.777,29;R$ 2.237.768,46;R$ 2.355.545,75
Pré-selecionada pelo Gestor da Aplicação;2979.2.1806/2018;Qualificação Viária;BA;Gandu;Caixa Econômica Federal;Prefeitura Municipal de Gandu;Qualificação Viária do Prefeitura Municipal de Gandu;R$ 263.199,58;R$ 5.000.791,92;R$ 5.263.991,50
Selecionada pelo gestor da aplicação;215.2.2308/2017;Qualificação Viária;SC;Massaranduba;Caixa Econômica Federal;Prefeitura Municipal de Massaranduba;Qualificação Viária do Prefeitura Municipal de Massaranduba;R$ 257.741,32;R$ 4.897.085,06;R$ 5.154.826,38
Pré-selecionada pelo Gestor da Aplicação;3408.2.1109/2018;Qualificação Viária;GO;Edealina;Caixa Econômica Federal;Prefeitura Municipal de Edealina;Qualificação Viária do Prefeitura Municipal de Edealina;R$ 245.000,00;R$ 4.530.000,00;R$ 4.775.000,00
Devolvida ao Proponente;3692.2.2808/2018;Qualificação Viária;SP;Flórida Paulista;Caixa Econômica Federal;Prefeitura Municipal de Flórida Paulista;Qualificação Viária do Prefeitura Municipal de Flórida Paulista;R$ 66.469,45;R$ 1.262.919,46;R$ 1.329.388,91
Pré-selecionada pelo Gestor da Aplicação;3489.3.1506/2018;Transporte Não Motorizado;PR;Cafelândia;Banco Regional de Desenvolvimento do Extremo Sul – BRDE;Prefeitura Municipal de Cafelândia;Transporte Não Motorizado do Prefeitura Municipal de Cafelândia;R$ 48.750,00;R$ 926.250,00;R$ 975.000,00
Devolvida ao Proponente;349.2.2508/2017;Qualificação Viária;BA;Nova Ibiá;Caixa Econômica Federal;Prefeitura Municipal de Nova Ibiá;Qualificação Viária do Prefeitura Municipal de Nova Ibiá;R$ 27.719,70;R$ 526.674,12;R$ 554.393,82
Devolvida ao Proponente;3412.2.0506/2018;Qualificação Viária;BA;Santa Cruz da Vitória;Caixa Econômica Federal;Prefeitura Municipal de Santa Cruz da Vitória;Qualificação Viária do Prefeitura Municipal de Santa Cruz da Vitória;R$ 50.000,00;R$ 950.000,00;R$ 1.000.000,00
Em análise de enquadramento;3858.24.2211/2018;Qualificação Viária;RN;Touros;Bradesco;Prefeitura Municipal de Touros;Qualificação Viária do Prefeitura Municipal de Touros;R$ 757.500,00;R$ 14.392.500,00;R$ 15.150.000,00
Pré-selecionada pelo Gestor da Aplicação;3400.24.3005/2018;Qualificação Viária;SP;Itararé;Caixa Econômica Federal;Prefeitura Municipal de Itararé;Qualificação Viária do Prefeitura Municipal de Itararé;R$ 105.250,00;R$ 1.999.750,00;R$ 2.105.000,00
Selecionada pelo gestor da aplicação;3409.24.0606/2018;Qualificação Viária;PI;Francinópolis;Caixa Econômica Federal;Prefeitura Municipal de Francinópolis;Qualificação Viária do Prefeitura Municipal de Francinópolis;R$ 220.232,03;R$ 4.184.408,47;R$ 4.404.640,50
Devolvida ao Proponente;1392.34.2212/2017;Transporte Não Motorizado;GO;Jaraguá;Caixa Econômica Federal;Prefeitura Municipal de Jaraguá;Transporte Não Motorizado do Prefeitura Municipal de Jaraguá;R$ 165.900,00;R$ 3.152.099,91;R$ 3.317.999,91
Devolvida ao Proponente;3695.2.2208/2018;Qualificação Viária;BA;Riacho de Santana;Caixa Econômica Federal;Prefeitura Municipal de Riacho de Santana;Qualificação Viária do Prefeitura Municipal de Riacho de Santana;R$ 165.000,29;R$ 3.135.005,44;R$ 3.300.005,73
Pré-selecionada pelo Gestor da Aplicação;3764.2.0110/2018;Qualificação Viária;MS;Cassilândia;Caixa Econômica Federal;Prefeitura Municipal de Cassilândia;Qualificação Viária do Prefeitura Municipal de Cassilândia;R$ 736.477,91;R$ 13.993.080,28;R$ 14.729.558,19
Pré-selecionada pelo Gestor da Aplicação;3421.2.0606/2018;Qualificação Viária;PI;Nazária;Caixa Econômica Federal;Prefeitura Municipal de Nazária;Qualificação Viária do Prefeitura Municipal de Nazária;R$ 251.756,34;R$ 4.712.557,04;R$ 4.964.313,38
Pré-selecionada pelo Gestor da Aplicação;3413.2.0606/2018;Qualificação Viária;PI;São Raimundo Nonato;Caixa Econômica Federal;Prefeitura Municipal de São Raimundo Nonato;Qualificação Viária do Prefeitura Municipal de São Raimundo Nonato;R$ 410.397,76;R$ 7.797.557,44;R$ 8.207.955,20
Devolvida ao Proponente;3596.24.0607/2018;Qualificação Viária;AL;Anadia;Caixa Econômica Federal;Prefeitura Municipal de Anadia;Qualificação Viária do Prefeitura Municipal de Anadia;R$ 250.000,00;R$ 4.750.000,00;R$ 5.000.000,00
Devolvida ao Proponente;1570.24.1901/2018;Qualificação Viária;BA;Irará;Caixa Econômica Federal;Prefeitura Municipal    -    Município de Irará - Bahia;Qualificação Viária do Prefeitura Municipal    -    Município de Irará - Bahia;R$ 270.000,00;R$ 5.130.000,00;R$ 5.400.000,00
Em análise de enquadramento;3404.24.0406/2018;Qualificação Viária;SP;Igarapava;Caixa Econômica Federal;Prefeitura Municipal de Igarapava;Qualificação Viária do Prefeitura Municipal de Igarapava;R$ 749.131,93;R$ 14.233.506,64;R$ 14.982.638,57
Não enquadrada pelo Agente Financeiro;386.2.2808/2017;Qualificação Viária;PE;Verdejante;Caixa Econômica Federal;Prefeitura Municipal de Verdejante;Qualificação Viária do Prefeitura Municipal de Verdejante;R$ 133.756,76;R$ 2.541.378,26;R$ 2.675.135,02
Devolvida ao Proponente;3410.24.0506/2018;Qualificação Viária;BA;Santa Cruz da Vitória;Caixa Econômica Federal;Prefeitura Municipal de Santa Cruz da Vitória;Qualificação Viária do Prefeitura Municipal de Santa Cruz da Vitória;R$ 200.000,00;R$ 3.800.000,00;R$ 4.000.000,00
Pré-selecionada pelo Gestor da Aplicação;3696.2.2108/2018;Qualificação Viária;BA;Riacho de Santana;Caixa Econômica Federal;Prefeitura Municipal de Riacho de Santana;Qualificação Viária do Prefeitura Municipal de Riacho de Santana;R$ 165.000,29;R$ 3.135.005,44;R$ 3.300.005,73
Devolvida ao Agente Financeiro;4168.2.1803/2021;Qualificação Viária;SP;Atibaia;Caixa Econômica Federal;Prefeitura Municipal de Atibaia;Qualificação Viária do Prefeitura Municipal de Atibaia;R$ 2.117.578,15;R$ 40.233.984,78;R$ 42.351.562,93
Pré-selecionada pelo Gestor da Aplicação;3600.2.3108/2018;Qualificação Viária;PI;Várzea Branca;Caixa Econômica Federal;Prefeitura Municipal de Várzea Branca;Qualificação Viária do Prefeitura Municipal de Várzea Branca;R$ 81.482,75;R$ 1.548.172,25;R$ 1.629.655,00
Pré-selecionada pelo Gestor da Aplicação;1122.2.2111/2017;Qualificação Viária;RS;Itatiba do Sul;Caixa Econômica Federal;Prefeitura Municipal de Itatiba do Sul;Qualificação Viária do Prefeitura Municipal de Itatiba do Sul;R$ 93.773,00;R$ 1.781.686,92;R$ 1.875.459,92
Devolvida ao Proponente;1621.2.0513/2018;Qualificação Viária;MT;Cuiabá;Caixa Econômica Federal;Prefeitura Municipal de Cuiabá;Qualificação Viária do Prefeitura Municipal de Cuiabá;R$ 24.250.956,14;R$ 55.150.066,09;R$ 79.401.022,23
Pré-selecionada pelo Gestor da Aplicação;3648.2.2607/2018;Qualificação Viária;MT;Feliz Natal;Caixa Econômica Federal;Prefeitura Municipal de Feliz Natal;Qualificação Viária do Prefeitura Municipal de Feliz Natal;R$ 248.230,85;R$ 4.716.386,10;R$ 4.964.616,95
Pré-selecionada pelo Gestor da Aplicação;3490.3.1506/2018;Transporte Não Motorizado;PR;Cafelândia;Banco Regional de Desenvolvimento do Extremo Sul – BRDE;Prefeitura Municipal de Cafelândia;Transporte Não Motorizado do Prefeitura Municipal de Cafelândia;R$ 75.000,00;R$ 1.425.000,00;R$ 1.500.000,00
Pré-selecionada pelo Gestor da Aplicação;3405.24.0706/2018;Qualificação Viária;PR;Faxinal;Banco Regional de Desenvolvimento do Extremo Sul – BRDE;Prefeitura Municipal de Faxinal;Qualificação Viária do Prefeitura Municipal de Faxinal;R$ 218.528,50;R$ 4.152.041,50;R$ 4.370.570,00
Não Validada pelo Agente Financeiro;3422.2.0606/2018;Qualificação Viária;SP;Igarapava;Caixa Econômica Federal;Prefeitura Municipal de Igarapava;Qualificação Viária do Prefeitura Municipal de Igarapava;R$ 249.772,66;R$ 4.745.680,47;R$ 4.995.453,13
Devolvida ao Proponente;3552.2.2311/2018;Qualificação Viária;RJ;Barra do Piraí;Caixa Econômica Federal;Prefeitura Municipal de Barra do Piraí;Qualificação Viária do Prefeitura Municipal de Barra do Piraí;R$ 735.000,00;R$ 13.881.527,62;R$ 14.616.527,62
Devolvida ao Proponente;3885.234.2712/2018;Qualificação Viária;BA;Vitória da Conquista;Caixa Econômica Federal;Prefeitura Municipal de Vitória da Conquista;Qualificação Viária do Prefeitura Municipal de Vitória da Conquista;R$ 1.394.307,61;R$ 26.491.844,49;R$ 27.886.152,10
Devolvida ao Proponente;3606.24.1007/2018;Qualificação Viária;RS;Bossoroca;Caixa Econômica Federal;Prefeitura Municipal de Bossoroca;Qualificação Viária do Prefeitura Municipal de Bossoroca;R$ 121.170,28;R$ 2.302.235,31;R$ 2.423.405,59
Devolvida ao Proponente;1519.24.1001/2018;Qualificação Viária;BA;Pintadas;Caixa Econômica Federal;Prefeitura Municipal de Pintadas;Qualificação Viária do Prefeitura Municipal de Pintadas;R$ 187.250,00;R$ 3.557.750,00;R$ 3.745.000,00
Pré-selecionada pelo Gestor da Aplicação;2453.24.0606/2018;Qualificação Viária;PI;Cajazeiras do Piauí;Caixa Econômica Federal;Prefeitura Municipal de Cajazeiras do Piauí;Qualificação Viária do Prefeitura Municipal de Cajazeiras do Piauí;R$ 230.200,00;R$ 4.373.800,00;R$ 4.604.000,00
Pré-selecionada pelo Gestor da Aplicação;3415.2.0606/2018;Qualificação Viária;PI;Uruçuí;Caixa Econômica Federal;Prefeitura Municipal de Uruçuí;Qualificação Viária do Prefeitura Municipal de Uruçuí;R$ 749.399,18;R$ 14.238.584,32;R$ 14.987.983,50
Em análise de enquadramento;3604.24.2007/2018;Qualificação Viária;PI;Nossa Senhora dos Remédios;Caixa Econômica Federal;Prefeitura Municipal de Nossa Senhora dos Remédios;Qualificação Viária do Prefeitura Municipal de Nossa Senhora dos Remédios;R$ 157.805,61;R$ 2.998.306,40;R$ 3.156.112,01
Devolvida ao Proponente;1350.23.1912/2017;Qualificação Viária;SP;Suzano;Caixa Econômica Federal;Prefeitura Municipal de Suzano;Qualificação Viária do Prefeitura Municipal de Suzano;R$ 723.750,00;R$ 13.751.250,00;R$ 14.475.000,00
Em análise de enquadramento;3892.2.0301/2019;Qualificação Viária;SP;Flórida Paulista;Caixa Econômica Federal;Prefeitura Municipal de Flórida Paulista;Qualificação Viária do Prefeitura Municipal de Flórida Paulista;R$ 66.469,45;R$ 1.262.919,46;R$ 1.329.388,91
Devolvida ao Proponente;208.2.2308/2017;Qualificação Viária;BA;Santa Luz;Caixa Econômica Federal;Prefeitura Municipal de Santa Luz;Qualificação Viária do Prefeitura Municipal de Santa Luz;R$ 116.648,01;R$ 2.216.312,05;R$ 2.332.960,06
Em análise de enquadramento;564.345.1909/2017;Transporte Não Motorizado;RJ;Nova Friburgo;Caixa Econômica Federal;Prefeitura Municipal de Nova Friburgo;Transporte Não Motorizado do Prefeitura Municipal de Nova Friburgo;R$ 300.000,00;R$ 5.700.000,00;R$ 6.000.000,00
Em análise de enquadramento;3530.2.2206/2018;Qualificação Viária;RJ;São Sebastião do Alto;Caixa Econômica Federal;MUNICÍPIO DE SÃO SEBASTIÃO DO ALTO;Qualificação Viária do MUNICÍPIO DE SÃO SEBASTIÃO DO ALTO;R$ 250.000,00;R$ 4.750.000,00;R$ 5.000.000,00
Pré-selecionada pelo Gestor da Aplicação;805.2.1010/2017;Qualificação Viária;RJ;São João da Barra;Caixa Econômica Federal;Prefeitura Municipal de São João da Barra;Qualificação Viária do Prefeitura Municipal de São João da Barra;R$ 239.483,04;R$ 4.550.177,60;R$ 4.789.660,64
Pré-selecionada pelo Gestor da Aplicação;1369.2.2012/2017;Qualificação Viária;PE;São José do Belmonte;Caixa Econômica Federal;Prefeitura Municipal de São José do Belmonte;Qualificação Viária do Prefeitura Municipal de São José do Belmonte;R$ 155.340,00;R$ 2.951.460,00;R$ 3.106.800,00
Selecionada pelo gestor da aplicação;335.3.2508/2017;Transporte Não Motorizado;SP;São Caetano do Sul;Caixa Econômica Federal;Prefeitura Municipal de São Caetano do Sul;Transporte Não Motorizado do Prefeitura Municipal de São Caetano do Sul;R$ 456.000,00;R$ 8.664.000,00;R$ 9.120.000,00
Em análise de enquadramento;3651.24.2407/2018;Qualificação Viária;PI;João Costa;Caixa Econômica Federal;Prefeitura Municipal de João Costa;Qualificação Viária do Prefeitura Municipal de João Costa;R$ 120.000,00;R$ 2.200.000,00;R$ 2.320.000,00
Pré-selecionada pelo Gestor da Aplicação;3493.3.1506/2018;Transporte Não Motorizado;PR;Cafelândia;Banco Regional de Desenvolvimento do Extremo Sul – BRDE;Prefeitura Municipal de Cafelândia;Transporte Não Motorizado do Prefeitura Municipal de Cafelândia;R$ 60.000,00;R$ 1.140.000,00;R$ 1.200.000,00
Pré-selecionada pelo Gestor da Aplicação;3894.2.2812/2018;Qualificação Viária;SE;São Cristóvão;Caixa Econômica Federal;Prefeitura Municipal de São Cristóvão;Qualificação Viária do Prefeitura Municipal de São Cristóvão;R$ 668.190,75;R$ 12.695.624,25;R$ 13.363.815,00
Devolvida ao Proponente;3329.2.1405/2018;Qualificação Viária;RJ;Paty do Alferes;Caixa Econômica Federal;Prefeitura Municipal de Paty do Alferes / RJ;Qualificação Viária do Prefeitura Municipal de Paty do Alferes / RJ;R$ 157.000,00;R$ 2.983.000,00;R$ 3.140.000,00
Pré-selecionada pelo Gestor da Aplicação;3417.24.0506/2018;Qualificação Viária;PI;Santa Filomena;Caixa Econômica Federal;Prefeitura Municipal de Santa Filomena;Qualificação Viária do Prefeitura Municipal de Santa Filomena;R$ 257.500,00;R$ 4.892.500,00;R$ 5.150.000,00
Pré-selecionada pelo Gestor da Aplicação;3562.2.0407/2018;Qualificação Viária;RS;Estância Velha;Caixa Econômica Federal;Prefeitura Municipal de Estância Velha;Qualificação Viária do Prefeitura Municipal de Estância Velha;R$ 660.000,00;R$ 12.540.000,00;R$ 13.200.000,00
Devolvida ao Proponente;3556.2.2906/2018;Qualificação Viária;PR;São Jorge d'Oeste;Caixa Econômica Federal;Prefeitura Municipal de São Jorge d'Oeste;Qualificação Viária do Prefeitura Municipal de São Jorge d'Oeste;R$ 242.742,14;R$ 4.612.100,62;R$ 4.854.842,76
Pré-selecionada pelo Gestor da Aplicação;3423.2.0706/2018;Qualificação Viária;MG;Argirita;Caixa Econômica Federal;Prefeitura Municipal de Argirita;Qualificação Viária do Prefeitura Municipal de Argirita;R$ 90.000,00;R$ 1.710.000,00;R$ 1.800.000,00
Devolvida ao Proponente;3273.2.1206/2018;Qualificação Viária;MS;Campo Grande;Caixa Econômica Federal;Prefeitura Municipal de Campo Grande;Qualificação Viária do Prefeitura Municipal de Campo Grande;R$ 831.020,03;R$ 15.789.380,51;R$ 16.620.400,54
Pré-selecionada pelo Gestor da Aplicação;4089.2.2211/2019;Qualificação Viária;MT;Rosário Oeste;Caixa Econômica Federal;Prefeitura Municipal de Rosário Oeste;Qualificação Viária do Prefeitura Municipal de Rosário Oeste;R$ 250.000,00;R$ 4.750.000,00;R$ 5.000.000,00
Selecionada pelo gestor da aplicação;979.2.0611/2017;Qualificação Viária;PR;Ipiranga;Caixa Econômica Federal;Prefeitura Municipal de Ipiranga;Qualificação Viária do Prefeitura Municipal de Ipiranga;R$ 249.939,35;R$ 4.748.847,54;R$ 4.998.786,89
Pré-selecionada pelo Gestor da Aplicação;3424.24.0606/2018;Qualificação Viária;PI;Pimenteiras;Caixa Econômica Federal;Prefeitura Municipal de Pimenteiras;Qualificação Viária do Prefeitura Municipal de Pimenteiras;R$ 247.200,00;R$ 4.696.800,00;R$ 4.944.000,00
Em análise de enquadramento;3610.2.1207/2018;Qualificação Viária;PI;Morro Cabeça no Tempo;Caixa Econômica Federal;Prefeitura Municipal de Morro Cabeça no Tempo;Qualificação Viária do Prefeitura Municipal de Morro Cabeça no Tempo;R$ 116.032,00;R$ 2.204.608,00;R$ 2.320.640,00
Em análise de enquadramento;3956.2.3005/2019;Qualificação Viária;MS;Juti;Caixa Econômica Federal;Prefeitura Municipal de Juti;Qualificação Viária do Prefeitura Municipal de Juti;R$ 266.073,88;R$ 5.055.403,52;R$ 5.321.477,40
Pré-selecionada pelo Gestor da Aplicação;3425.2.0606/2018;Qualificação Viária;PI;São João do Arraial;Caixa Econômica Federal;Prefeitura Municipal de São João do Arraial;Qualificação Viária do Prefeitura Municipal de São João do Arraial;R$ 256.111,03;R$ 4.740.138,15;R$ 4.996.249,18
Pré-selecionada pelo Gestor da Aplicação;3418.2.0606/2018;Qualificação Viária;PI;São João do Piauí;Caixa Econômica Federal;Prefeitura Municipal de São João do Piauí;Qualificação Viária do Prefeitura Municipal de São João do Piauí;R$ 205.333,85;R$ 3.901.343,01;R$ 4.106.676,86
Devolvida ao Proponente;143.24.1708/2017;Qualificação Viária;PA;Redenção;Caixa Econômica Federal;Prefeitura Municipal de Redenção;Qualificação Viária do Prefeitura Municipal de Redenção;R$ 66.121,25;R$ 1.256.303,72;R$ 1.322.424,97
Em análise de enquadramento;3611.2.1207/2018;Qualificação Viária;PI;Morro Cabeça no Tempo;Caixa Econômica Federal;Prefeitura Municipal de Morro Cabeça no Tempo;Qualificação Viária do Prefeitura Municipal de Morro Cabeça no Tempo;R$ 121.139,19;R$ 2.301.644,61;R$ 2.422.783,80
Em análise de enquadramento;815.2.1110/2017;Qualificação Viária;CE;Pacujá;Caixa Econômica Federal;Prefeitura Municipal de Pacujá;Qualificação Viária do Prefeitura Municipal de Pacujá;R$ 184.060,00;R$ 3.497.140,00;R$ 3.681.200,00
Pré-selecionada pelo Gestor da Aplicação;3677.2.1508/2018;Qualificação Viária;RS;Carlos Barbosa;Caixa Econômica Federal;Prefeitura Municipal de Carlos Barbosa;Qualificação Viária do Prefeitura Municipal de Carlos Barbosa;R$ 671.356,36;R$ 12.755.770,79;R$ 13.427.127,15
Pré-selecionada pelo Gestor da Aplicação;3781.2.2310/2018;Qualificação Viária;SP;Cotia;Caixa Econômica Federal;Prefeitura Municipal de Cotia;Qualificação Viária do Prefeitura Municipal de Cotia;R$ 229.080,49;R$ 4.352.529,24;R$ 4.581.609,73
Pré-selecionada pelo Gestor da Aplicação;2352.2.1806/2018;Qualificação Viária;SP;Itirapina;Caixa Econômica Federal;Prefeitura Municipal de Itirapina;Qualificação Viária do Prefeitura Municipal de Itirapina;R$ 250.000,00;R$ 4.750.000,00;R$ 5.000.000,00
Em análise de enquadramento;3419.2.0506/2018;Qualificação Viária;MA;Vitorino Freire;Caixa Econômica Federal;Prefeitura Municipal de Vitorino Freire;Qualificação Viária do Prefeitura Municipal de Vitorino Freire;R$ 300.621,91;R$ 4.851.816,14;R$ 5.152.438,05
Pré-selecionada pelo Gestor da Aplicação;3426.24.0606/2018;Qualificação Viária;PI;São Pedro do Piauí;Caixa Econômica Federal;Prefeitura Municipal de São Pedro do Piauí;Qualificação Viária do Prefeitura Municipal de São Pedro do Piauí;R$ 233.726,91;R$ 4.440.811,09;R$ 4.674.538,00
Em análise de enquadramento;3678.2.1008/2018;Qualificação Viária;MG;Heliodora;Caixa Econômica Federal;Prefeitura Municipal de Heliodora;Qualificação Viária do Prefeitura Municipal de Heliodora;R$ 144.000,00;R$ 2.736.000,00;R$ 2.880.000,00
Não enquadrada pelo Agente Financeiro;3880.2.1912/2018;Qualificação Viária;MG;Santa Juliana;Banco de Desenvolvimento de Minas Gerais – BDMG;Prefeitura Municipal de Santa Juliana;Qualificação Viária do Prefeitura Municipal de Santa Juliana;R$ 250.000,00;R$ 4.750.000,00;R$ 5.000.000,00
Devolvida ao Proponente;3706.2.2708/2018;Qualificação Viária;SC;Ituporanga;Caixa Econômica Federal;Prefeitura Municipal de Ituporanga;Qualificação Viária do Prefeitura Municipal de Ituporanga;R$ 573.465,00;R$ 10.895.835,00;R$ 11.469.300,00
Pré-selecionada pelo Gestor da Aplicação;3289.3.2404/2018;Transporte Não Motorizado;SE;Estância;Caixa Econômica Federal;Prefeitura Municipal de Estância;Transporte Não Motorizado do Prefeitura Municipal de Estância;R$ 52.750,00;R$ 1.002.250,00;R$ 1.055.000,00
Pré-selecionada pelo Gestor da Aplicação;3001.2.2906/2018;Qualificação Viária;MG;Catuti;Caixa Econômica Federal;Prefeitura Municipal de Catuti;Qualificação Viária do Prefeitura Municipal de Catuti;R$ 26.500,00;R$ 503.500,00;R$ 530.000,00
Em análise de enquadramento;3427.24.0606/2018;Qualificação Viária;PI;São Félix do Piauí;Caixa Econômica Federal;Prefeitura Municipal de São Félix do Piauí;Qualificação Viária do Prefeitura Municipal de São Félix do Piauí;R$ 127.253,98;R$ 2.417.825,53;R$ 2.545.079,51
Selecionada pelo gestor da aplicação;1525.2.1001/2018;Qualificação Viária;RS;Pouso Novo;Caixa Econômica Federal;Prefeitura Municipal de Pouso Novo;Qualificação Viária do Prefeitura Municipal de Pouso Novo;R$ 75.000,00;R$ 1.425.000,00;R$ 1.500.000,00
Pré-selecionada pelo Gestor da Aplicação;3445.2.1109/2018;Qualificação Viária;RS;Santa Rosa;Caixa Econômica Federal;Prefeitura Municipal de Santa Rosa;Qualificação Viária do Prefeitura Municipal de Santa Rosa;R$ 124.918,35;R$ 2.373.448,49;R$ 2.498.366,84
Pré-selecionada pelo Gestor da Aplicação;3770.2.2609/2018;Qualificação Viária;RO;Machadinho D'Oeste;Caixa Econômica Federal;Prefeitura Municipal de Machadinho D'Oeste;Qualificação Viária do Prefeitura Municipal de Machadinho D'Oeste;R$ 780.825,33;R$ 14.835.681,24;R$ 15.616.506,57
Em análise de enquadramento;3502.2.1906/2018;Qualificação Viária;AP;Tartarugalzinho;Caixa Econômica Federal;Prefeitura Municipal de Tartarugalzinho;Qualificação Viária do Prefeitura Municipal de Tartarugalzinho;R$ 245.000,00;R$ 4.655.000,00;R$ 4.900.000,00
Pré-selecionada pelo Gestor da Aplicação;3190.2.2303/2018;Qualificação Viária;SP;Igaratá;Agência de Desenvolvimento Paulista – Desenvolve SP;Prefeitura Municipal de Igaratá;Qualificação Viária do Prefeitura Municipal de Igaratá;R$ 989.833,00;R$ 2.500.000,00;R$ 3.489.833,00
Devolvida ao Proponente;3614.2.1207/2018;Qualificação Viária;RJ;Piraí;Caixa Econômica Federal;Prefeitura Municipal de Piraí;Qualificação Viária do Prefeitura Municipal de Piraí;R$ 64.500,00;R$ 1.225.500,00;R$ 1.290.000,00
Pré-selecionada pelo Gestor da Aplicação;3701.3.1109/2018;Transporte Não Motorizado;PR;Braganey;Caixa Econômica Federal;Prefeitura Municipal de Braganey;Transporte Não Motorizado do Prefeitura Municipal de Braganey;R$ 89.600,00;R$ 1.702.400,00;R$ 1.792.000,00
Pré-selecionada pelo Gestor da Aplicação;3261.3.2004/2018;Transporte Não Motorizado;RJ;Rio Bonito;Caixa Econômica Federal;Prefeitura Municipal de Rio Bonito;Transporte Não Motorizado do Prefeitura Municipal de Rio Bonito;R$ 217.924,05;R$ 4.140.556,90;R$ 4.358.480,95
Pré-selecionada pelo Gestor da Aplicação;152.2.1808/2017;Qualificação Viária;ES;Baixo Guandu;Caixa Econômica Federal;Prefeitura Municipal de Baixo Guandu;Qualificação Viária do Prefeitura Municipal de Baixo Guandu;R$ 728.617,53;R$ 11.531.125,43;R$ 12.259.742,96
Selecionada pelo gestor da aplicação;1117.2.2011/2017;Qualificação Viária;SC;Major Vieira;Banco Regional de Desenvolvimento do Extremo Sul – BRDE;Prefeitura Municipal de Major Vieira;Qualificação Viária do Prefeitura Municipal de Major Vieira;R$ 236.917,54;R$ 4.501.433,09;R$ 4.738.350,63
Devolvida ao Proponente;2113.2.2203/2018;Qualificação Viária;PR;Imbaú;Caixa Econômica Federal;Prefeitura Municipal de Imbaú;Qualificação Viária do Prefeitura Municipal de Imbaú;R$ 400.000,00;R$ 4.151.262,02;R$ 4.551.262,02
Selecionada pelo gestor da aplicação;3337.4.1805/2018;Estudos e Projetos;PR;Almirante Tamandaré;Caixa Econômica Federal;Prefeitura Municipal de Almirante Tamandaré;Estudos e Projetos do Prefeitura Municipal de Almirante Tamandaré;R$ 62.500,00;R$ 1.187.500,00;R$ 1.250.000,00
Devolvida ao Proponente;3276.2.0905/2018;Qualificação Viária;SP;São Paulo;Caixa Econômica Federal;Prefeitura Municipal de São Paulo;Qualificação Viária do Prefeitura Municipal de São Paulo;R$ 10.526.300,00;R$ 199.999.700,00;R$ 210.526.000,00
Não Validada pelo Agente Financeiro;3429.24.0606/2018;Qualificação Viária;SP;Igarapava;Caixa Econômica Federal;Prefeitura Municipal de Igarapava;Qualificação Viária do Prefeitura Municipal de Igarapava;R$ 249.520,17;R$ 4.740.883,08;R$ 4.990.403,25
Em análise pelo administrador do Agente Financeiro;1628.2.2714/2018;Qualificação Viária;PR;Terra Boa;Fomento Paraná;Prefeitura Municipal de Terra Boa;Qualificação Viária do Prefeitura Municipal de Terra Boa;R$ 249.996,95;R$ 4.749.941,99;R$ 4.999.938,94
Devolvida ao Proponente;877.2.2310/2017;Qualificação Viária;SP;Sarapuí;Caixa Econômica Federal;Prefeitura Municipal de Sarapuí;Qualificação Viária do Prefeitura Municipal de Sarapuí;R$ 171.725,00;R$ 3.214.025,00;R$ 3.385.750,00
Pré-selecionada pelo Gestor da Aplicação;3752.24.1709/2018;Qualificação Viária;RS;Santa Cruz do Sul;Banco Regional de Desenvolvimento do Extremo Sul – BRDE;Prefeitura Municipal de Santa Cruz do Sul;Qualificação Viária do Prefeitura Municipal de Santa Cruz do Sul;R$ 1.154.000,00;R$ 21.386.000,00;R$ 22.540.000,00
Não enquadrada pelo Agente Financeiro;3820.2.0711/2018;Qualificação Viária;PE;Buíque;Caixa Econômica Federal;Prefeitura Municipal de Buíque;Qualificação Viária do Prefeitura Municipal de Buíque;R$ 250.000,00;R$ 4.734.394,07;R$ 4.984.394,07
Devolvida ao Proponente;1468.2.2912/2017;Qualificação Viária;BA;Quixabeira;Caixa Econômica Federal;Prefeitura Municipal de Quixabeira;Qualificação Viária do Prefeitura Municipal de Quixabeira;R$ 153.717,05;R$ 2.920.623,85;R$ 3.074.340,90
Em análise de enquadramento;4196.245.2207/2021;Qualificação Viária;GO;Trindade;Caixa Econômica Federal;Prefeitura Municipal de Trindade;Qualificação Viária do Prefeitura Municipal de Trindade;R$ 569.061,31;R$ 10.812.164,86;R$ 11.381.226,17
Não enquadrada pelo Agente Financeiro;3430.2.0606/2018;Qualificação Viária;PI;São Lourenço do Piauí;Caixa Econômica Federal;Prefeitura Municipal de São Lourenço do Piauí;Qualificação Viária do Prefeitura Municipal de São Lourenço do Piauí;R$ 410.397,76;R$ 593.762,24;R$ 1.004.160,00
Devolvida ao Proponente;3436.2.0606/2018;Qualificação Viária;BA;Campo Alegre de Lourdes;Caixa Econômica Federal;Prefeitura Municipal de Campo Alegre de Lourdes;Qualificação Viária do Prefeitura Municipal de Campo Alegre de Lourdes;R$ 250.752,00;R$ 4.764.288,00;R$ 5.015.040,00
Pré-selecionada pelo Gestor da Aplicação;526.2.1509/2017;Qualificação Viária;RS;Colinas;Caixa Econômica Federal;Prefeitura Municipal de Colinas;Qualificação Viária do Prefeitura Municipal de Colinas;R$ 123.658,77;R$ 2.349.516,49;R$ 2.473.175,26
Pré-selecionada pelo Gestor da Aplicação;3554.2.2806/2018;Qualificação Viária;MG;Janaúba;Caixa Econômica Federal;prefeitura municipal de janaúba;Qualificação Viária do prefeitura municipal de janaúba;R$ 348.359,13;R$ 6.618.823,43;R$ 6.967.182,56
Selecionada pelo gestor da aplicação;3560.34.1707/2018;Transporte Não Motorizado;MT;Canarana;Caixa Econômica Federal;Prefeitura Municipal de Canarana - MT;Transporte Não Motorizado do Prefeitura Municipal de Canarana - MT;R$ 326.104,08;R$ 6.195.877,36;R$ 6.521.981,44
Devolvida ao Proponente;3357.2.2305/2018;Qualificação Viária;MG;Uberlândia;Caixa Econômica Federal;Prefeitura Municipal de Uberlândia;Qualificação Viária do Prefeitura Municipal de Uberlândia;R$ 5.300.000,00;R$ 100.000.000,00;R$ 105.300.000,00
Pré-selecionada pelo Gestor da Aplicação;3826.2.1504/2019;Qualificação Viária;RS;Sentinela do Sul;Banco Regional de Desenvolvimento do Extremo Sul – BRDE;Prefeitura Municipal de Sentinela do Sul;Qualificação Viária do Prefeitura Municipal de Sentinela do Sul;R$ 60.360,62;R$ 1.146.851,59;R$ 1.207.212,21
Selecionada pelo gestor da aplicação;1170.2.2711/2017;Qualificação Viária;SP;Cordeirópolis;Caixa Econômica Federal;Prefeitura Municipal de Cordeirópolis;Qualificação Viária do Prefeitura Municipal de Cordeirópolis;R$ 258.307,00;R$ 4.907.827,60;R$ 5.166.134,60
Em análise de enquadramento;3772.2.0910/2018;Qualificação Viária;RS;Santo Ângelo;Caixa Econômica Federal;Prefeitura Municipal de Santo Ângelo;Qualificação Viária do Prefeitura Municipal de Santo Ângelo;R$ 380.892,48;R$ 7.236.957,07;R$ 7.617.849,55
Pré-selecionada pelo Gestor da Aplicação;3822.2.2711/2018;Qualificação Viária;PE;Bodocó;Caixa Econômica Federal;Prefeitura Municipal de Bodocó;Qualificação Viária do Prefeitura Municipal de Bodocó;R$ 249.111,07;R$ 4.733.110,29;R$ 4.982.221,36
Devolvida ao Agente Financeiro;1548.2.1601/2018;Qualificação Viária;MG;Andradas;Caixa Econômica Federal;Prefeitura Municipal de Andradas;Qualificação Viária do Prefeitura Municipal de Andradas;R$ 748.973,41;R$ 14.230.494,78;R$ 14.979.468,19
Em análise de enquadramento;4091.5.2409/2019;Plano de Mobilidade Urbana;PE;Cabo de Santo Agostinho;Caixa Econômica Federal;Prefeitura Municipal de Cabo de Santo Agostinho;Plano de Mobilidade Urbana do Prefeitura Municipal de Cabo de Santo Agostinho;R$ 60.000,00;R$ 1.140.000,00;R$ 1.200.000,00
Em análise pelo administrador do Agente Financeiro;3825.2.0811/2018;Qualificação Viária;CE;Coreaú;Caixa Econômica Federal;Prefeitura Municipal de Coreaú;Qualificação Viária do Prefeitura Municipal de Coreaú;R$ 308.898,92;R$ 5.869.079,39;R$ 6.177.978,31
Pré-selecionada pelo Gestor da Aplicação;1514.24.0901/2018;Qualificação Viária;BA;Wenceslau Guimarães;Caixa Econômica Federal;Prefeitura Municipal de Wenceslau Guimarães;Qualificação Viária do Prefeitura Municipal de Wenceslau Guimarães;R$ 232.000,00;R$ 4.408.000,00;R$ 4.640.000,00
Selecionada pelo gestor da aplicação;3823.2.0711/2018;Qualificação Viária;RS;Parobé;Caixa Econômica Federal;MUNICÍPIO DE PAROBÉ;Qualificação Viária do MUNICÍPIO DE PAROBÉ;R$ 237.369,88;R$ 4.510.027,59;R$ 4.747.397,47
Devolvida ao Proponente;3118.3.1206/2018;Transporte Não Motorizado;MS;Campo Grande;Caixa Econômica Federal;Prefeitura Municipal de Campo Grande;Transporte Não Motorizado do Prefeitura Municipal de Campo Grande;R$ 466.709,15;R$ 8.867.473,76;R$ 9.334.182,91
Em análise de enquadramento;3958.5.2903/2019;Plano de Mobilidade Urbana;BA;Lauro de Freitas;Caixa Econômica Federal;Prefeitura Municipal de Lauro de Freitas;Plano de Mobilidade Urbana do Prefeitura Municipal de Lauro de Freitas;R$ 53.500,00;R$ 1.016.500,00;R$ 1.070.000,00
Devolvida ao Proponente;2404.2.0510/2018;Qualificação Viária;SP;Ribeirão Preto;Agência de Desenvolvimento Paulista – Desenvolve SP;Prefeitura Municipal de Ribeirão Preto;Qualificação Viária do Prefeitura Municipal de Ribeirão Preto;R$ 582.621,90;R$ 11.069.815,96;R$ 11.652.437,86
Não enquadrada pelo Agente Financeiro;3802.2.1810/2018;Qualificação Viária;CE;Coreaú;Caixa Econômica Federal;Prefeitura Municipal de Coreaú;Qualificação Viária do Prefeitura Municipal de Coreaú;R$ 308.898,92;R$ 5.869.079,39;R$ 6.177.978,31
Devolvida ao Proponente;4035.3.1906/2019;Transporte Não Motorizado;RJ;São João de Meriti;Caixa Econômica Federal;Prefeitura Municipal de São João de Meriti;Transporte Não Motorizado do Prefeitura Municipal de São João de Meriti;R$ 462.500,00;R$ 8.787.500,00;R$ 9.250.000,00
Pré-selecionada pelo Gestor da Aplicação;3751.2.1709/2018;Qualificação Viária;BA;Santa Rita de Cássia;Caixa Econômica Federal;Prefeitura Municipal de Santa Rita de Cássia;Qualificação Viária do Prefeitura Municipal de Santa Rita de Cássia;R$ 249.000,00;R$ 4.731.000,00;R$ 4.980.000,00
Selecionada pelo gestor da aplicação;1129.2.2111/2017;Qualificação Viária;SP;Itanhaém;Caixa Econômica Federal;Prefeitura Municipal de Itanhaém;Qualificação Viária do Prefeitura Municipal de Itanhaém;R$ 1.000.986,46;R$ 19.018.742,64;R$ 20.019.729,10
Em análise de enquadramento;3805.2.0512/2018;Qualificação Viária;RS;Alegrete;Caixa Econômica Federal;Prefeitura Municipal de Alegrete;Qualificação Viária do Prefeitura Municipal de Alegrete;R$ 999.944,82;R$ 18.995.196,65;R$ 19.995.141,47
Devolvida ao Proponente;3320.3.0405/2018;Transporte Não Motorizado;BA;Salvador;Caixa Econômica Federal;Prefeitura Municipal de Salvador;Transporte Não Motorizado do Prefeitura Municipal de Salvador;R$ 1.805.305,00;R$ 34.300.795,00;R$ 36.106.100,00
Não enquadrada pelo Agente Financeiro;3723.2.1109/2018;Qualificação Viária;CE;Pacatuba;Caixa Econômica Federal;Prefeitura Municipal de Pacatuba;Qualificação Viária do Prefeitura Municipal de Pacatuba;R$ 447.243,25;R$ 8.497.621,74;R$ 8.944.864,99
Pré-selecionada pelo Gestor da Aplicação;3830.2.1211/2018;Qualificação Viária;CE;Coreaú;Caixa Econômica Federal;Prefeitura Municipal de Coreaú;Qualificação Viária do Prefeitura Municipal de Coreaú;R$ 308.898,92;R$ 5.869.079,39;R$ 6.177.978,31
Em análise de enquadramento;4185.2.3006/2021;Qualificação Viária;PR;Assis Chateaubriand;Caixa Econômica Federal;Prefeitura Municipal de Assis Chateaubriand;Qualificação Viária do Prefeitura Municipal de Assis Chateaubriand;R$ 372.500,00;R$ 7.077.500,00;R$ 7.450.000,00
Em análise de enquadramento;4195.2.2207/2021;Qualificação Viária;MG;Buritizeiro;Caixa Econômica Federal;Prefeitura Municipal de Buritizeiro;Qualificação Viária do Prefeitura Municipal de Buritizeiro;R$ 832.532,89;R$ 15.818.124,76;R$ 16.650.657,65
Devolvida ao Proponente;1119.2.2011/2017;Qualificação Viária;BA;São Gonçalo dos Campos;Caixa Econômica Federal;Prefeitura Municipal de São Gonçalo dos Campos;Qualificação Viária do Prefeitura Municipal de São Gonçalo dos Campos;R$ 200.000,00;R$ 3.800.000,00;R$ 4.000.000,00
Em análise de enquadramento;3806.2.2510/2018;Qualificação Viária;PI;Valença do Piauí;Caixa Econômica Federal;Prefeitura Municipal de Valença do Piauí;Qualificação Viária do Prefeitura Municipal de Valença do Piauí;R$ 108.500,00;R$ 2.061.500,00;R$ 2.170.000,00
Em análise de enquadramento;4140.24.2605/2020;Qualificação Viária;BA;Botuporã;Caixa Econômica Federal;Prefeitura Municipal de Botuporã;Qualificação Viária do Prefeitura Municipal de Botuporã;R$ 94.500,00;R$ 1.795.500,00;R$ 1.890.000,00
Devolvida ao Proponente;4024.234.0606/2019;Qualificação Viária;SP;Limeira;Caixa Econômica Federal;Prefeitura Municipal de Limeira;Qualificação Viária do Prefeitura Municipal de Limeira;R$ 2.458.406,33;R$ 46.709.720,25;R$ 49.168.126,58
Devolvida ao Proponente;3856.2.2111/2018;Qualificação Viária;SP;Mogi das Cruzes;Caixa Econômica Federal;Prefeitura Municipal de Mogi das Cruzes;Qualificação Viária do Prefeitura Municipal de Mogi das Cruzes;R$ 1.533.602,95;R$ 24.026.446,17;R$ 25.560.049,12
Devolvida ao Proponente;1446.2.2912/2017;Qualificação Viária;BA;Várzea Nova;Caixa Econômica Federal;Prefeitura Municipal de Várzea Nova;Qualificação Viária do Prefeitura Municipal de Várzea Nova;R$ 224.994,96;R$ 4.274.904,10;R$ 4.499.899,06
Em análise pelo administrador do Agente Financeiro;3961.2.1707/2019;Qualificação Viária;MS;Guia Lopes da Laguna;Caixa Econômica Federal;Prefeitura  Municipal de Guia Lopes da Laguna;Qualificação Viária do Prefeitura  Municipal de Guia Lopes da Laguna;R$ 200.000,00;R$ 3.800.000,00;R$ 4.000.000,00
Devolvida ao Proponente;3882.2.1912/2018;Qualificação Viária;SP;São José dos Campos;Caixa Econômica Federal;Prefeitura Municipal de São José dos Campos;Qualificação Viária do Prefeitura Municipal de São José dos Campos;R$ 1.491.052,50;R$ 28.329.997,50;R$ 29.821.050,00
Devolvida ao Proponente;3172.234.1903/2018;Qualificação Viária;PR;Foz do Iguaçu;Caixa Econômica Federal;Prefeitura Municipal de Foz do Iguaçu;Qualificação Viária do Prefeitura Municipal de Foz do Iguaçu;R$ 1.105.236,04;R$ 20.999.484,57;R$ 22.104.720,61
Pré-selecionada pelo Gestor da Aplicação;1417.2.2612/2017;Qualificação Viária;MG;Serro;Caixa Econômica Federal;Prefeitura Municipal de Serro;Qualificação Viária do Prefeitura Municipal de Serro;R$ 99.511,83;R$ 1.890.724,30;R$ 1.990.236,13
Pré-selecionada pelo Gestor da Aplicação;1415.2.2612/2017;Qualificação Viária;MG;Serro;Caixa Econômica Federal;Prefeitura Municipal de Serro;Qualificação Viária do Prefeitura Municipal de Serro;R$ 154.291,20;R$ 2.931.531,47;R$ 3.085.822,67
Devolvida ao Proponente;3834.2.0412/2018;Qualificação Viária;PR;Foz do Iguaçu;Caixa Econômica Federal;Prefeitura Municipal de Foz do Iguaçu;Qualificação Viária do Prefeitura Municipal de Foz do Iguaçu;R$ 435.326,99;R$ 8.271.212,64;R$ 8.706.539,63
Devolvida ao Proponente;1540.2.1201/2018;Qualificação Viária;BA;Itaberaba;Caixa Econômica Federal;Prefeitura Municipal de Itaberaba;Qualificação Viária do Prefeitura Municipal de Itaberaba;R$ 396.767,58;R$ 7.538.583,85;R$ 7.935.351,43
Em análise de enquadramento;4191.2.1507/2021;Qualificação Viária;SC;Santa Cecília;Caixa Econômica Federal;Prefeitura Municipal de Santa Cecília;Qualificação Viária do Prefeitura Municipal de Santa Cecília;R$ 875.000,00;R$ 16.625.000,00;R$ 17.500.000,00
Devolvida ao Proponente;3852.2.2111/2018;Qualificação Viária;RS;Liberato Salzano;Banco Regional de Desenvolvimento do Extremo Sul – BRDE;Prefeitura Municipal de Liberato Salzano;Qualificação Viária do Prefeitura Municipal de Liberato Salzano;R$ 173.800,00;R$ 3.302.200,00;R$ 3.476.000,00
Pré-selecionada pelo Gestor da Aplicação;3878.24.2712/2018;Qualificação Viária;MG;Bonfinópolis de Minas;Caixa Econômica Federal;Prefeitura Municipal de Bonfinópolis de Minas;Qualificação Viária do Prefeitura Municipal de Bonfinópolis de Minas;R$ 250.250,00;R$ 4.754.750,00;R$ 5.005.000,00
Selecionada pelo gestor da aplicação;1014.2.0811/2017;Qualificação Viária;SC;Águas de Chapecó;Caixa Econômica Federal;MUNICÍPIO DE ÁGUAS DE CHAPECO;Qualificação Viária do MUNICÍPIO DE ÁGUAS DE CHAPECO;R$ 249.915,75;R$ 4.748.399,25;R$ 4.998.315,00
Pré-selecionada pelo Gestor da Aplicação;3778.4.3010/2018;Estudos e Projetos;RJ;Resende;Agência Estadual de Fomento – AgeRio;Prefeitura Municipal de Resende;Estudos e Projetos do Prefeitura Municipal de Resende;R$ 85.000,00;R$ 1.615.000,00;R$ 1.700.000,00
Em análise de enquadramento;3875.2.1312/2018;Qualificação Viária;SC;Garuva;Caixa Econômica Federal;Prefeitura Municipal de Garuva;Qualificação Viária do Prefeitura Municipal de Garuva;R$ 262.500,00;R$ 4.987.500,00;R$ 5.250.000,00
Devolvida ao Proponente;3548.24.2906/2018;Qualificação Viária;BA;Queimadas;Caixa Econômica Federal;Prefeitura Municipal de Queimadas;Qualificação Viária do Prefeitura Municipal de Queimadas;R$ 744.776,00;R$ 14.150.744,00;R$ 14.895.520,00
Selecionada pelo gestor da aplicação;578.24.2009/2017;Qualificação Viária;MG;Alfenas;Caixa Econômica Federal;Prefeitura Municipal de Alfenas;Qualificação Viária do Prefeitura Municipal de Alfenas;R$ 895.037,75;R$ 17.005.717,17;R$ 17.900.754,92
Devolvida ao Proponente;4200.3.0308/2021;Transporte Não Motorizado;SC;Coronel Freitas;Caixa Econômica Federal;Prefeitura Municipal de Coronel Freitas;Transporte Não Motorizado do Prefeitura Municipal de Coronel Freitas;R$ 44.513,92;R$ 845.764,56;R$ 890.278,48
Pré-selecionada pelo Gestor da Aplicação;3899.2.0701/2019;Qualificação Viária;PI;São Lourenço do Piauí;Caixa Econômica Federal;Prefeitura Municipal de São Lourenço do Piauí;Qualificação Viária do Prefeitura Municipal de São Lourenço do Piauí;R$ 53.416,16;R$ 1.014.906,85;R$ 1.068.323,01
Devolvida ao Proponente;3341.24.1505/2018;Qualificação Viária;BA;Queimadas;Caixa Econômica Federal;Prefeitura Municipal de Queimadas;Qualificação Viária do Prefeitura Municipal de Queimadas;R$ 379.117,40;R$ 7.203.230,60;R$ 7.582.348,00
Devolvida ao Proponente;649.2.2709/2017;Qualificação Viária;RS;Taquari;Banco Regional de Desenvolvimento do Extremo Sul – BRDE;Prefeitura Municipal de Taquari;Qualificação Viária do Prefeitura Municipal de Taquari;R$ 325.908,20;R$ 4.999.997,50;R$ 5.325.905,70
Devolvida ao Proponente;1437.2.2812/2017;Qualificação Viária;RS;Júlio de Castilhos;Caixa Econômica Federal;Prefeitura Municipal de Júlio de Castilhos;Qualificação Viária do Prefeitura Municipal de Júlio de Castilhos;R$ 174.259,12;R$ 3.310.923,16;R$ 3.485.182,28
Devolvida ao Proponente;3876.245.2709/2019;Qualificação Viária;RS;Rio Grande;Caixa Econômica Federal;Prefeitura Municipal de Rio Grande;Qualificação Viária do Prefeitura Municipal de Rio Grande;R$ 1.500.000,00;R$ 28.500.000,00;R$ 30.000.000,00
Pré-selecionada pelo Gestor da Aplicação;3877.2.1412/2018;Qualificação Viária;SC;Garuva;Caixa Econômica Federal;Prefeitura Municipal de Garuva;Qualificação Viária do Prefeitura Municipal de Garuva;R$ 262.500,00;R$ 4.987.500,00;R$ 5.250.000,00
Pré-selecionada pelo Gestor da Aplicação;1307.2.0405/2018;Qualificação Viária;BA;Santa Cruz Cabrália;Caixa Econômica Federal;Prefeitura Municipal de Santa Cruz Cabrália;Qualificação Viária do Prefeitura Municipal de Santa Cruz Cabrália;R$ 765.000,00;R$ 14.535.000,00;R$ 15.300.000,00
Não enquadrada pelo Agente Financeiro;3871.2.2802/2019;Qualificação Viária;MG;Felixlândia;Banco de Desenvolvimento de Minas Gerais – BDMG;Prefeitura Municipal de Felixlândia;Qualificação Viária do Prefeitura Municipal de Felixlândia;R$ 171.021,58;R$ 3.249.409,94;R$ 3.420.431,52
Pré-selecionada pelo Gestor da Aplicação;4113.2.2611/2019;Qualificação Viária;MT;Paranatinga;Caixa Econômica Federal;Prefeitura Municipal de Paranatinga;Qualificação Viária do Prefeitura Municipal de Paranatinga;R$ 666.165,50;R$ 12.657.144,50;R$ 13.323.310,00
Selecionada pelo gestor da aplicação;487.24.1109/2017;Qualificação Viária;SP;Casa Branca;Caixa Econômica Federal;Prefeitura Municipal de Casa Branca;Qualificação Viária do Prefeitura Municipal de Casa Branca;R$ 250.000,00;R$ 4.750.000,00;R$ 5.000.000,00
Devolvida ao Proponente;4043.2.2806/2019;Qualificação Viária;CE;Fortaleza;Caixa Econômica Federal;Prefeitura Municipal de Fortaleza;Qualificação Viária do Prefeitura Municipal de Fortaleza;R$ 2.500.000,00;R$ 47.500.000,00;R$ 50.000.000,00
Selecionada pelo gestor da aplicação;136.2.1608/2017;Qualificação Viária;SC;Correia Pinto;Caixa Econômica Federal;Prefeitura Municipal de Correia Pinto;Qualificação Viária do Prefeitura Municipal de Correia Pinto;R$ 201.492,00;R$ 3.828.348,00;R$ 4.029.840,00
Devolvida ao Proponente;1739.2.0205/2019;Qualificação Viária;SC;Trombudo Central;Caixa Econômica Federal;Prefeitura Municipal de Trombudo Central;Qualificação Viária do Prefeitura Municipal de Trombudo Central;R$ 125.000,00;R$ 2.375.000,00;R$ 2.500.000,00
Pré-selecionada pelo Gestor da Aplicação;3862.2.0512/2018;Qualificação Viária;MS;Tacuru;Caixa Econômica Federal;Prefeitura Municipal de Tacuru;Qualificação Viária do Prefeitura Municipal de Tacuru;R$ 249.846,11;R$ 4.747.075,96;R$ 4.996.922,07
Pré-selecionada pelo Gestor da Aplicação;3902.2.1401/2019;Qualificação Viária;PI;Avelino Lopes;Caixa Econômica Federal;Prefeitura Municipal de Avelino Lopes;Qualificação Viária do Prefeitura Municipal de Avelino Lopes;R$ 185.000,00;R$ 3.515.000,00;R$ 3.700.000,00
Pré-selecionada pelo Gestor da Aplicação;4118.5.0412/2019;Plano de Mobilidade Urbana;MG;Patos de Minas;Caixa Econômica Federal;Prefeitura Municipal de Patos de Minas;Plano de Mobilidade Urbana do Prefeitura Municipal de Patos de Minas;R$ 90.000,00;R$ 1.710.000,00;R$ 1.800.000,00
Selecionada pelo gestor da aplicação;3964.2.0404/2019;Qualificação Viária;MT;Guarantã do Norte;Caixa Econômica Federal;Prefeitura Municipal de Guarantã do Norte;Qualificação Viária do Prefeitura Municipal de Guarantã do Norte;R$ 56.000,00;R$ 1.064.000,00;R$ 1.120.000,00
Devolvida ao Proponente;3786.4.1110/2018;Estudos e Projetos;SP;Ribeirão Preto;Caixa Econômica Federal;Prefeitura Municipal de Ribeirão Preto;Estudos e Projetos do Prefeitura Municipal de Ribeirão Preto;R$ 250.000,00;R$ 4.750.000,00;R$ 5.000.000,00
Selecionada pelo gestor da aplicação;567.2.1909/2017;Qualificação Viária;SP;Lins;Caixa Econômica Federal;Prefeitura Municipal de Lins;Qualificação Viária do Prefeitura Municipal de Lins;R$ 243.248,17;R$ 4.621.715,05;R$ 4.864.963,22
Em análise de enquadramento;4058.24.1707/2019;Qualificação Viária;RJ;Tanguá;Caixa Econômica Federal;Prefeitura Municipal de Tanguá;Qualificação Viária do Prefeitura Municipal de Tanguá;R$ 658.322,30;R$ 12.508.123,61;R$ 13.166.445,91
Selecionada pelo gestor da aplicação;437.2.0109/2017;Qualificação Viária;SC;Bom Jesus;Caixa Econômica Federal;Prefeitura Municipal de Bom Jesus;Qualificação Viária do Prefeitura Municipal de Bom Jesus;R$ 103.450,00;R$ 1.965.550,00;R$ 2.069.000,00
Pré-selecionada pelo Gestor da Aplicação;3903.2.1401/2019;Qualificação Viária;PI;Pimenteiras;Caixa Econômica Federal;Prefeitura Municipal de Pimenteiras;Qualificação Viária do Prefeitura Municipal de Pimenteiras;R$ 247.200,00;R$ 4.696.800,00;R$ 4.944.000,00
Pré-selecionada pelo Gestor da Aplicação;3531.2.2206/2018;Qualificação Viária;RJ;São Pedro da Aldeia;Caixa Econômica Federal;Prefeitura Municipal de São Pedro da Aldeia;Qualificação Viária do Prefeitura Municipal de São Pedro da Aldeia;R$ 1.004.928,24;R$ 19.093.636,40;R$ 20.098.564,64
Devolvida ao Proponente;3594.2.0607/2018;Qualificação Viária;SP;Jundiaí;Caixa Econômica Federal;Prefeitura Municipal de Jundiaí;Qualificação Viária do Prefeitura Municipal de Jundiaí;R$ 491.800,00;R$ 9.344.200,00;R$ 9.836.000,00
Devolvida ao Proponente;1118.234.2011/2017;Qualificação Viária;ES;Vila Velha;Caixa Econômica Federal;Prefeitura Municipal de Vila Velha;Qualificação Viária do Prefeitura Municipal de Vila Velha;R$ 2.616.022,50;R$ 49.704.427,50;R$ 52.320.450,00
Devolvida ao Proponente;3227.234.1104/2018;Qualificação Viária;PR;São José dos Pinhais;Caixa Econômica Federal;Prefeitura Municipal de São José dos Pinhais;Qualificação Viária do Prefeitura Municipal de São José dos Pinhais;R$ 475.989,71;R$ 8.138.260,16;R$ 8.614.249,87
Pré-selecionada pelo Gestor da Aplicação;3872.2.0512/2018;Qualificação Viária;SP;Laranjal Paulista;Agência de Desenvolvimento Paulista – Desenvolve SP;Prefeitura Municipal de Laranjal Paulista;Qualificação Viária do Prefeitura Municipal de Laranjal Paulista;R$ 182.730,44;R$ 3.471.878,17;R$ 3.654.608,61
Em análise de validação;1135.2.2211/2017;Qualificação Viária;PA;Belém;Caixa Econômica Federal;Prefeitura Municipal de Belém;Qualificação Viária do Prefeitura Municipal de Belém;R$ 7.367.601,70;R$ 139.984.432,16;R$ 147.352.033,86
Devolvida ao Proponente;3912.2.1801/2019;Qualificação Viária;MT;Juara;Caixa Econômica Federal;Prefeitura Municipal de Juara;Qualificação Viária do Prefeitura Municipal de Juara;R$ 518.768,49;R$ 9.856.601,18;R$ 10.375.369,67
Pré-selecionada pelo Gestor da Aplicação;3859.2.2712/2018;Qualificação Viária;MT;Jaciara;Caixa Econômica Federal;Prefeitura Municipal de Jaciara;Qualificação Viária do Prefeitura Municipal de Jaciara;R$ 334.539,58;R$ 6.356.251,97;R$ 6.690.791,55
Devolvida ao Proponente;3626.2.1607/2018;Qualificação Viária;PR;Pitanga;Caixa Econômica Federal;Prefeitura Municipal de Pitanga;Qualificação Viária do Prefeitura Municipal de Pitanga;R$ 98.750,00;R$ 1.876.250,00;R$ 1.975.000,00
Pré-selecionada pelo Gestor da Aplicação;3777.24.0810/2018;Qualificação Viária;MG;São José da Lapa;Caixa Econômica Federal;Prefeitura Municipal de São José da Lapa;Qualificação Viária do Prefeitura Municipal de São José da Lapa;R$ 347.964,12;R$ 6.611.318,24;R$ 6.959.282,36
Devolvida ao Proponente;3593.2.0607/2018;Qualificação Viária;SP;Jundiaí;Caixa Econômica Federal;Prefeitura Municipal de Jundiaí;Qualificação Viária do Prefeitura Municipal de Jundiaí;R$ 2.000.000,00;R$ 37.999.999,99;R$ 39.999.999,99
Devolvida ao Proponente;3970.2.2108/2019;Qualificação Viária;RO;São Francisco do Guaporé;Caixa Econômica Federal;Prefeitura Municipal de São Francisco do Guaporé;Qualificação Viária do Prefeitura Municipal de São Francisco do Guaporé;R$ 250.000,00;R$ 4.750.000,00;R$ 5.000.000,00
Em análise de enquadramento;3971.24.1404/2019;Qualificação Viária;RN;Lagoa Nova;Caixa Econômica Federal;Prefeitura Municipal de Lagoa Nova;Qualificação Viária do Prefeitura Municipal de Lagoa Nova;R$ 255.000,00;R$ 4.845.000,00;R$ 5.100.000,00
Em análise de enquadramento;3974.24.1404/2019;Qualificação Viária;RN;Guamaré;Caixa Econômica Federal;PREFEITURA MUNICIPAL DE GUAMARÉ;Qualificação Viária do PREFEITURA MUNICIPAL DE GUAMARÉ;R$ 255.000,00;R$ 4.845.000,00;R$ 5.100.000,00
Pré-selecionada pelo Gestor da Aplicação;4013.2.2305/2019;Qualificação Viária;CE;Graça;Caixa Econômica Federal;Prefeitura Municipal de Graça;Qualificação Viária do Prefeitura Municipal de Graça;R$ 114.638,50;R$ 2.174.000,00;R$ 2.288.638,50
Em análise de enquadramento;3972.24.1404/2019;Qualificação Viária;RN;Serra de São Bento;Caixa Econômica Federal;Prefeitura Municipal de Serra de São Bento;Qualificação Viária do Prefeitura Municipal de Serra de São Bento;R$ 255.000,00;R$ 4.845.000,00;R$ 5.100.000,00
Devolvida ao Proponente;345.24.2508/2017;Qualificação Viária;BA;Varzedo;Caixa Econômica Federal;Prefeitura Municipal de Varzedo;Qualificação Viária do Prefeitura Municipal de Varzedo;R$ 199.500,00;R$ 3.790.500,00;R$ 3.990.000,00
Devolvida ao Proponente;3966.2.1104/2019;Qualificação Viária;SP;São Vicente;Caixa Econômica Federal;Prefeitura Municipal de São Vicente;Qualificação Viária do Prefeitura Municipal de São Vicente;R$ 2.208.598,82;R$ 41.963.377,50;R$ 44.171.976,32
Pré-selecionada pelo Gestor da Aplicação;3258.2.2805/2018;Qualificação Viária;SC;Presidente Nereu;Caixa Econômica Federal;Prefeitura Municipal de Presidente Nereu;Qualificação Viária do Prefeitura Municipal de Presidente Nereu;R$ 35.459,64;R$ 673.733,09;R$ 709.192,73
Pré-selecionada pelo Gestor da Aplicação;3545.24.2706/2018;Qualificação Viária;RS;Rio Pardo;Banco Regional de Desenvolvimento do Extremo Sul – BRDE;Prefeitura Municipal de Rio Pardo;Qualificação Viária do Prefeitura Municipal de Rio Pardo;R$ 573.106,47;R$ 10.889.022,81;R$ 11.462.129,28
Devolvida ao Proponente;3920.2.2801/2019;Qualificação Viária;SC;Xavantina;Caixa Econômica Federal;Prefeitura Municipal de Xavantina;Qualificação Viária do Prefeitura Municipal de Xavantina;R$ 63.250,00;R$ 1.201.750,00;R$ 1.265.000,00
Em análise de enquadramento;3973.24.1404/2019;Qualificação Viária;RN;Bento Fernandes;Caixa Econômica Federal;Prefeitura Municipal de Bento Fernandes;Qualificação Viária do Prefeitura Municipal de Bento Fernandes;R$ 255.000,00;R$ 4.845.000,00;R$ 5.100.000,00
Devolvida ao Proponente;3630.2.1807/2018;Qualificação Viária;SP;Votorantim;Caixa Econômica Federal;Prefeitura Municipal de Votorantim;Qualificação Viária do Prefeitura Municipal de Votorantim;R$ 1.134.250,00;R$ 21.550.750,00;R$ 22.685.000,00
Em análise de validação;3837.3.0712/2018;Transporte Não Motorizado;PR;Foz do Iguaçu;Caixa Econômica Federal;Prefeitura Municipal de Foz do Iguaçu;Transporte Não Motorizado do Prefeitura Municipal de Foz do Iguaçu;R$ 300.000,00;R$ 5.700.000,00;R$ 6.000.000,00
Em análise de enquadramento;3976.2.1005/2019;Qualificação Viária;PI;Betânia do Piauí;Caixa Econômica Federal;Prefeitura Municipal de Betânia do Piauí;Qualificação Viária do Prefeitura Municipal de Betânia do Piauí;R$ 165.121,82;R$ 3.137.314,66;R$ 3.302.436,48
Selecionada pelo gestor da aplicação;3979.2.3004/2019;Qualificação Viária;MT;Confresa;Caixa Econômica Federal;Prefeitura Municipal de Confresa;Qualificação Viária do Prefeitura Municipal de Confresa;R$ 444.937,57;R$ 8.453.813,74;R$ 8.898.751,31
Devolvida ao Proponente;1326.2.1812/2017;Qualificação Viária;PA;Santarém;Caixa Econômica Federal;Prefeitura Municipal de Santarém;Qualificação Viária do Prefeitura Municipal de Santarém;R$ 2.098.657,18;R$ 39.874.486,30;R$ 41.973.143,48
Em análise de enquadramento;4022.2.0406/2019;Qualificação Viária;SP;São Sebastião;Caixa Econômica Federal;Prefeitura Municipal de São Sebastião;Qualificação Viária do Prefeitura Municipal de São Sebastião;R$ 1.301.213,13;R$ 24.723.049,37;R$ 26.024.262,50
Pré-selecionada pelo Gestor da Aplicação;1572.24.1901/2018;Qualificação Viária;BA;Pé de Serra;Caixa Econômica Federal;Prefeitura Municipal de Pé de Serra;Qualificação Viária do Prefeitura Municipal de Pé de Serra;R$ 115.000,00;R$ 2.185.000,00;R$ 2.300.000,00
Devolvida ao Proponente;4093.2.2309/2019;Qualificação Viária;RS;São Sebastião do Caí;Banco Regional de Desenvolvimento do Extremo Sul – BRDE;Prefeitura Municipal de São Sebastião do Caí;Qualificação Viária do Prefeitura Municipal de São Sebastião do Caí;R$ 99.156,31;R$ 1.883.969,89;R$ 1.983.126,20
Em análise de enquadramento;4023.24.2308/2019;Qualificação Viária;SP;Cordeirópolis;Caixa Econômica Federal;Prefeitura Municipal de Cordeirópolis;Qualificação Viária do Prefeitura Municipal de Cordeirópolis;R$ 127.160,96;R$ 2.416.058,23;R$ 2.543.219,19
Em análise de enquadramento;3993.5.2604/2019;Plano de Mobilidade Urbana;AP;Santana;Caixa Econômica Federal;Prefeitura Municipal de Santana;Plano de Mobilidade Urbana do Prefeitura Municipal de Santana;R$ 71.500,00;R$ 1.358.500,00;R$ 1.430.000,00
Devolvida ao Proponente;3981.2.1605/2019;Qualificação Viária;CE;Aracati;Caixa Econômica Federal;Prefeitura Municipal de Aracati;Qualificação Viária do Prefeitura Municipal de Aracati;R$ 998.429,67;R$ 18.970.163,71;R$ 19.968.593,38
Devolvida ao Proponente;4053.23.1007/2019;Qualificação Viária;SP;Limeira;Caixa Econômica Federal;Prefeitura Municipal de Limeira;Qualificação Viária do Prefeitura Municipal de Limeira;R$ 367.361,48;R$ 6.979.868,06;R$ 7.347.229,54
Em análise de enquadramento;4028.3.1706/2019;Transporte Não Motorizado;SP;Cordeirópolis;Caixa Econômica Federal;Prefeitura Municipal de Cordeirópolis;Transporte Não Motorizado do Prefeitura Municipal de Cordeirópolis;R$ 229.500,00;R$ 4.360.500,00;R$ 4.590.000,00
Devolvida ao Proponente;323.24.2508/2017;Qualificação Viária;BA;São Miguel das Matas;Caixa Econômica Federal;Prefeitura Municipal de São Miguel das Matas;Qualificação Viária do Prefeitura Municipal de São Miguel das Matas;R$ 132.761,03;R$ 2.522.459,44;R$ 2.655.220,47
Selecionada pelo gestor da aplicação;674.2.2809/2017;Qualificação Viária;RS;São Marcos;Caixa Econômica Federal;Prefeitura Municipal de São Marcos;Qualificação Viária do Prefeitura Municipal de São Marcos;R$ 303.162,80;R$ 5.760.093,16;R$ 6.063.255,96
Devolvida ao Proponente;1620.245.0502/2018;Qualificação Viária;PA;São Félix do Xingu;Caixa Econômica Federal;Prefeitura Municipal de São Félix do Xingu;Qualificação Viária do Prefeitura Municipal de São Félix do Xingu;R$ 734.000,00;R$ 13.941.410,00;R$ 14.675.410,00
Devolvida ao Proponente;3997.2.3004/2019;Qualificação Viária;PA;Redenção;Caixa Econômica Federal;Prefeitura Municipal de Redenção;Qualificação Viária do Prefeitura Municipal de Redenção;R$ 709.153,17;R$ 13.473.910,19;R$ 14.183.063,36
Devolvida ao Proponente;3954.2.2003/2019;Qualificação Viária;SC;Campos Novos;Banco Regional de Desenvolvimento do Extremo Sul – BRDE;Prefeitura Municipal de Campos Novos;Qualificação Viária do Prefeitura Municipal de Campos Novos;R$ 710.500,00;R$ 13.499.500,00;R$ 14.210.000,00
Pré-selecionada pelo Gestor da Aplicação;3929.2.2802/2019;Qualificação Viária;MS;Brasilândia;Caixa Econômica Federal;Município de Brasilândia;Qualificação Viária do Município de Brasilândia;R$ 238.145,34;R$ 4.524.761,33;R$ 4.762.906,67
Em análise de enquadramento;4124.4.2201/2020;Estudos e Projetos;MG;São João del Rei;Caixa Econômica Federal;Prefeitura Municipal de São João del Rei;Estudos e Projetos do Prefeitura Municipal de São João del Rei;R$ 100.000,00;R$ 1.900.000,00;R$ 2.000.000,00
Selecionada pelo gestor da aplicação;79.3.0808/2017;Transporte Não Motorizado;SC;Itapema;Caixa Econômica Federal;Prefeitura Municipal de Itapema;Transporte Não Motorizado do Prefeitura Municipal de Itapema;R$ 99.289,00;R$ 1.886.490,92;R$ 1.985.779,92
Devolvida ao Proponente;3353.2.3110/2018;Qualificação Viária;RS;Sant'Ana do Livramento;Caixa Econômica Federal;Prefeitura Municipal de Sant'Ana do Livramento;Qualificação Viária do Prefeitura Municipal de Sant'Ana do Livramento;R$ 997.420,86;R$ 18.586.787,96;R$ 19.584.208,82
Devolvida ao Proponente;3990.2.2504/2019;Qualificação Viária;BA;Itapetinga;Caixa Econômica Federal;Prefeitura Municipal de Itapetinga;Qualificação Viária do Prefeitura Municipal de Itapetinga;R$ 157.867,26;R$ 2.999.477,75;R$ 3.157.345,01
Pré-selecionada pelo Gestor da Aplicação;1958.245.3010/2018;Qualificação Viária;SP;Araraquara;Caixa Econômica Federal;Prefeitura Municipal de Araraquara;Qualificação Viária do Prefeitura Municipal de Araraquara;R$ 1.494.134,71;R$ 28.388.559,47;R$ 29.882.694,18
Pré-selecionada pelo Gestor da Aplicação;3300.24.2505/2018;Qualificação Viária;BA;Presidente Dutra;Caixa Econômica Federal;Prefeitura Municipal de Presidente Dutra;Qualificação Viária do Prefeitura Municipal de Presidente Dutra;R$ 42.000,00;R$ 793.000,00;R$ 835.000,00
Pré-selecionada pelo Gestor da Aplicação;3930.2.0802/2019;Qualificação Viária;RS;Sant'Ana do Livramento;Caixa Econômica Federal;Prefeitura Municipal de Sant'Ana do Livramento;Qualificação Viária do Prefeitura Municipal de Sant'Ana do Livramento;R$ 998.933,01;R$ 18.979.727,06;R$ 19.978.660,07
Selecionada pelo gestor da aplicação;4032.2.1906/2019;Qualificação Viária;MT;Guarantã do Norte;Caixa Econômica Federal;Prefeitura Municipal de Guarantã do Norte;Qualificação Viária do Prefeitura Municipal de Guarantã do Norte;R$ 244.336,05;R$ 4.642.384,91;R$ 4.886.720,96
Selecionada pelo gestor da aplicação;3461.24.1206/2018;Qualificação Viária;PI;Queimada Nova;Caixa Econômica Federal;Prefeitura Municipal de Queimada Nova;Qualificação Viária do Prefeitura Municipal de Queimada Nova;R$ 155.000,00;R$ 2.845.000,00;R$ 3.000.000,00
Devolvida ao Proponente;3883.2.2012/2018;Qualificação Viária;SP;São José dos Campos;Caixa Econômica Federal;Prefeitura Municipal de São José dos Campos;Qualificação Viária do Prefeitura Municipal de São José dos Campos;R$ 1.321.236,37;R$ 25.103.491,01;R$ 26.424.727,38
Devolvida ao Proponente;3879.2.1712/2018;Qualificação Viária;GO;Goiânia;Caixa Econômica Federal;Prefeitura Municipal de Goiânia;Qualificação Viária do Prefeitura Municipal de Goiânia;R$ 6.359.373,71;R$ 120.828.100,38;R$ 127.187.474,09
Devolvida ao Proponente;3992.3.2905/2019;Transporte Não Motorizado;BA;Itapetinga;Caixa Econômica Federal;Prefeitura Municipal de Itapetinga;Transporte Não Motorizado do Prefeitura Municipal de Itapetinga;R$ 88.386,26;R$ 1.590.952,72;R$ 1.679.338,98
Em análise de enquadramento;4044.2.0207/2019;Qualificação Viária;PI;Coivaras;Caixa Econômica Federal;Prefeitura Municipal de Coivaras;Qualificação Viária do Prefeitura Municipal de Coivaras;R$ 110.100,00;R$ 2.091.900,00;R$ 2.202.000,00
Devolvida ao Proponente;3886.2.2012/2018;Qualificação Viária;SP;São José dos Campos;Caixa Econômica Federal;Prefeitura Municipal de São José dos Campos;Qualificação Viária do Prefeitura Municipal de São José dos Campos;R$ 606.274,75;R$ 11.519.220,25;R$ 12.125.495,00
Selecionada pelo gestor da aplicação;748.24.0510/2017;Qualificação Viária;MS;Dourados;Caixa Econômica Federal;Prefeitura Municipal de Dourados;Qualificação Viária do Prefeitura Municipal de Dourados;R$ 1.500.000,00;R$ 28.500.000,00;R$ 30.000.000,00
Em análise de enquadramento;4063.24.1807/2019;Qualificação Viária;SP;São Sebastião;Agência de Desenvolvimento Paulista – Desenvolve SP;Prefeitura Municipal de São Sebastião;Qualificação Viária do Prefeitura Municipal de São Sebastião;R$ 1.049.982,06;R$ 19.949.659,13;R$ 20.999.641,19
Em análise de enquadramento;637.2.2609/2017;Qualificação Viária;RS;Barra do Rio Azul;Caixa Econômica Federal;Prefeitura Municipal de Barra do Rio Azul;Qualificação Viária do Prefeitura Municipal de Barra do Rio Azul;R$ 250.000,00;R$ 4.750.000,00;R$ 5.000.000,00
Em análise de enquadramento;4078.24.2008/2019;Qualificação Viária;MA;Zé Doca;Caixa Econômica Federal;Prefeitura Municipal de Zé Doca;Qualificação Viária do Prefeitura Municipal de Zé Doca;R$ 787.500,00;R$ 14.962.500,00;R$ 15.750.000,00
Devolvida ao Proponente;15.2.0108/2017;Qualificação Viária;BA;Boa Vista do Tupim;Caixa Econômica Federal;Prefeitura Municipal de Boa Vista do Tupim;Qualificação Viária do Prefeitura Municipal de Boa Vista do Tupim;R$ 25.000,00;R$ 475.000,00;R$ 500.000,00
Em análise de validação;4184.23.2506/2021;Qualificação Viária;RJ;Petrópolis;Caixa Econômica Federal;Prefeitura Municipal de Petrópolis;Qualificação Viária do Prefeitura Municipal de Petrópolis;R$ 1.398.128,68;R$ 26.564.444,88;R$ 27.962.573,56
Devolvida ao Proponente;3399.24.3005/2018;Qualificação Viária;BA;Morro do Chapéu;Caixa Econômica Federal;Prefeitura Municipal de Morro do Chapéu;Qualificação Viária do Prefeitura Municipal de Morro do Chapéu;R$ 53.093,20;R$ 1.008.770,68;R$ 1.061.863,88
Devolvida ao Proponente;3406.24.0406/2018;Qualificação Viária;BA;Morro do Chapéu;Caixa Econômica Federal;Prefeitura Municipal de Morro do Chapéu;Qualificação Viária do Prefeitura Municipal de Morro do Chapéu;R$ 59.616,09;R$ 1.132.705,64;R$ 1.192.321,73
Devolvida ao Proponente;3397.24.3005/2018;Qualificação Viária;BA;Morro do Chapéu;Caixa Econômica Federal;Prefeitura Municipal de Morro do Chapéu;Qualificação Viária do Prefeitura Municipal de Morro do Chapéu;R$ 161.220,42;R$ 3.063.187,78;R$ 3.224.408,20
Selecionada pelo gestor da aplicação;51.24.0408/2017;Qualificação Viária;SC;Itaiópolis;Caixa Econômica Federal;Prefeitura Municipal de Itaiópolis;Qualificação Viária do Prefeitura Municipal de Itaiópolis;R$ 749.797,94;R$ 14.246.160,72;R$ 14.995.958,66
Em análise de enquadramento;4147.24.0809/2020;Qualificação Viária;SP;São Sebastião;Caixa Econômica Federal;Prefeitura Municipal de São Sebastião;Qualificação Viária do Prefeitura Municipal de São Sebastião;R$ 1.049.982,06;R$ 19.949.659,13;R$ 20.999.641,19
Selecionada pelo gestor da aplicação;965.2.0111/2017;Qualificação Viária;MG;Três Corações;Caixa Econômica Federal;Prefeitura Municipal de Três Corações;Qualificação Viária do Prefeitura Municipal de Três Corações;R$ 215.000,00;R$ 4.085.000,00;R$ 4.300.000,00
Em análise de enquadramento;4224.1.1810/2021;Sistemas de Transporte Público Coletivo Urbano;AC;Brasiléia;Banco BTG Pactual;Prefeitura Municipal de Brasiléia;Sistemas de Transporte Público Coletivo Urbano do Prefeitura Municipal de Brasiléia;R$ 12.500.000,00;R$ 237.500.000,00;R$ 250.000.000,00
Devolvida ao Proponente;4130.2.1609/2020;Qualificação Viária;SP;Guarujá;Caixa Econômica Federal;Prefeitura Municipal de Guarujá;Qualificação Viária do Prefeitura Municipal de Guarujá;R$ 481.904,37;R$ 9.156.182,88;R$ 9.638.087,25
Pré-selecionada pelo Gestor da Aplicação;3866.2.2609/2019;Qualificação Viária;SC;Jaraguá do Sul;Caixa Econômica Federal;Prefeitura Municipal de Jaraguá do Sul;Qualificação Viária do Prefeitura Municipal de Jaraguá do Sul;R$ 708.211,05;R$ 13.456.009,98;R$ 14.164.221,03
Em análise de enquadramento;4202.2.1908/2021;Qualificação Viária;SP;Ribeirão Pires;Caixa Econômica Federal;Prefeitura Municipal de Ribeirão Pires;Qualificação Viária do Prefeitura Municipal de Ribeirão Pires;R$ 979.903,85;R$ 18.618.173,01;R$ 19.598.076,86
Devolvida ao Proponente;4148.4.2010/2020;Estudos e Projetos;RN;Natal;Caixa Econômica Federal;Prefeitura Municipal de Natal;Estudos e Projetos do Prefeitura Municipal de Natal;R$ 94.889,71;R$ 1.802.904,49;R$ 1.897.794,20
Pré-selecionada pelo Gestor da Aplicação;4146.2.3011/2020;Qualificação Viária;GO;Mineiros;Caixa Econômica Federal;Prefeitura Municipal de Mineiros;Qualificação Viária do Prefeitura Municipal de Mineiros;R$ 1.000.000,00;R$ 19.000.000,00;R$ 20.000.000,00
Devolvida ao Proponente;4254.1.2712/2021;Sistemas de Transporte Público Coletivo Urbano;RS;Porto Alegre;Caixa Econômica Federal;Prefeitura Municipal de Porto Alegre;Sistemas de Transporte Público Coletivo Urbano do Prefeitura Municipal de Porto Alegre;R$ 5.753.190,15;R$ 109.310.612,85;R$ 115.063.803,00
Devolvida ao Proponente;4176.24.2805/2021;Qualificação Viária;SP;Cabreúva;Caixa Econômica Federal;Prefeitura Municipal de Cabreúva;Qualificação Viária do Prefeitura Municipal de Cabreúva;R$ 756.455,73;R$ 14.372.658,74;R$ 15.129.114,47
Pré-selecionada pelo Gestor da Aplicação;4155.2.2601/2021;Qualificação Viária;SP;Igarapava;Caixa Econômica Federal;Prefeitura Municipal de Igarapava;Qualificação Viária do Prefeitura Municipal de Igarapava;R$ 249.442,43;R$ 4.739.406,13;R$ 4.988.848,56
Pré-selecionada pelo Gestor da Aplicação;4111.2.2211/2019;Qualificação Viária;MT;Santo Afonso;Caixa Econômica Federal;Prefeitura Municipal de Santo Afonso;Qualificação Viária do Prefeitura Municipal de Santo Afonso;R$ 75.000,00;R$ 1.425.000,00;R$ 1.500.000,00
Selecionada pelo gestor da aplicação;4170.2.3003/2021;Qualificação Viária;SC;Jaraguá do Sul;Caixa Econômica Federal;Prefeitura Municipal de Jaraguá do Sul;Qualificação Viária do Prefeitura Municipal de Jaraguá do Sul;R$ 824.005,86;R$ 15.656.111,34;R$ 16.480.117,20
Pré-selecionada pelo Gestor da Aplicação;4154.2.2601/2021;Qualificação Viária;SP;Igarapava;Caixa Econômica Federal;Prefeitura Municipal de Igarapava;Qualificação Viária do Prefeitura Municipal de Igarapava;R$ 249.997,54;R$ 4.749.953,22;R$ 4.999.950,76
Em análise de enquadramento;4215.24.0410/2021;Qualificação Viária;SP;Mogi das Cruzes;Caixa Econômica Federal;Prefeitura Municipal de Mogi das Cruzes;Qualificação Viária do Prefeitura Municipal de Mogi das Cruzes;R$ 197.186,71;R$ 3.746.547,44;R$ 3.943.734,15
Devolvida ao Proponente;3671.24.0808/2018;Qualificação Viária;PA;Oriximiná;Caixa Econômica Federal;Prefeitura Municipal de Oriximiná;Qualificação Viária do Prefeitura Municipal de Oriximiná;R$ 1.002.500,00;R$ 18.997.500,00;R$ 20.000.000,00
Devolvida ao Proponente;4116.2.2811/2019;Qualificação Viária;SP;Engenheiro Coelho;Caixa Econômica Federal;Prefeitura Municipal de Engenheiro Coelho;Qualificação Viária do Prefeitura Municipal de Engenheiro Coelho;R$ 274.687,60;R$ 5.219.064,26;R$ 5.493.751,86
Pré-selecionada pelo Gestor da Aplicação;4153.2.2501/2021;Qualificação Viária;SP;Igarapava;Caixa Econômica Federal;Prefeitura Municipal de Igarapava;Qualificação Viária do Prefeitura Municipal de Igarapava;R$ 249.649,43;R$ 4.743.338,97;R$ 4.992.988,40
Em análise de enquadramento;4181.2.1908/2021;Qualificação Viária;SP;Ribeirão Pires;Caixa Econômica Federal;Prefeitura Municipal de Ribeirão Pires;Qualificação Viária do Prefeitura Municipal de Ribeirão Pires;R$ 2.029.357,35;R$ 19.768.789,61;R$ 21.798.146,96
Devolvida ao Proponente;3381.2.3005/2018;Qualificação Viária;SP;Santo André;Caixa Econômica Federal;Prefeitura Municipal de Santo André;Qualificação Viária do Prefeitura Municipal de Santo André;R$ 1.750.000,00;R$ 33.250.000,00;R$ 35.000.000,00
Devolvida ao Proponente;4234.2.0311/2021;Qualificação Viária;SC;Mafra;Caixa Econômica Federal;Prefeitura Municipal de Mafra;Qualificação Viária do Prefeitura Municipal de Mafra;R$ 75.700,00;R$ 1.438.300,00;R$ 1.514.000,00
Devolvida ao Proponente;4210.2.0909/2021;Qualificação Viária;SP;São Paulo;Caixa Econômica Federal;Prefeitura Municipal de São Paulo;Qualificação Viária do Prefeitura Municipal de São Paulo;R$ 21.207.343,97;R$ 402.939.535,26;R$ 424.146.879,23
Pré-selecionada pelo Gestor da Aplicação;4209.2.2909/2021;Qualificação Viária;SP;Cordeirópolis;Caixa Econômica Federal;Prefeitura Municipal de Cordeirópolis;Qualificação Viária do Prefeitura Municipal de Cordeirópolis;R$ 1.976.736,84;R$ 37.557.999,96;R$ 39.534.736,80
Pré-selecionada pelo Gestor da Aplicação;4158.24.1202/2021;Qualificação Viária;SP;Santa Cruz das Palmeiras;Caixa Econômica Federal;Prefeitura Municipal de Santa Cruz das Palmeiras;Qualificação Viária do Prefeitura Municipal de Santa Cruz das Palmeiras;R$ 599.919,61;R$ 11.398.472,49;R$ 11.998.392,10
Pré-selecionada pelo Gestor da Aplicação;4213.1.1709/2021;Sistemas de Transporte Público Coletivo Urbano;GO;Goiânia;Caixa Econômica Federal;Prefeitura Municipal de Goiânia;Sistemas de Transporte Público Coletivo Urbano do Prefeitura Municipal de Goiânia;R$ 1.390.000.000,00;R$ 1.000.000.000,00;R$ 2.390.000.000,00
Pré-selecionada pelo Gestor da Aplicação;4207.24.0410/2021;Qualificação Viária;SP;Mogi das Cruzes;Caixa Econômica Federal;Prefeitura Municipal de Mogi das Cruzes;Qualificação Viária do Prefeitura Municipal de Mogi das Cruzes;R$ 80.162,48;R$ 1.523.086,98;R$ 1.603.249,46
Devolvida ao Proponente;4264.24.2303/2022;Qualificação Viária;MT;Paranatinga;Caixa Econômica Federal;Prefeitura Municipal de Paranatinga;Qualificação Viária do Prefeitura Municipal de Paranatinga;R$ 2.151.894,98;R$ 19.367.054,74;R$ 21.518.949,72
Em análise de enquadramento;4266.2.0703/2022;Qualificação Viária;PR;Almirante Tamandaré;Caixa Econômica Federal;Prefeitura Municipal de Almirante Tamandaré;Qualificação Viária do Prefeitura Municipal de Almirante Tamandaré;R$ 600.000,00;R$ 11.400.000,00;R$ 12.000.000,00
Devolvida ao Proponente;4243.24.0411/2021;Qualificação Viária;SP;Mogi das Cruzes;Caixa Econômica Federal;Prefeitura Municipal de Mogi das Cruzes;Qualificação Viária do Prefeitura Municipal de Mogi das Cruzes;R$ 197.186,71;R$ 3.746.547,44;R$ 3.943.734,15
Pré-selecionada pelo Gestor da Aplicação;4217.134.0410/2021;Sistemas de Transporte Público Coletivo Urbano;SP;Mogi das Cruzes;Caixa Econômica Federal;Prefeitura Municipal de Mogi das Cruzes;Sistemas de Transporte Público Coletivo Urbano do Prefeitura Municipal de Mogi das Cruzes;R$ 225.456,29;R$ 4.283.669,49;R$ 4.509.125,78
Devolvida ao Proponente;4278.1.2704/2022;Sistemas de Transporte Público Coletivo Urbano;AC;Brasiléia;Caixa Econômica Federal;Prefeitura Municipal de Brasiléia;Sistemas de Transporte Público Coletivo Urbano do Prefeitura Municipal de Brasiléia;R$ 900.000,00;R$ 17.100.000,00;R$ 18.000.000,00
Devolvida ao Proponente;4246.2.1011/2021;Qualificação Viária;AC;Brasiléia;Caixa Econômica Federal;Prefeitura Municipal de Brasiléia;Qualificação Viária do Prefeitura Municipal de Brasiléia;R$ 1.000.000,00;R$ 19.000.000,00;R$ 20.000.000,00
Devolvida ao Proponente;4247.2.1211/2021;Qualificação Viária;SP;São Paulo;Caixa Econômica Federal;Prefeitura Municipal de São Paulo;Qualificação Viária do Prefeitura Municipal de São Paulo;R$ 52.297.246,00;R$ 386.419.055,00;R$ 438.716.301,00
Pré-selecionada pelo Gestor da Aplicação;4211.23.1309/2021;Qualificação Viária;RJ;Petrópolis;Caixa Econômica Federal;Prefeitura Municipal de Petrópolis;Qualificação Viária do Prefeitura Municipal de Petrópolis;R$ 1.409.765,59;R$ 26.785.546,06;R$ 28.195.311,65
Pré-selecionada pelo Gestor da Aplicação;4218.134.0410/2021;Sistemas de Transporte Público Coletivo Urbano;SP;Mogi das Cruzes;Caixa Econômica Federal;Prefeitura Municipal de Mogi das Cruzes;Sistemas de Transporte Público Coletivo Urbano do Prefeitura Municipal de Mogi das Cruzes;R$ 177.710,13;R$ 3.376.492,46;R$ 3.554.202,59
Em análise de enquadramento;2468.1345.2212/2021;Sistemas de Transporte Público Coletivo Urbano;GO;Trindade;Caixa Econômica Federal;Prefeitura Municipal de Trindade;Sistemas de Transporte Público Coletivo Urbano do Prefeitura Municipal de Trindade;R$ 1.154.800,00;R$ 21.941.200,00;R$ 23.096.000,00
Pré-selecionada pelo Gestor da Aplicação;4232.2.0311/2021;Qualificação Viária;SC;Mafra;Caixa Econômica Federal;Prefeitura Municipal de Mafra;Qualificação Viária do Prefeitura Municipal de Mafra;R$ 60.000,00;R$ 1.140.000,00;R$ 1.200.000,00
Devolvida ao Proponente;4251.4.3011/2021;Estudos e Projetos;RN;Natal;Caixa Econômica Federal;Prefeitura Municipal de Natal;Estudos e Projetos do Prefeitura Municipal de Natal;R$ 117.773,45;R$ 2.237.695,52;R$ 2.355.468,97
Devolvida ao Proponente;4236.2.0311/2021;Qualificação Viária;SC;Mafra;Caixa Econômica Federal;Prefeitura Municipal de Mafra;Qualificação Viária do Prefeitura Municipal de Mafra;R$ 165.000,00;R$ 3.135.000,00;R$ 3.300.000,00
Devolvida ao Proponente;4237.2.0311/2021;Qualificação Viária;SC;Mafra;Caixa Econômica Federal;Prefeitura Municipal de Mafra;Qualificação Viária do Prefeitura Municipal de Mafra;R$ 105.900,00;R$ 2.012.100,00;R$ 2.118.000,00
Pré-selecionada pelo Gestor da Aplicação;4219.5.0411/2021;Plano de Mobilidade Urbana;SP;Mogi das Cruzes;Caixa Econômica Federal;Prefeitura Municipal de Mogi das Cruzes;Plano de Mobilidade Urbana do Prefeitura Municipal de Mogi das Cruzes;R$ 75.000,00;R$ 1.425.000,00;R$ 1.500.000,00
Pré-selecionada pelo Gestor da Aplicação;4238.2.0311/2021;Qualificação Viária;SC;Mafra;Caixa Econômica Federal;Prefeitura Municipal de Mafra;Qualificação Viária do Prefeitura Municipal de Mafra;R$ 80.000,00;R$ 1.520.000,00;R$ 1.600.000,00
Devolvida ao Proponente;4277.2.1804/2022;Qualificação Viária;MS;Ribas do Rio Pardo;Caixa Econômica Federal;Prefeitura Municipal de Ribas do Rio Pardo;Qualificação Viária do Prefeitura Municipal de Ribas do Rio Pardo;R$ 1.990.421,02;R$ 37.817.999,26;R$ 39.808.420,28
Devolvida ao Proponente;4283.2.0906/2022;Qualificação Viária;MS;Deodápolis;Caixa Econômica Federal;Prefeitura Municipal de Deodápolis;Qualificação Viária do Prefeitura Municipal de Deodápolis;R$ 180.863,90;R$ 3.436.413,94;R$ 3.617.277,84
Devolvida ao Proponente;4284.2.0906/2022;Qualificação Viária;MS;Deodápolis;Caixa Econômica Federal;Prefeitura Municipal de Deodápolis;Qualificação Viária do Prefeitura Municipal de Deodápolis;R$ 279.420,29;R$ 5.308.985,48;R$ 5.588.405,77
Pré-selecionada pelo Gestor da Aplicação;4263.24.2402/2022;Qualificação Viária;MS;Ivinhema;Caixa Econômica Federal;Prefeitura Municipal de Ivinhema;Qualificação Viária do Prefeitura Municipal de Ivinhema;R$ 1.571.312,59;R$ 29.854.939,21;R$ 31.426.251,80
Devolvida ao Proponente;4285.2.0906/2022;Qualificação Viária;MS;Deodápolis;Caixa Econômica Federal;Prefeitura Municipal de Deodápolis;Qualificação Viária do Prefeitura Municipal de Deodápolis;R$ 289.837,89;R$ 5.506.919,81;R$ 5.796.757,70
Devolvida ao Proponente;4285.2.0906/2022;Qualificação Viária;MS;Deodápolis;Caixa Econômica Federal;Prefeitura Municipal de Deodápolis;Qualificação Viária do Prefeitura Municipal de Deodápolis;R$ 289.837,89;R$ 5.506.919,81;R$ 5.796.757,70
Devolvida ao Proponente;4282.2.0906/2022;Qualificação Viária;MS;Deodápolis;Caixa Econômica Federal;Prefeitura Municipal de Deodápolis;Qualificação Viária do Prefeitura Municipal de Deodápolis;R$ 90.075,97;R$ 1.711.443,31;R$ 1.801.519,28
Selecionada pelo gestor da aplicação;1520.2.1001/2018;Qualificação Viária;RS;Salvador do Sul;Caixa Econômica Federal;Prefeitura Municipal de Salvador do Sul;Qualificação Viária do Prefeitura Municipal de Salvador do Sul;R$ 85.275,00;R$ 1.620.225,00;R$ 1.705.500,00
Selecionada pelo gestor da aplicação;3766.2.2609/2018;Qualificação Viária;BA;Luís Eduardo Magalhães;Caixa Econômica Federal;Prefeitura Municipal de Luís Eduardo Magalhães;Qualificação Viária do Prefeitura Municipal de Luís Eduardo Magalhães;R$ 960.666,76;R$ 18.252.668,25;R$ 19.213.335,01
Selecionada pelo gestor da aplicação;3625.2.1607/2018;Qualificação Viária;MG;Carneirinho;Caixa Econômica Federal;Prefeitura Municipal de Carneirinho;Qualificação Viária do Prefeitura Municipal de Carneirinho;R$ 38.678,75;R$ 734.896,05;R$ 773.574,80
Selecionada pelo gestor da aplicação;1411.2.2612/2017;Qualificação Viária;RS;Veranópolis;Caixa Econômica Federal;Prefeitura Municipal de Veranópolis;Qualificação Viária do Prefeitura Municipal de Veranópolis;R$ 167.081,41;R$ 3.174.546,70;R$ 3.341.628,11
Selecionada pelo gestor da aplicação;1585.245.2301/2018;Qualificação Viária;MA;São José de Ribamar;Caixa Econômica Federal;Prefeitura Municipal de São José de Ribamar;Qualificação Viária do Prefeitura Municipal de São José de Ribamar;R$ 1.498.556,60;R$ 28.472.575,33;R$ 29.971.131,93
Selecionada pelo gestor da aplicação;3624.2.1607/2018;Qualificação Viária;MG;Carneirinho;Caixa Econômica Federal;Prefeitura Municipal de Carneirinho;Qualificação Viária do Prefeitura Municipal de Carneirinho;R$ 48.342,78;R$ 918.512,65;R$ 966.855,43
Pré-selecionada pelo Gestor da Aplicação;4286.2.0906/2022;Qualificação Viária;MS;Deodápolis;Caixa Econômica Federal;Prefeitura Municipal de Deodápolis;Qualificação Viária do Prefeitura Municipal de Deodápolis;R$ 59.801,98;R$ 1.136.237,43;R$ 1.196.039,41
Selecionada pelo gestor da aplicação;1359.24.2012/2017;Qualificação Viária;MS;Antônio João;Caixa Econômica Federal;Prefeitura Municipal de Antônio João;Qualificação Viária do Prefeitura Municipal de Antônio João;R$ 229.820,27;R$ 4.366.585,09;R$ 4.596.405,36
Selecionada pelo gestor da aplicação;1364.2.2012/2017;Qualificação Viária;SP;Socorro;Caixa Econômica Federal;Prefeitura Municipal de Socorro;Qualificação Viária do Prefeitura Municipal de Socorro;R$ 750.000,00;R$ 14.250.000,00;R$ 15.000.000,00
Selecionada pelo gestor da aplicação;3407.24.0606/2018;Qualificação Viária;PI;Novo Santo Antônio;Caixa Econômica Federal;Prefeitura Municipal de Novo Santo Antônio;Qualificação Viária do Prefeitura Municipal de Novo Santo Antônio;R$ 251.000,00;R$ 4.760.310,26;R$ 5.011.310,26
Selecionada pelo gestor da aplicação;1624.2.0502/2018;Qualificação Viária;RS;Nonoai;Caixa Econômica Federal;Prefeitura Municipal de Nonoai;Qualificação Viária do Prefeitura Municipal de Nonoai;R$ 223.750,00;R$ 4.251.250,00;R$ 4.475.000,00
Selecionada pelo gestor da aplicação;3683.24.2208/2018;Qualificação Viária;PI;Oeiras;Caixa Econômica Federal;Prefeitura Municipal de Oeiras;Qualificação Viária do Prefeitura Municipal de Oeiras;R$ 290.000,00;R$ 5.416.500,00;R$ 5.706.500,00
Selecionada pelo gestor da aplicação;1323.2.1812/2017;Qualificação Viária;SC;São Ludgero;Caixa Econômica Federal;Prefeitura Municipal de São Ludgero;Qualificação Viária do Prefeitura Municipal de São Ludgero;R$ 140.029,55;R$ 2.660.561,38;R$ 2.800.590,93
Selecionada pelo gestor da aplicação;3913.2.2201/2019;Qualificação Viária;GO;Ceres;Caixa Econômica Federal;Prefeitura Municipal de Ceres;Qualificação Viária do Prefeitura Municipal de Ceres;R$ 641.172,22;R$ 12.182.272,04;R$ 12.823.444,26
Selecionada pelo gestor da aplicação;3541.24.1207/2018;Qualificação Viária;MT;Canarana;Caixa Econômica Federal;Prefeitura Municipal de Canarana - MT;Qualificação Viária do Prefeitura Municipal de Canarana - MT;R$ 458.280,93;R$ 8.707.337,63;R$ 9.165.618,56
Selecionada pelo gestor da aplicação;3354.24.2905/2018;Qualificação Viária;GO;Goiatuba;Caixa Econômica Federal;PREFEITURA MUNICIPAL DE GOIATUBA;Qualificação Viária do PREFEITURA MUNICIPAL DE GOIATUBA;R$ 740.250,00;R$ 14.064.750,00;R$ 14.805.000,00
Selecionada pelo gestor da aplicação;1566.24.1801/2018;Qualificação Viária;RO;Ouro Preto do Oeste;Caixa Econômica Federal;Prefeitura Municipal de Ouro Preto do Oeste;Qualificação Viária do Prefeitura Municipal de Ouro Preto do Oeste;R$ 509.000,00;R$ 9.671.000,00;R$ 10.180.000,00
Selecionada pelo gestor da aplicação;4059.2.1207/2019;Qualificação Viária;SC;Nova Trento;Banco Regional de Desenvolvimento do Extremo Sul – BRDE;Prefeitura Municipal de Nova Trento;Qualificação Viária do Prefeitura Municipal de Nova Trento;R$ 52.583,05;R$ 999.077,78;R$ 1.051.660,83
Selecionada pelo gestor da aplicação;4100.24.1110/2019;Qualificação Viária;SC;Grão Pará;Banco Regional de Desenvolvimento do Extremo Sul – BRDE;Prefeitura Municipal de Grão Pará;Qualificação Viária do Prefeitura Municipal de Grão Pará;R$ 142.737,31;R$ 2.562.008,69;R$ 2.704.746,00
Selecionada pelo gestor da aplicação;1613.2.3001/2018;Qualificação Viária;SP;Peruíbe;Caixa Econômica Federal;Prefeitura Municipal de Peruíbe;Qualificação Viária do Prefeitura Municipal de Peruíbe;R$ 556.500,00;R$ 10.573.500,00;R$ 11.130.000,00
Selecionada pelo gestor da aplicação;1577.2.2201/2018;Qualificação Viária;MG;Novorizonte;Banco de Desenvolvimento de Minas Gerais – BDMG;Prefeitura Municipal de Novorizonte;Qualificação Viária do Prefeitura Municipal de Novorizonte;R$ 54.576,00;R$ 1.036.944,00;R$ 1.091.520,00
Selecionada pelo gestor da aplicação;1622.24.0702/2018;Qualificação Viária;SC;Ipuaçu;Caixa Econômica Federal;Prefeitura Municipal de Ipuaçu;Qualificação Viária do Prefeitura Municipal de Ipuaçu;R$ 116.382,85;R$ 2.151.478,98;R$ 2.267.861,83
Selecionada pelo gestor da aplicação;1615.24.3001/2018;Qualificação Viária;PI;Belém do Piauí;Caixa Econômica Federal;Prefeitura Municipal de Belém do Piauí;Qualificação Viária do Prefeitura Municipal de Belém do Piauí;R$ 251.000,00;R$ 4.749.000,00;R$ 5.000.000,00
Selecionada pelo gestor da aplicação;3740.2.2210/2018;Qualificação Viária;RS;Capitão;Banco Regional de Desenvolvimento do Extremo Sul – BRDE;Município de Capitão;Qualificação Viária do Município de Capitão;R$ 134.161,50;R$ 2.549.068,50;R$ 2.683.230,00
Selecionada pelo gestor da aplicação;1401.2.2212/2017;Qualificação Viária;MG;Vespasiano;Caixa Econômica Federal;Prefeitura Municipal de Vespasiano;Qualificação Viária do Prefeitura Municipal de Vespasiano;R$ 879.250,00;R$ 16.705.750,00;R$ 17.585.000,00
Selecionada pelo gestor da aplicação;1626.2.2202/2018;Qualificação Viária;PR;Florestópolis;Banco Regional de Desenvolvimento do Extremo Sul – BRDE;Prefeitura Municipal de Florestópolis;Qualificação Viária do Prefeitura Municipal de Florestópolis;R$ 47.000,00;R$ 893.000,00;R$ 940.000,00
Selecionada pelo gestor da aplicação;3403.2.0506/2018;Qualificação Viária;PI;Bom Jesus;Caixa Econômica Federal;Prefeitura Municipal de Bom Jesus;Qualificação Viária do Prefeitura Municipal de Bom Jesus;R$ 750.000,00;R$ 14.250.000,00;R$ 15.000.000,00
Selecionada pelo gestor da aplicação;3379.24.1206/2018;Qualificação Viária;PI;Piripiri;Caixa Econômica Federal;Prefeitura Municipal de Piripiri;Qualificação Viária do Prefeitura Municipal de Piripiri;R$ 760.000,00;R$ 14.240.000,00;R$ 15.000.000,00
Selecionada pelo gestor da aplicação;3794.2.1710/2018;Qualificação Viária;RO;Buritis;Caixa Econômica Federal;Prefeitura Municipal de Buritis;Qualificação Viária do Prefeitura Municipal de Buritis;R$ 543.200,64;R$ 10.320.812,14;R$ 10.864.012,78
Selecionada pelo gestor da aplicação;1541.24.1201/2018;Qualificação Viária;PI;Landri Sales;Caixa Econômica Federal;Prefeitura Municipal de Landri Sales;Qualificação Viária do Prefeitura Municipal de Landri Sales;R$ 151.000,00;R$ 2.849.000,00;R$ 3.000.000,00
Selecionada pelo gestor da aplicação;2827.24.2504/2018;Qualificação Viária;MG;Belo Oriente;Caixa Econômica Federal;Prefeitura Municipal de Belo Oriente;Qualificação Viária do Prefeitura Municipal de Belo Oriente;R$ 769.000,00;R$ 14.611.000,00;R$ 15.380.000,00
Selecionada pelo gestor da aplicação;3642.2.2307/2018;Qualificação Viária;PI;Antônio Almeida;Caixa Econômica Federal;Prefeitura Municipal de Antônio Almeida;Qualificação Viária do Prefeitura Municipal de Antônio Almeida;R$ 78.947,51;R$ 1.500.002,50;R$ 1.578.950,01
Selecionada pelo gestor da aplicação;1597.2.2601/2018;Qualificação Viária;RS;Sarandi;Caixa Econômica Federal;Prefeitura Municipal de Sarandi;Qualificação Viária do Prefeitura Municipal de Sarandi;R$ 265.891,61;R$ 5.051.940,49;R$ 5.317.832,10
Selecionada pelo gestor da aplicação;3707.2.2708/2018;Qualificação Viária;MT;Nova Olímpia;Caixa Econômica Federal;Prefeitura Municipal de Nova Olímpia;Qualificação Viária do Prefeitura Municipal de Nova Olímpia;R$ 263.157,86;R$ 4.999.999,20;R$ 5.263.157,06
Selecionada pelo gestor da aplicação;2840.2.0205/2018;Qualificação Viária;RS;Arroio do Tigre;Banco Regional de Desenvolvimento do Extremo Sul – BRDE;Prefeitura Municipal de Arroio do Tigre;Qualificação Viária do Prefeitura Municipal de Arroio do Tigre;R$ 209.357,50;R$ 3.977.792,50;R$ 4.187.150,00
Selecionada pelo gestor da aplicação;3132.24.1503/2018;Qualificação Viária;MG;Guaxupé;Caixa Econômica Federal;Prefeitura Municipal de Guaxupé;Qualificação Viária do Prefeitura Municipal de Guaxupé;R$ 749.826,61;R$ 14.246.705,39;R$ 14.996.532,00
Selecionada pelo gestor da aplicação;4004.2.1505/2019;Qualificação Viária;SC;Forquilhinha;Banco Regional de Desenvolvimento do Extremo Sul – BRDE;Prefeitura Municipal de Forquilhinha;Qualificação Viária do Prefeitura Municipal de Forquilhinha;R$ 6.302.582,11;R$ 1.575.645,53;R$ 7.878.227,64
Selecionada pelo gestor da aplicação;3475.24.1206/2018;Qualificação Viária;PI;Paulistana;Caixa Econômica Federal;Prefeitura Municipal de Paulistana;Qualificação Viária do Prefeitura Municipal de Paulistana;R$ 255.000,00;R$ 4.745.000,00;R$ 5.000.000,00
Selecionada pelo gestor da aplicação;1543.2.1501/2018;Qualificação Viária;SC;Itapiranga;Caixa Econômica Federal;Prefeitura Municipal de Itapiranga;Qualificação Viária do Prefeitura Municipal de Itapiranga;R$ 250.000,00;R$ 4.750.000,00;R$ 5.000.000,00
Selecionada pelo gestor da aplicação;4088.2.1009/2019;Qualificação Viária;MS;Aparecida do Taboado;Caixa Econômica Federal;Prefeitura Municipal de Aparecida do Taboado;Qualificação Viária do Prefeitura Municipal de Aparecida do Taboado;R$ 938.793,56;R$ 14.249.858,85;R$ 15.188.652,41
Selecionada pelo gestor da aplicação;1515.2.1001/2018;Qualificação Viária;MT;Comodoro;Caixa Econômica Federal;Prefeitura Municipal de Comodoro;Qualificação Viária do Prefeitura Municipal de Comodoro;R$ 250.000,00;R$ 4.745.584,62;R$ 4.995.584,62
Selecionada pelo gestor da aplicação;3512.2.1806/2018;Qualificação Viária;MT;Diamantino;Caixa Econômica Federal;Prefeitura Municipal de Diamantino;Qualificação Viária do Prefeitura Municipal de Diamantino;R$ 69.586,99;R$ 1.322.152,69;R$ 1.391.739,68
Selecionada pelo gestor da aplicação;3494.24.1506/2018;Qualificação Viária;PI;Monsenhor Hipólito;Caixa Econômica Federal;Prefeitura Municipal de Monsenhor Hipólito;Qualificação Viária do Prefeitura Municipal de Monsenhor Hipólito;R$ 80.350,69;R$ 1.526.662,91;R$ 1.607.013,60
Selecionada pelo gestor da aplicação;3704.2.2708/2018;Qualificação Viária;MT;Guarantã do Norte;Caixa Econômica Federal;Prefeitura Municipal de Guarantã do Norte;Qualificação Viária do Prefeitura Municipal de Guarantã do Norte;R$ 112.971,48;R$ 2.146.457,94;R$ 2.259.429,42
Selecionada pelo gestor da aplicação;1384.24.2112/2017;Qualificação Viária;SP;Serra Negra;Caixa Econômica Federal;Prefeitura Municipal de Serra Negra;Qualificação Viária do Prefeitura Municipal de Serra Negra;R$ 249.709,00;R$ 4.744.471,00;R$ 4.994.180,00
Selecionada pelo gestor da aplicação;3248.2.2505/2018;Qualificação Viária;MG;João Monlevade;Caixa Econômica Federal;Prefeitura Municipal de João Monlevade;Qualificação Viária do Prefeitura Municipal de João Monlevade;R$ 56.118,43;R$ 1.066.250,16;R$ 1.122.368,59
Selecionada pelo gestor da aplicação;3546.2.2806/2018;Qualificação Viária;PR;Almirante Tamandaré;Caixa Econômica Federal;Prefeitura Municipal de Almirante Tamandaré;Qualificação Viária do Prefeitura Municipal de Almirante Tamandaré;R$ 294.240,63;R$ 5.590.571,87;R$ 5.884.812,50
Selecionada pelo gestor da aplicação;3346.2.2805/2018;Qualificação Viária;SC;Benedito Novo;Banco Regional de Desenvolvimento do Extremo Sul – BRDE;Prefeitura Municipal de Benedito Novo;Qualificação Viária do Prefeitura Municipal de Benedito Novo;R$ 204.532,20;R$ 3.886.111,77;R$ 4.090.643,97
Selecionada pelo gestor da aplicação;4134.2.0704/2020;Qualificação Viária;SP;Itu;Caixa Econômica Federal;Prefeitura Municipal de Itu;Qualificação Viária do Prefeitura Municipal de Itu;R$ 1.497.324,34;R$ 28.449.162,36;R$ 29.946.486,70
Selecionada pelo gestor da aplicação;3144.24.0903/2018;Qualificação Viária;MS;Aral Moreira;Caixa Econômica Federal;Prefeitura Municipal de Aral Moreira;Qualificação Viária do Prefeitura Municipal de Aral Moreira;R$ 248.661,33;R$ 4.724.565,13;R$ 4.973.226,46
Selecionada pelo gestor da aplicação;3298.2.2504/2018;Qualificação Viária;PR;Santa Lúcia;Caixa Econômica Federal;Prefeitura Municipal de Santa Lúcia;Qualificação Viária do Prefeitura Municipal de Santa Lúcia;R$ 104.567,50;R$ 1.986.782,50;R$ 2.091.350,00
Selecionada pelo gestor da aplicação;3655.2.2507/2018;Qualificação Viária;RS;Mormaço;Caixa Econômica Federal;Prefeitura Municipal de Mormaço;Qualificação Viária do Prefeitura Municipal de Mormaço;R$ 78.897,45;R$ 1.499.051,49;R$ 1.577.948,94
Selecionada pelo gestor da aplicação;3932.2.0702/2019;Qualificação Viária;MT;Guarantã do Norte;Caixa Econômica Federal;Prefeitura Municipal de Guarantã do Norte;Qualificação Viária do Prefeitura Municipal de Guarantã do Norte;R$ 53.027,53;R$ 1.007.523,04;R$ 1.060.550,57
Selecionada pelo gestor da aplicação;3347.2.0606/2018;Qualificação Viária;RS;Cachoeira do Sul;Badesul Desenvolvimento S. A.;Prefeitura Municipal de Cachoeira do Sul;Qualificação Viária do Prefeitura Municipal de Cachoeira do Sul;R$ 724.103,18;R$ 13.757.960,25;R$ 14.482.063,43
Selecionada pelo gestor da aplicação;3260.2.1306/2018;Qualificação Viária;MS;Naviraí;Caixa Econômica Federal;Prefeitura Municipal de Naviraí;Qualificação Viária do Prefeitura Municipal de Naviraí;R$ 786.000,00;R$ 14.931.140,00;R$ 15.717.140,00
Selecionada pelo gestor da aplicação;3388.2.0106/2018;Qualificação Viária;SC;Caxambu do Sul;Caixa Econômica Federal;Prefeitura Municipal de Caxambu do Sul;Qualificação Viária do Prefeitura Municipal de Caxambu do Sul;R$ 130.000,00;R$ 2.450.000,00;R$ 2.580.000,00
Selecionada pelo gestor da aplicação;3690.2.1109/2018;Qualificação Viária;MG;João Pinheiro;Caixa Econômica Federal;Prefeitura Municipal de João Pinheiro;Qualificação Viária do Prefeitura Municipal de João Pinheiro;R$ 582.388,07;R$ 11.065.373,19;R$ 11.647.761,26
Selecionada pelo gestor da aplicação;1361.2.2012/2017;Qualificação Viária;RS;Sapiranga;Caixa Econômica Federal;Prefeitura Municipal de Sapiranga;Qualificação Viária do Prefeitura Municipal de Sapiranga;R$ 244.686,28;R$ 4.649.039,27;R$ 4.893.725,55
Selecionada pelo gestor da aplicação;1455.2.2912/2017;Qualificação Viária;RS;Tupanciretã;Caixa Econômica Federal;Prefeitura Municipal de Tupanciretã;Qualificação Viária do Prefeitura Municipal de Tupanciretã;R$ 202.677,84;R$ 3.850.878,89;R$ 4.053.556,73
Selecionada pelo gestor da aplicação;1454.2.2912/2017;Qualificação Viária;RS;Sobradinho;Caixa Econômica Federal;Prefeitura Municipal de Sobradinho;Qualificação Viária do Prefeitura Municipal de Sobradinho;R$ 188.014,00;R$ 3.572.259,80;R$ 3.760.273,80
Em análise de enquadramento;4294.2.2207/2022;Qualificação viária;AC;Brasiléia;Caixa Econômica Federal;Prefeitura Municipal de Brasiléia;Qualificação viária;R$ 56.000,01;R$ 1.064.000,00;R$ 1.120.000,01
Selecionada pelo gestor da aplicação;1459.2.2912/2017;Qualificação Viária;RS;Tio Hugo;Caixa Econômica Federal;MUNICÍPIO DE TIO HUGO;Qualificação Viária do MUNICÍPIO DE TIO HUGO;R$ 69.183,68;R$ 1.314.489,74;R$ 1.383.673,42
Selecionada pelo gestor da aplicação;3373.2.2505/2018;Qualificação Viária;MG;João Monlevade;Caixa Econômica Federal;Prefeitura Municipal de João Monlevade;Qualificação Viária do Prefeitura Municipal de João Monlevade;R$ 410.284,95;R$ 7.795.413,97;R$ 8.205.698,92
Selecionada pelo gestor da aplicação;3838.2.2012/2018;Qualificação Viária;SC;Indaial;Banco Regional de Desenvolvimento do Extremo Sul – BRDE;Prefeitura Municipal de Indaial;Qualificação Viária do Prefeitura Municipal de Indaial;R$ 76.155,97;R$ 1.446.963,29;R$ 1.523.119,26
Selecionada pelo gestor da aplicação;2865.2.1203/2018;Qualificação Viária;CE;Tianguá;Caixa Econômica Federal;Prefeitura Municipal de Tianguá;Qualificação Viária do Prefeitura Municipal de Tianguá;R$ 388.375,33;R$ 7.379.131,24;R$ 7.767.506,57
Selecionada pelo gestor da aplicação;3710.2.3108/2018;Qualificação Viária;RS;Serafina Corrêa;Caixa Econômica Federal;Prefeitura Municipal de Serafina Corrêa;Qualificação Viária do Prefeitura Municipal de Serafina Corrêa;R$ 126.512,99;R$ 2.403.746,80;R$ 2.530.259,79
Selecionada pelo gestor da aplicação;3284.2.2404/2018;Qualificação Viária;SE;Estância;Caixa Econômica Federal;Prefeitura Municipal de Estância;Qualificação Viária do Prefeitura Municipal de Estância;R$ 950.000,00;R$ 18.050.000,00;R$ 19.000.000,00
Pré-selecionada pelo Gestor da Aplicação;4281.2.3006/2022;Qualificação Viária;MS;Inocência;Caixa Econômica Federal;Prefeitura Municipal de Inocência;Qualificação Viária do Prefeitura Municipal de Inocência;R$ 1.400.000,00;R$ 26.600.000,00;R$ 28.000.000,00
Validação em Análise pelo Administrador do Agente Financeiro;4197..1111/2021;Qualificação Viária;SC;Irineópolis;Caixa Econômica Federal;Prefeitura Municipal de Irineópolis;Qualificação Viária do Prefeitura Municipal de Irineópolis;R$ 73.428,79;R$ 1.395.146,87;R$ 1.468.575,66
Pré-selecionada pelo Gestor da Aplicação;1622.2.2102/2018;Qualificação Viária;MG;Ressaquinha;Caixa Econômica Federal;Prefeitura Municipal de Ressaquinha;Qualificação Viária do Prefeitura Municipal de Ressaquinha;R$ 220.800,00;R$ 4.195.200,00;R$ 4.416.000,00
Em análise de enquadramento;4298.1.0109/2022;Sistemas de Transporte Público Coletivo Urbano;RJ;Rio de Janeiro;Caixa Econômica Federal;Prefeitura Municipal de Rio de Janeiro;Requalificação do Sistema de BRT;R$ 41.440.100,00;R$ 787.361.900,00;R$ 828.802.000,00
Selecionada pelo gestor da aplicação;1622.2.0602/2018;Qualificação Viária;PR;Mauá da Serra;Banco Regional de Desenvolvimento do Extremo Sul – BRDE;Prefeitura Municipal de Mauá da Serra;Qualificação Viária do Prefeitura Municipal de Mauá da Serra;R$ 75.000,00;R$ 1.425.000,00;R$ 1.500.000,00
Selecionada pelo gestor da aplicação;3921.2.1902/2019;Qualificação Viária;PR;Campina Grande do Sul;Banco Regional de Desenvolvimento do Extremo Sul – BRDE;Prefeitura Municipal de Campina Grande do Sul;Qualificação Viária do Prefeitura Municipal de Campina Grande do Sul;R$ 163.900,56;R$ 3.114.110,60;R$ 3.278.011,16
Selecionada pelo gestor da aplicação;1396.2.2212/2017;Qualificação Viária;RS;Feliz;Caixa Econômica Federal;Prefeitura Municipal de Feliz;Qualificação Viária do Prefeitura Municipal de Feliz;R$ 93.163,87;R$ 1.770.113,51;R$ 1.863.277,38
Selecionada pelo gestor da aplicação;1575.2.1901/2018;Qualificação Viária;RS;Nova Candelária;Caixa Econômica Federal;Prefeitura Municipal de Nova Candelária;Qualificação Viária do Prefeitura Municipal de Nova Candelária;R$ 144.234,75;R$ 2.740.460,06;R$ 2.884.694,81
Selecionada pelo gestor da aplicação;3861.24.0512/2018;Qualificação Viária;RS;Ibirubá;Banco Regional de Desenvolvimento do Extremo Sul – BRDE;Prefeitura Municipal de Ibirubá;Qualificação Viária do Prefeitura Municipal de Ibirubá;R$ 399.272,26;R$ 7.586.172,74;R$ 7.985.445,00
Selecionada pelo gestor da aplicação;4018.2.0306/2019;Qualificação Viária;RS;Dom Feliciano;Banco Regional de Desenvolvimento do Extremo Sul – BRDE;Prefeitura Municipal de Dom Feliciano;Qualificação Viária do Prefeitura Municipal de Dom Feliciano;R$ 35.135,09;R$ 667.566,61;R$ 702.701,70
Selecionada pelo gestor da aplicação;1318.2.1512/2017;Qualificação Viária;PR;Mariópolis;Caixa Econômica Federal;Prefeitura Municipal de Mariópolis;Qualificação Viária do Prefeitura Municipal de Mariópolis;R$ 100.830,00;R$ 1.915.770,00;R$ 2.016.600,00
Selecionada pelo gestor da aplicação;3557.2.2906/2018;Qualificação Viária;PR;Almirante Tamandaré;Caixa Econômica Federal;Prefeitura Municipal de Almirante Tamandaré;Qualificação Viária do Prefeitura Municipal de Almirante Tamandaré;R$ 236.747,45;R$ 4.498.201,48;R$ 4.734.948,93
Selecionada pelo gestor da aplicação;1439.2.2812/2017;Qualificação Viária;SC;Araranguá;Banco Regional de Desenvolvimento do Extremo Sul – BRDE;Prefeitura Municipal de Araranguá;Qualificação Viária do Prefeitura Municipal de Araranguá;R$ 261.224,87;R$ 4.963.272,33;R$ 5.224.497,20
Selecionada pelo gestor da aplicação;3236.2.0504/2018;Qualificação Viária;SC;São João do Sul;Caixa Econômica Federal;Prefeitura Municipal de São João do Sul;Qualificação Viária do Prefeitura Municipal de São João do Sul;R$ 246.676,91;R$ 4.686.861,09;R$ 4.933.538,00
Selecionada pelo gestor da aplicação;4019.2.0606/2019;Qualificação Viária;MT;Nova Ubiratã;Caixa Econômica Federal;Prefeitura Municipal de Nova Ubiratã;Qualificação Viária do Prefeitura Municipal de Nova Ubiratã;R$ 452.500,00;R$ 4.547.500,00;R$ 5.000.000,00
Selecionada pelo gestor da aplicação;1460.2.2912/2017;Qualificação Viária;SC;Lontras;Caixa Econômica Federal;Prefeitura Municipal de Lontras;Qualificação Viária do Prefeitura Municipal de Lontras;R$ 244.000,00;R$ 4.636.000,00;R$ 4.880.000,00
Selecionada pelo gestor da aplicação;4072.2.2707/2019;Qualificação Viária;PR;Pérola;Banco Regional de Desenvolvimento do Extremo Sul – BRDE;Prefeitura Municipal de Pérola;Qualificação Viária do Prefeitura Municipal de Pérola;R$ 123.131,20;R$ 2.339.492,74;R$ 2.462.623,94
Selecionada pelo gestor da aplicação;3793.2.1010/2018;Qualificação Viária;MT;Itanhangá;Caixa Econômica Federal;Prefeitura Municipal de Itanhangá;Qualificação Viária do Prefeitura Municipal de Itanhangá;R$ 250.000,00;R$ 4.750.000,00;R$ 5.000.000,00
Selecionada pelo gestor da aplicação;3046.24.2803/2018;Qualificação Viária;MS;Ponta Porã;Caixa Econômica Federal;Prefeitura Municipal de Ponta Porã;Qualificação Viária do Prefeitura Municipal de Ponta Porã;R$ 454.900,89;R$ 8.643.116,84;R$ 9.098.017,73
Selecionada pelo gestor da aplicação;3658.2.3108/2018;Qualificação Viária;MT;Cláudia;Caixa Econômica Federal;Prefeitura Municipal de Cláudia;Qualificação Viária do Prefeitura Municipal de Cláudia;R$ 250.000,00;R$ 4.750.000,00;R$ 5.000.000,00
Selecionada pelo gestor da aplicação;1440.2.2812/2017;Qualificação Viária;SC;Araranguá;Banco Regional de Desenvolvimento do Extremo Sul – BRDE;Prefeitura Municipal de Araranguá;Qualificação Viária do Prefeitura Municipal de Araranguá;R$ 55.646,30;R$ 1.057.279,70;R$ 1.112.926,00
Selecionada pelo gestor da aplicação;3587.2.2208/2018;Qualificação Viária;GO;Cidade Ocidental;Caixa Econômica Federal;Prefeitura Municipal de Cidade Ocidental;Qualificação Viária do Prefeitura Municipal de Cidade Ocidental;R$ 999.384,53;R$ 18.988.305,90;R$ 19.987.690,43
Selecionada pelo gestor da aplicação;1404.24.2312/2017;Qualificação Viária;MS;Angélica;Caixa Econômica Federal;Prefeitura Municipal de Angélica;Qualificação Viária do Prefeitura Municipal de Angélica;R$ 252.698,46;R$ 4.801.270,57;R$ 5.053.969,03
Selecionada pelo gestor da aplicação;1596.24.2601/2018;Qualificação Viária;PI;Água Branca;Caixa Econômica Federal;Prefeitura Municipal de Água Branca;Qualificação Viária do Prefeitura Municipal de Água Branca;R$ 251.000,00;R$ 4.749.000,00;R$ 5.000.000,00
Selecionada pelo gestor da aplicação;3482.24.1206/2018;Qualificação Viária;PI;Demerval Lobão;Caixa Econômica Federal;Prefeitura Municipal de Demerval Lobão;Qualificação Viária do Prefeitura Municipal de Demerval Lobão;R$ 155.000,00;R$ 2.845.000,00;R$ 3.000.000,00
Selecionada pelo gestor da aplicação;3455.24.1206/2018;Qualificação Viária;PI;Massapê do Piauí;Caixa Econômica Federal;Prefeitura Municipal de Massapê do Piauí;Qualificação Viária do Prefeitura Municipal de Massapê do Piauí;R$ 202.000,00;R$ 3.798.000,00;R$ 4.000.000,00
Selecionada pelo gestor da aplicação;1462.2.2912/2017;Qualificação Viária;MS;Sidrolândia;Caixa Econômica Federal;Prefeitura Municipal de Sidrolândia;Qualificação Viária do Prefeitura Municipal de Sidrolândia;R$ 579.964,95;R$ 9.375.677,32;R$ 9.955.642,27
Pré-selecionada pelo Gestor da Aplicação;1500.24.0801/2018;Qualificação Viária;MG;Divino;Caixa Econômica Federal;Prefeitura Municipal de Divino;Qualificação Viária do Prefeitura Municipal de Divino;R$ 52.672,80;R$ 1.000.783,17;R$ 1.053.455,97
Pré-selecionada pelo Gestor da Aplicação;1526.24.1001/2018;Qualificação Viária;MG;Santo Antônio do Aventureiro;Caixa Econômica Federal;Prefeitura Municipal de Santo Antônio do Aventureiro;Qualificação Viária do Prefeitura Municipal de Santo Antônio do Aventureiro;R$ 75.000,00;R$ 1.425.000,00;R$ 1.500.000,00
Selecionada pelo gestor da aplicação;1556.34.1701/2018;Transporte Não Motorizado;SP;Hortolândia;Caixa Econômica Federal;MUNICIPIO DE HORTOLANDIA;Transporte Não Motorizado do MUNICIPIO DE HORTOLANDIA;R$ 200.000,00;R$ 3.800.000,00;R$ 4.000.000,00
Selecionada pelo gestor da aplicação;1589.2.2401/2018;Qualificação Viária;PR;Campo Magro;Banco Regional de Desenvolvimento do Extremo Sul – BRDE;Prefeitura Municipal de Campo Magro;Qualificação Viária do Prefeitura Municipal de Campo Magro;R$ 130.000,00;R$ 2.470.000,00;R$ 2.600.000,00
Selecionada pelo gestor da aplicação;3309.2.2704/2018;Qualificação Viária;PR;Contenda;Banco Regional de Desenvolvimento do Extremo Sul – BRDE;Prefeitura Municipal de Contenda;Qualificação Viária do Prefeitura Municipal de Contenda;R$ 300.000,00;R$ 4.700.000,00;R$ 5.000.000,00
Selecionada pelo gestor da aplicação;3117.2.0503/2018;Qualificação Viária;RN;Macaíba;Caixa Econômica Federal;Prefeitura Municipal de Macaíba;Qualificação Viária do Prefeitura Municipal de Macaíba;R$ 981.731,31;R$ 18.652.894,71;R$ 19.634.626,02
Selecionada pelo gestor da aplicação;3266.2.1904/2018;Qualificação Viária;SC;Indaial;Banco Regional de Desenvolvimento do Extremo Sul – BRDE;Prefeitura Municipal de Indaial;Qualificação Viária do Prefeitura Municipal de Indaial;R$ 132.663,03;R$ 2.520.597,53;R$ 2.653.260,56
Selecionada pelo gestor da aplicação;1607.24.0902/2018;Qualificação Viária;SC;Grão Pará;Banco Regional de Desenvolvimento do Extremo Sul – BRDE;Prefeitura Municipal de Grão Pará;Qualificação Viária do Prefeitura Municipal de Grão Pará;R$ 262.500,00;R$ 4.987.500,00;R$ 5.250.000,00
Selecionada pelo gestor da aplicação;3330.2.1005/2018;Qualificação Viária;RS;Vale Real;Banco Regional de Desenvolvimento do Extremo Sul – BRDE;MUNICÍPIO DE VALE REAL;Qualificação Viária do MUNICÍPIO DE VALE REAL;R$ 49.128,38;R$ 933.439,16;R$ 982.567,54
Selecionada pelo gestor da aplicação;3799.3.2210/2018;Transporte Não Motorizado;SP;Cravinhos;Caixa Econômica Federal;Município de Cravinhos;Transporte Não Motorizado do Município de Cravinhos;R$ 135.603,18;R$ 2.576.460,32;R$ 2.712.063,50
Selecionada pelo gestor da aplicação;3216.2.2703/2018;Qualificação Viária;RS;Santo Antônio do Palma;Caixa Econômica Federal;Prefeitura Municipal de Santo Antônio do Palma;Qualificação Viária do Prefeitura Municipal de Santo Antônio do Palma;R$ 64.250,00;R$ 1.125.750,00;R$ 1.190.000,00
Selecionada pelo gestor da aplicação;1582.2.2301/2018;Qualificação Viária;TO;Gurupi;Caixa Econômica Federal;Prefeitura Municipal de Gurupi;Qualificação Viária do Prefeitura Municipal de Gurupi;R$ 1.000.000,00;R$ 19.000.000,00;R$ 20.000.000,00
Selecionada pelo gestor da aplicação;1628.2.0202/2018;Qualificação Viária;SC;Jacinto Machado;Caixa Econômica Federal;Prefeitura Municipal de Jacinto Machado;Qualificação Viária do Prefeitura Municipal de Assis Chateaubriand;R$ 206.134,54;R$ 3.916.556,22;R$ 4.122.690,76
Pré-selecionada pelo Gestor da Aplicação;4301.2.1210/2022;Qualificação viária;MT;Chapada dos Guimarães;Caixa Econômica Federal;Prefeitura Municipal de Chapada dos Guimarães;Implantação de Obras de Infraestrutura Viária;R$ 1.713.240,46;R$ 32.551.568,72;R$ 34.264.809,18
Pré-selecionada pelo Gestor da Aplicação;4303.5.0111/2022;Plano de Mobilidade Urbana;SC;Mafra;Caixa Econômica Federal;Prefeitura Municipal de Mafra;Elaboração de Plano de Mobilidade;R$ 50.000,00;R$ 950.000,00;R$ 1.000.000,00
Validada pelo Agente Financeiro;3895.2.0301/2019;Qualificação Viária;RS;Santo Ângelo;Caixa Econômica Federal;Prefeitura Municipal de Santo Ângelo;Qualificação Viária do Prefeitura Municipal de Santo Ângelo;R$ 398.918,85;R$ 7.579.458,05;R$ 7.978.376,90
Pré-selecionada pelo Gestor da Aplicação;4297.1245.3008/2022;Qualificação viária;SP;Engenheiro Coelho;Caixa Econômica Federal;Prefeitura Municipal de Engenheiro Coelho;Pavimentação Asfáltica;R$ 435.000,00;R$ 8.265.000,00;R$ 8.700.000,00
Enquadrada pelo Gestor da Aplicação;4306.4.1711/2022;Estudos e Projetos;SP;Guarujá;Caixa Econômica Federal;Prefeitura Municipal de Guarujá;Elaboração de Estudos e Projetos;R$ 270.696,96;R$ 5.143.242,12;R$ 5.413.939,08
Pré-selecionada pelo Gestor da Aplicação;4242.2.0311/2021;Qualificação Viária;SC;Mafra;Caixa Econômica Federal;Prefeitura Municipal de Mafra;Qualificação Viária do Prefeitura Municipal de Mafra;R$ 65.000,00;R$ 1.235.000,00;R$ 1.300.000,00
Pré-selecionada pelo Gestor da Aplicação;4233.2.0311/2021;Qualificação Viária;SC;Mafra;Caixa Econômica Federal;Prefeitura Municipal de Mafra;Qualificação Viária do Prefeitura Municipal de Mafra;R$ 50.500,00;R$ 959.500,00;R$ 1.010.000,00
Pré-selecionada pelo Gestor da Aplicação;4235.2.0311/2021;Qualificação Viária;SC;Mafra;Caixa Econômica Federal;Prefeitura Municipal de Mafra;Qualificação Viária do Prefeitura Municipal de Mafra;R$ 128.350,00;R$ 2.438.650,00;R$ 2.567.000,00
Enquadrada pelo Gestor da Aplicação;4267.2.0703/2022;Qualificação Viária;PR;Almirante Tamandaré;Caixa Econômica Federal;Prefeitura Municipal de Almirante Tamandaré;Qualificação Viária do Prefeitura Municipal de Almirante Tamandaré;R$ 650.000,00;R$ 12.350.000,00;R$ 13.000.000,00
Validada pelo Agente Financeiro;4245.2.1211/2021;Qualificação Viária;MS;Deodápolis;Caixa Econômica Federal;Prefeitura Municipal de Deodápolis;Qualificação Viária do Prefeitura Municipal de Deodápolis;R$ 900.000,00;R$ 17.100.000,00;R$ 18.000.000,00
Selecionada pelo gestor da aplicação;4252.2.0212/2021;Qualificação Viária;SC;Nova Trento;Banco Regional de Desenvolvimento do Extremo Sul – BRDE;Prefeitura Municipal de Nova Trento;Qualificação Viária do Prefeitura Municipal de Nova Trento;R$ 530.721,55;R$ 10.083.709,38;R$ 10.614.430,93
Validação devolvida ao Agente Financeiro;4300.2.2109/2022;Qualificação viária;SC;Iraceminha;Banco Regional de Desenvolvimento do Extremo Sul – BRDE;Prefeitura Municipal de Iraceminha;Revitalização de varias ruas;R$ 117.095,94;R$ 2.224.822,67;R$ 2.341.918,61
Devolvida ao Proponente;4279.2.3005/2022;Qualificação Viária;SC;São Bento do Sul;Banco Regional de Desenvolvimento do Extremo Sul – BRDE;Prefeitura Municipal de São Bento do Sul;Qualificação Viária do Prefeitura Municipal de São Bento do Sul;R$ 406.820,81;R$ 7.729.595,19;R$ 8.136.416,00
Em análise de enquadramento;4305.2.0711/2022;Qualificação viária;PR;Almirante Tamandaré;Caixa Econômica Federal;Prefeitura Municipal de Almirante Tamandaré;Pavimentação sistema viário;R$ 790.000,06;R$ 15.009.999,94;R$ 15.800.000,00
Em análise de enquadramento;4309.2.1912/2022;Qualificação viária;SC;Pouso Redondo;Caixa Econômica Federal;Prefeitura Municipal de Pouso Redondo;Pavimentação de vias;R$ 306.737,95;R$ 5.828.020,98;R$ 6.134.758,93
Pré-selecionada pelo Gestor da Aplicação;1174.2.2811/2017;Qualificação Viária;SP;Santa Bárbara d'Oeste;Caixa Econômica Federal;Prefeitura Municipal de Santa Bárbara d'Oeste;Qualificação Viária do Prefeitura Municipal de Santa Bárbara d'Oeste;R$ 143.000,00;R$ 2.717.000,00;R$ 2.860.000,00
Em análise de enquadramento;4268.2.3003/2022;Qualificação Viária;SC;Pouso Redondo;Caixa Econômica Federal;Prefeitura Municipal de Pouso Redondo;Qualificação Viária do Prefeitura Municipal de Pouso Redondo;R$ 613.475,90;R$ 11.656.041,96;R$ 12.269.517,86
Não enquadrada pelo Agente Financeiro;840.2.1610/2017;Qualificação Viária;SC;Serra Alta;Agência de Fomento de Santa Catarina - Badesc;Prefeitura Municipal de Serra Alta;Qualificação Viária do Prefeitura Municipal de Serra Alta;R$ 57.500,00;R$ 1.092.500,00;R$ 1.150.000,00
Pré-selecionada pelo Gestor da Aplicação;3469.24.1206/2018;Qualificação Viária;PI;Ipiranga do Piauí;Caixa Econômica Federal;Prefeitura Municipal de Ipiranga do Piauí;Qualificação Viária do Prefeitura Municipal de Ipiranga do Piauí;R$ 155.000,00;R$ 2.845.000,00;R$ 3.000.000,00
Não enquadrada pelo Agente Financeiro;1108.2.1811/2017;Qualificação Viária;MT;Comodoro;Caixa Econômica Federal;Prefeitura Municipal de Comodoro;Qualificação Viária do Prefeitura Municipal de Comodoro;R$ 235.061,02;R$ 4.466.159,22;R$ 4.701.220,24
Em análise de enquadramento;999.2.0711/2017;Qualificação Viária;PR;Toledo;Caixa Econômica Federal;Prefeitura Municipal de Toledo;Qualificação Viária do Prefeitura Municipal de Toledo;R$ 325.000,00;R$ 6.175.000,00;R$ 6.500.000,00
Em análise de enquadramento;1516.2.1001/2018;Qualificação Viária;SC;Corupá;Caixa Econômica Federal;Prefeitura Municipal de Corupá;Qualificação Viária do Prefeitura Municipal de Corupá;R$ 235.619,45;R$ 4.476.769,47;R$ 4.712.388,92
Pré-selecionada pelo Gestor da Aplicação;1239.2.0712/2017;Qualificação Viária;SE;Itaporanga d'Ajuda;Caixa Econômica Federal;Prefeitura Municipal de Itaporanga d'Ajuda;Qualificação Viária do Prefeitura Municipal de Itaporanga d'Ajuda;R$ 251.500,00;R$ 4.778.500,00;R$ 5.030.000,00
Em análise de enquadramento;657.2.2709/2017;Qualificação Viária;SP;Santa Bárbara d'Oeste;Caixa Econômica Federal;Prefeitura Municipal de Santa Bárbara d'Oeste;Qualificação Viária do Prefeitura Municipal de Santa Bárbara d'Oeste;R$ 338.500,00;R$ 6.431.500,00;R$ 6.770.000,00
Não enquadrada pelo Agente Financeiro;1098.2.1711/2017;Qualificação Viária;SC;Timbé do Sul;Caixa Econômica Federal;Prefeitura Municipal de Timbé do Sul;Qualificação Viária do Prefeitura Municipal de Timbé do Sul;R$ 60.564,12;R$ 1.150.718,24;R$ 1.211.282,36
Não enquadrada pelo Agente Financeiro;1340.2.1912/2017;Qualificação Viária;RS;Erebango;Caixa Econômica Federal;Prefeitura Municipal de Erebango;Qualificação Viária do Prefeitura Municipal de Erebango;R$ 92.520,00;R$ 1.757.880,00;R$ 1.850.400,00
Não enquadrada pelo Agente Financeiro;881.24.2310/2017;Qualificação Viária;PR;São João do Triunfo;Caixa Econômica Federal;Prefeitura Municipal de São João do Triunfo;Qualificação Viária do Prefeitura Municipal de São João do Triunfo;R$ 45.278,98;R$ 860.300,44;R$ 905.579,42
Selecionada pelo gestor da aplicação;1198.2.0112/2017;Qualificação Viária;PR;Pitanga;Caixa Econômica Federal;Prefeitura Municipal de Pitanga;Qualificação Viária do Prefeitura Municipal de Pitanga;R$ 98.018,96;R$ 1.862.360,07;R$ 1.960.379,03
Selecionada pelo gestor da aplicação;12.2.0108/2017;Qualificação Viária;SC;Rio Negrinho;Caixa Econômica Federal;Prefeitura Municipal de Rio Negrinho;Qualificação Viária do Prefeitura Municipal de Rio Negrinho;R$ 82.973,44;R$ 1.576.495,17;R$ 1.659.468,61
Não enquadrada pelo Agente Financeiro;1347.2.1912/2017;Qualificação Viária;SC;Corupá;Caixa Econômica Federal;Prefeitura Municipal de Corupá;Qualificação Viária do Prefeitura Municipal de Corupá;R$ 235.619,45;R$ 4.476.769,47;R$ 4.712.388,92
Não enquadrada pelo Agente Financeiro;1353.2.1912/2017;Qualificação Viária;PR;Francisco Alves;Caixa Econômica Federal;Prefeitura Municipal de Francisco Alves;Qualificação Viária do Prefeitura Municipal de Francisco Alves;R$ 100.000,00;R$ 1.900.000,00;R$ 2.000.000,00
Não enquadrada pelo Agente Financeiro;1313.3.1512/2017;Transporte Não Motorizado;PR;Nova Aliança do Ivaí;Caixa Econômica Federal;Prefeitura Municipal de Nova Aliança do Ivaí;Transporte Não Motorizado do Prefeitura Municipal de Nova Aliança do Ivaí;R$ 56.200,00;R$ 1.067.800,00;R$ 1.124.000,00
Em análise de enquadramento;1271.2.1112/2017;Qualificação Viária;PR;Formosa do Oeste;Caixa Econômica Federal;Prefeitura Municipal de Formosa do Oeste;Qualificação Viária do Prefeitura Municipal de Formosa do Oeste;R$ 130.000,00;R$ 2.470.000,00;R$ 2.600.000,00
Pré-selecionada pelo Gestor da Aplicação;1096.25.1711/2017;Qualificação Viária;SP;Santa Bárbara d'Oeste;Caixa Econômica Federal;Prefeitura Municipal de Santa Bárbara d'Oeste;Qualificação Viária do Prefeitura Municipal de Santa Bárbara d'Oeste;R$ 100.500,00;R$ 1.909.500,00;R$ 2.010.000,00
Em análise de enquadramento;983.2.0611/2017;Qualificação Viária;PR;Sarandi;Caixa Econômica Federal;Prefeitura Municipal de Sarandi;Qualificação Viária do Prefeitura Municipal de Sarandi;R$ 369.674,91;R$ 7.023.823,19;R$ 7.393.498,10
Não enquadrada pelo Agente Financeiro;116.2.1408/2017;Qualificação Viária;MG;Manhuaçu;Caixa Econômica Federal;Prefeitura Municipal de Manhuaçu;Qualificação Viária do Prefeitura Municipal de Manhuaçu;R$ 1.000.000,00;R$ 19.000.000,00;R$ 20.000.000,00
Não enquadrada pelo Agente Financeiro;541.2.1809/2017;Qualificação Viária;RS;Pirapó;Caixa Econômica Federal;Prefeitura Municipal de Pirapó;Qualificação Viária do Prefeitura Municipal de Pirapó;R$ 26.748,94;R$ 508.229,74;R$ 534.978,68
Em análise de enquadramento;1536.2.1201/2018;Qualificação Viária;PR;Santa Isabel do Ivaí;Fomento Paraná;Prefeitura Municipal de Santa Isabel do Ivaí;Qualificação Viária do Prefeitura Municipal de Santa Isabel do Ivaí;R$ 250.000,00;R$ 4.750.000,00;R$ 5.000.000,00
Pré-selecionada pelo Gestor da Aplicação;1481.2.0401/2018;Qualificação Viária;RS;Ibirapuitã;Caixa Econômica Federal;Prefeitura Municipal de Ibirapuitã;Qualificação Viária do Prefeitura Municipal de Ibirapuitã;R$ 120.000,00;R$ 2.280.000,00;R$ 2.400.000,00
Selecionada pelo gestor da aplicação;344.2.2508/2017;Qualificação Viária;SP;Morungaba;Caixa Econômica Federal;Prefeitura Municipal de Morungaba;Qualificação Viária do Prefeitura Municipal de Morungaba;R$ 161.282,91;R$ 3.064.375,27;R$ 3.225.658,18
Selecionada pelo gestor da aplicação;681.2.2809/2017;Qualificação Viária;SC;Luiz Alves;Caixa Econômica Federal;Prefeitura Municipal de Luiz Alves;Qualificação Viária do Prefeitura Municipal de Luiz Alves;R$ 153.117,75;R$ 2.909.237,07;R$ 3.062.354,82
Em análise de enquadramento;1480.2.0401/2018;Qualificação Viária;RS;Vale Real;Caixa Econômica Federal;MUNICÍPIO DE VALE REAL;Qualificação Viária do MUNICÍPIO DE VALE REAL;R$ 35.414,07;R$ 672.867,32;R$ 708.281,39
Não enquadrada pelo Agente Financeiro;1097.2.1711/2017;Qualificação Viária;RS;Capela de Santana;Caixa Econômica Federal;Prefeitura Municipal de Capela de Santana;Qualificação Viária do Prefeitura Municipal de Capela de Santana;R$ 232.345,38;R$ 4.414.562,12;R$ 4.646.907,50
Não enquadrada pelo Agente Financeiro;1517.2.1001/2018;Qualificação Viária;SC;Corupá;Caixa Econômica Federal;Prefeitura Municipal de Corupá;Qualificação Viária do Prefeitura Municipal de Corupá;R$ 235.619,45;R$ 4.476.769,47;R$ 4.712.388,92
Pré-selecionada pelo Gestor da Aplicação;1530.24.1101/2018;Qualificação Viária;PI;Conceição do Canindé;Caixa Econômica Federal;Prefeitura Municipal de Conceição do Canindé;Qualificação Viária do Prefeitura Municipal de Conceição do Canindé;R$ 125.500,00;R$ 2.374.500,00;R$ 2.500.000,00
Pré-selecionada pelo Gestor da Aplicação;3465.24.1206/2018;Qualificação Viária;PI;José de Freitas;Caixa Econômica Federal;Prefeitura Municipal de José de Freitas;Qualificação Viária do Prefeitura Municipal de José de Freitas;R$ 258.000,00;R$ 4.742.000,00;R$ 5.000.000,00
Em análise de enquadramento;642.24.2609/2017;Qualificação Viária;RS;Ronda Alta;Caixa Econômica Federal;Prefeitura Municipal de Ronda Alta;Qualificação Viária do Prefeitura Municipal de Ronda Alta;R$ 137.127,41;R$ 2.605.420,60;R$ 2.742.548,01
Pré-selecionada pelo Gestor da Aplicação;1093.3.1611/2017;Transporte Não Motorizado;CE;Barbalha;Caixa Econômica Federal;Prefeitura Municipal de Barbalha;Transporte Não Motorizado do Prefeitura Municipal de Barbalha;R$ 248.707,49;R$ 4.725.442,27;R$ 4.974.149,76
Não enquadrada pelo Agente Financeiro;1121.24.2111/2017;Qualificação Viária;GO;Trindade;Caixa Econômica Federal;Prefeitura Municipal de Trindade;Qualificação Viária do Prefeitura Municipal de Trindade;R$ 600.000,00;R$ 11.400.000,00;R$ 12.000.000,00
Não enquadrada pelo Agente Financeiro;1078.2.1511/2017;Qualificação Viária;SC;Modelo;Caixa Econômica Federal;RICARDO LUIS MALDANER;Qualificação Viária do RICARDO LUIS MALDANER;R$ 101.500,00;R$ 1.928.500,00;R$ 2.030.000,00
Em análise de enquadramento;1077.2.1511/2017;Qualificação Viária;MG;Ingaí;Caixa Econômica Federal;Prefeitura Municipal de Ingaí;Qualificação Viária do Prefeitura Municipal de Ingaí;R$ 125.000,00;R$ 2.375.000,00;R$ 2.500.000,00
Selecionada pelo gestor da aplicação;478.24.0809/2017;Qualificação Viária;RS;Taquari;Banco Regional de Desenvolvimento do Extremo Sul – BRDE;Prefeitura Municipal de Taquari;Qualificação Viária do Prefeitura Municipal de Taquari;R$ 266.295,29;R$ 5.059.610,41;R$ 5.325.905,70
Pré-selecionada pelo Gestor da Aplicação;3316.3.0705/2018;Transporte Não Motorizado;RS;Doutor Maurício Cardoso;Caixa Econômica Federal;Prefeitura Municipal de Doutor Maurício Cardoso;Transporte Não Motorizado do Prefeitura Municipal de Doutor Maurício Cardoso;R$ 90.399,80;R$ 1.717.596,20;R$ 1.807.996,00
Pré-selecionada pelo Gestor da Aplicação;1145.24.2311/2017;Qualificação Viária;PR;Moreira Sales;Caixa Econômica Federal;Prefeitura Municipal de Moreira Sales;Qualificação Viária do Prefeitura Municipal de Moreira Sales;R$ 52.500,00;R$ 997.500,00;R$ 1.050.000,00
Pré-selecionada pelo Gestor da Aplicação;1219.4.0512/2017;Estudos e Projetos;PR;Paranaguá;Caixa Econômica Federal;Prefeitura Municipal de Paranaguá;Estudos e Projetos do Prefeitura Municipal de Paranaguá;R$ 53.000,00;R$ 1.007.000,00;R$ 1.060.000,00
Em análise de enquadramento;1591.24.2501/2018;Qualificação Viária;BA;Candeias;Caixa Econômica Federal;Prefeitura Municipal de Candeias;Qualificação Viária do Prefeitura Municipal de Candeias;R$ 1.001.998,03;R$ 19.037.962,53;R$ 20.039.960,56
Pré-selecionada pelo Gestor da Aplicação;1128.2.2111/2017;Qualificação Viária;RS;Campos Borges;Caixa Econômica Federal;Prefeitura Municipal de Campos Borges;Qualificação Viária do Prefeitura Municipal de Campos Borges;R$ 250.000,00;R$ 4.750.000,00;R$ 5.000.000,00
Selecionada pelo gestor da aplicação;1026.2.1011/2017;Qualificação Viária;RS;Maratá;Caixa Econômica Federal;Prefeitura Municipal de Maratá;Qualificação Viária do Prefeitura Municipal de Maratá;R$ 116.865,00;R$ 2.220.435,00;R$ 2.337.300,00
Selecionada pelo gestor da aplicação;1194.245.3011/2017;Qualificação Viária;PR;Colombo;Banco Regional de Desenvolvimento do Extremo Sul – BRDE;Prefeitura Municipal de Colombo;Qualificação Viária do Prefeitura Municipal de Colombo;R$ 1.000.000,00;R$ 19.000.000,00;R$ 20.000.000,00
Em análise de enquadramento;3731.24.1109/2018;Qualificação Viária;PI;São Miguel da Baixa Grande;Caixa Econômica Federal;PREFEITURA MUNICIPAL DE SÃO MIGUEL DA BAIXA GRANDE;Qualificação Viária do PREFEITURA MUNICIPAL DE SÃO MIGUEL DA BAIXA GRANDE;R$ 38.100,00;R$ 723.900,00;R$ 762.000,00
Não enquadrada pelo Agente Financeiro;809.24.1010/2017;Qualificação Viária;CE;Varjota;Caixa Econômica Federal;Prefeitura Municipal de Varjota;Qualificação Viária do Prefeitura Municipal de Varjota;R$ 110.030,00;R$ 2.090.570,00;R$ 2.200.600,00
Não enquadrada pelo Agente Financeiro;808.24.1010/2017;Qualificação Viária;CE;Varjota;Caixa Econômica Federal;Prefeitura Municipal de Varjota;Qualificação Viária do Prefeitura Municipal de Varjota;R$ 140.030,00;R$ 2.660.570,00;R$ 2.800.600,00
Pré-selecionada pelo Gestor da Aplicação;1602.2.2601/2018;Qualificação Viária;SP;Peruíbe;Caixa Econômica Federal;Prefeitura Municipal de Peruíbe;Qualificação Viária do Prefeitura Municipal de Peruíbe;R$ 68.434,25;R$ 1.300.250,75;R$ 1.368.685,00
Selecionada pelo gestor da aplicação;1621.2.0502/2018;Qualificação Viária;RS;Seberi;Banco Regional de Desenvolvimento do Extremo Sul – BRDE;Prefeitura Municipal de Seberi;Qualificação Viária do Prefeitura Municipal de Seberi;R$ 250.000,00;R$ 4.750.000,00;R$ 5.000.000,00
Selecionada pelo gestor da aplicação;1137.2.2211/2017;Qualificação Viária;RO;Vilhena;Caixa Econômica Federal;Prefeitura Municipal de Vilhena;Qualificação Viária do Prefeitura Municipal de Vilhena;R$ 1.000.000,00;R$ 19.000.000,00;R$ 20.000.000,00
Pré-selecionada pelo Gestor da Aplicação;1357.2.2012/2017;Qualificação Viária;PR;Pranchita;Caixa Econômica Federal;Prefeitura Municipal de Pranchita;Qualificação Viária do Prefeitura Municipal de Pranchita;R$ 55.007,06;R$ 1.045.134,04;R$ 1.100.141,10
Não enquadrada pelo Agente Financeiro;1123.2.2111/2017;Qualificação Viária;SC;Nova Trento;Caixa Econômica Federal;Prefeitura Municipal de Nova Trento;Qualificação Viária do Prefeitura Municipal de Nova Trento;R$ 229.995,00;R$ 4.369.905,00;R$ 4.599.900,00
Enquadrada pelo Agente Financeiro;1094.2.1611/2017;Qualificação Viária;MG;Novorizonte;Banco de Desenvolvimento de Minas Gerais – BDMG;Prefeitura Municipal de Novorizonte;Qualificação Viária do Prefeitura Municipal de Novorizonte;R$ 54.576,00;R$ 1.036.944,00;R$ 1.091.520,00
Devolvida ao Proponente;1296.23.1312/2017;Qualificação Viária;RJ;São Gonçalo;Caixa Econômica Federal;Prefeitura Municipal de São Gonçalo;Qualificação Viária do Prefeitura Municipal de São Gonçalo;R$ 9.248.631,18;R$ 175.723.992,41;R$ 184.972.623,59
Em análise de enquadramento;1320.24.1512/2017;Qualificação Viária;MA;Milagres do Maranhão;Bradesco;Prefeitura Municipal de Milagres do Maranhão;Qualificação Viária do Prefeitura Municipal de Milagres do Maranhão;R$ 215.450,00;R$ 4.093.550,00;R$ 4.309.000,00
Em análise de enquadramento;1521.2.1001/2018;Qualificação Viária;RS;Vale Real;Caixa Econômica Federal;MUNICÍPIO DE VALE REAL;Qualificação Viária do MUNICÍPIO DE VALE REAL;R$ 35.414,07;R$ 672.867,32;R$ 708.281,39
Pré-selecionada pelo Gestor da Aplicação;1139.2.2311/2017;Qualificação Viária;SC;Belmonte;Caixa Econômica Federal;Prefeitura Municipal de Belmonte;Qualificação Viária do Prefeitura Municipal de Belmonte;R$ 200.637,50;R$ 3.812.112,50;R$ 4.012.750,00
Pré-selecionada pelo Gestor da Aplicação;1279.2.1112/2017;Qualificação Viária;SC;Tangará;Caixa Econômica Federal;Prefeitura Municipal de Tangará;Qualificação Viária do Prefeitura Municipal de Tangará;R$ 249.553,38;R$ 4.741.124,60;R$ 4.990.677,98
Em análise de enquadramento;1485.2.0401/2018;Qualificação Viária;CE;Aracati;Caixa Econômica Federal;Prefeitura Municipal de Aracati;Qualificação Viária do Prefeitura Municipal de Aracati;R$ 559.979,17;R$ 10.639.604,21;R$ 11.199.583,38
Devolvida ao Proponente;1430.245.2712/2017;Qualificação Viária;PB;Santa Rita;Caixa Econômica Federal;Prefeitura Municipal de Santa Rita;Qualificação Viária do Prefeitura Municipal de Santa Rita;R$ 880.640,00;R$ 16.732.160,00;R$ 17.612.800,00
Devolvida ao Proponente;1615.24.1902/2018;Qualificação Viária;SC;Urussanga;Banco Regional de Desenvolvimento do Extremo Sul – BRDE;Prefeitura Municipal de Urussanga;Qualificação Viária do Prefeitura Municipal de Urussanga;R$ 302.500,00;R$ 5.747.500,00;R$ 6.050.000,00
Em análise de enquadramento;723.24.0310/2017;Qualificação Viária;RS;Sarandi;Caixa Econômica Federal;Prefeitura Municipal de Sarandi;Qualificação Viária do Prefeitura Municipal de Sarandi;R$ 265.891,61;R$ 5.051.940,49;R$ 5.317.832,10
Não enquadrada pelo Agente Financeiro;188.24.2208/2017;Qualificação Viária;PE;Pesqueira;Caixa Econômica Federal;Prefeitura Municipal de Pesqueira;Qualificação Viária do Prefeitura Municipal de Pesqueira;R$ 300.000,00;R$ 5.700.000,00;R$ 6.000.000,00
